sep=,
"Architecture/PV (kW)","Architecture/Gen (kW)","Architecture/1kWh LI (#)","Architecture/Grid (kW)","Architecture/Converter (kW)","Architecture/Dispatch","Cost/NPC ($)","Cost/LCOE ($/kWh)","Cost/Operating cost ($/yr)","Cost/CAPEX ($)","System/Ren Frac (%)","System/Total Fuel (L/yr)","Project Economics/IRR (%)","Project Economics/Simple Payback (yr)","Gen/Hours","Gen/Production (kWh)","Gen/Fuel (L)","Gen/O&M Cost ($/yr)","Gen/Fuel Cost ($/yr)","PV/CAPEX","PV/Energy Production (kWh/yr)","1kWh LI/Auxiliary Load Percent (%)","1kWh LI/Autonomy (hr)","1kWh LI/Annual Throughput (kWh/yr)","1kWh LI/Nominal Capacity (kWh)","1kWh LI/Accessible Capacity (kWh)","Converter/Rectifier Mean Output (kW)","Converter/Inverter Mean Output (kW)","Grid/Energy Purchased (kWh)","Grid/Energy Sold (kWh)"
"24.3975063713587","110","52","999999","25.3801129834481","CC","224182.8","0.1520644","10644.81","86571.79","31.60806","7128.413","52.93884","2.077771","475","22428.73","7128.413","1567.5","3207.786","21957.76","44991.25","0","3.772594","8801.269","52.0001","44.20009","0.809665","4.980278","55565.86","11407.57"
"26.3020116987111","110","52","999999","24.8315195131644","CC","224223.9","0.149561","10528.14","88121.27","33.21354","7146.122","51.50785","2.141234","478","22454.64","7146.122","1577.4","3215.755","23671.81","48503.34","0","3.772594","8626.511","52.0001","44.20009","0.7847209","5.236748","54998.16","13337.76"
"24.6252566084582","110","53","999999","24.1601765699649","CC","224579.3","0.152128","10668.6","86660.78","31.85882","7178.958","52.80371","2.08388","482","22528.28","7178.958","1590.6","3230.531","22162.73","45411.25","0","3.845144","8611.37","53.00011","45.05009","0.7753269","4.985355","55285.25","11561.53"
"28.3100140941069","110","51","999999","25.5497180169538","CC","224636.7","0.1470681","10422.94","89893.93","34.69901","7170.083","49.93493","2.215612","481","22507.04","7170.083","1587.3","3226.537","25479.01","52206.28","0","3.700044","8562.5","51.0001","43.35009","0.7838983","5.518703","54648.45","15520.59"
"26.4613818417438","110","54","999999","24.8527518001403","CC","224712.9","0.1496986","10515.7","88771.07","33.33294","7110.895","50.87801","2.17061","474","22370.87","7110.895","1564.2","3199.903","23815.24","48797.23","0","3.917694","8713.821","54.00011","45.90009","0.7936097","5.266674","55040.83","13483.84"
"25.8777651113114","110","51","999999","25.9876003130554","CC","224829.6","0.1503524","10597.03","87836.27","32.80599","7220.398","51.68582","2.133566","483","22687.51","7220.398","1593.9","3249.179","23289.99","47720.98","0","3.700044","8831.726","51.0001","43.35009","0.8197978","5.206596","55037.12","13038.93"
"24.9736793126525","110","54","999999","29.4182314086142","CC","224879.3","0.1517807","10526.19","88801.78","31.92325","7007.014","50.8334","2.172653","451","22307.34","7007.014","1488.3","3153.156","22476.31","46053.77","0","3.917694","9782.006","54.00011","45.90009","0.9288529","5.162733","55714.59","11975.76"
"24.2117402229393","110","56","999999","29.8379190270621","CC","224882","0.1528032","10531.03","88741.95","31.19415","6948.915","50.88132","2.170365","438","22274.05","6948.915","1445.4","3127.011","21790.57","44648.68","0","4.062794","10234.76","56.00011","47.60009","0.989664","5.10421","56056.73","11210.17"
"28.5305923365712","110","54","999999","23.8562747883912","CC","224902","0.1472841","10409.39","90334.41","34.89426","7130.715","49.54261","2.235013","479","22372.97","7130.715","1580.7","3208.822","25677.53","52613.04","0","3.917694","8343.448","54.00011","45.90009","0.7447752","5.504222","54529.73","15486.66"
"23.7606610745133","110","56","999999","28.5817146588914","CC","224911.3","0.1535348","10593.85","87959.11","30.93148","6981.651","51.56937","2.138681","447","22265.37","6981.651","1475.1","3141.743","21384.6","43816.85","0","4.062794","9884.65","56.00011","47.60009","0.9380857","4.995496","55999.98","10682.47"
"23.0501095058647","110","53","999999","26.0815118623132","CC","224924.1","0.1543915","10760.35","85819.55","30.40659","7171.389","53.56908","2.051396","475","22610.85","7171.389","1567.5","3227.125","20745.1","42506.53","0","3.845144","9157.908","53.00011","45.05009","0.8518308","4.81872","55816.15","10060.1"
"22.2857378199417","110","52","999999","23.8703684978928","CC","224931.3","0.1554656","10884.77","84218.27","29.75307","7274.327","55.19484","1.985217","491","22785.02","7274.327","1620.3","3273.447","20057.16","41096.96","0","3.772594","8707.328","52.0001","44.20009","0.7955874","4.655","55834.04","9285.11"
"24.2281363947458","110","55","999999","26.0554108754927","CC","225012.8","0.152905","10647.12","87371.95","31.44637","7105.63","52.08681","2.115564","467","22463.2","7105.63","1541.1","3197.533","21805.32","44678.92","0","3.990244","9157.606","55.00011","46.7501","0.8509392","4.990196","55573.88","11200.59"
"25.61513254422","110","52","999999","29.4480172098528","CC","225016","0.1509332","10530.1","88888.02","32.47363","7078.815","50.7429","2.177051","462","22431.46","7078.815","1524.6","3185.467","23053.62","47236.67","0","3.772594","9503.732","52.0001","44.20009","0.8987233","5.231799","55441.59","12689.37"
"21.2081240432795","110","53","999999","25.6028990451043","CC","225037.9","0.1569836","10908.5","84018.18","28.66668","7179.973","55.39099","1.977511","477","22614.47","7179.973","1574.1","3230.988","19087.31","39109.74","0","3.845144","9190.488","53.00011","45.05009","0.8582429","4.544919","56485.95","8255.418"
"22.9717497120519","110","55","999999","24.8602030018732","CC","225040.1","0.154706","10764.44","85882.63","30.39226","7146.847","53.49252","2.054681","474","22523.22","7146.847","1564.2","3216.081","20674.57","42362.02","0","3.990244","9013.524","55.00011","46.7501","0.8239712","4.783075","55800.86","9889.051"
"24.6501236373165","110","59","999999","29.7697403435458","CC","225101.5","0.1524832","10461.06","89866.03","31.63134","6853.974","49.90986","2.21674","428","22035.49","6853.974","1412.4","3084.288","22185.11","45457.1","0","4.280443","10346.02","59.00012","50.1501","0.9934052","5.173759","56037.09","11560.48"
"25.0032581799899","110","56","999999","30.7315566942054","CC","225172.8","0.1519296","10477.68","89722.4","31.8141","6955.233","50.01591","2.211727","436","22333.58","6955.233","1438.8","3129.855","22502.93","46108.31","0","4.062794","10324.34","56.00011","47.60009","1.000408","5.22841","55838.75","12012.84"
"23.8509919597021","110","54","999999","26.9941989723787","CC","225173.7","0.1534995","10683.38","87064.16","31.0588","7127.782","52.34918","2.104045","468","22540.7","7127.782","1544.4","3207.502","21465.89","43983.43","0","3.917694","9339.309","54.00011","45.90009","0.8771176","4.956751","55689.51","10840.78"
"25.754606746755","110","56","999999","31.7391430818276","CC","225177.3","0.150859","10402.34","90700.89","32.39678","6928.897","49.22021","2.250867","430","22320.24","6928.897","1419","3118.004","23179.15","47493.87","0","4.062794","10503","56.00011","47.60009","1.026013","5.362977","55735.63","12828.74"
"24.6495704776187","110","56","999999","28.3006822986537","CC","225180.7","0.1525058","10559.32","88674.82","31.72356","7005.846","50.90752","2.169377","452","22286.02","7005.846","1491.6","3152.631","22184.61","45456.08","0","4.062794","9627.344","56.00011","47.60009","0.9054747","5.09659","55697.06","11583.64"
"26.0215227719987","110","54","999999","34.7900828958133","CC","225180.9","0.1504777","10351.91","91356.4","32.54832","6950.406","48.71024","2.27657","423","22526.04","6950.406","1395.9","3127.683","23419.37","47986.09","0","3.917694","10823.27","54.00011","45.90009","1.066893","5.434134","55553.51","13123.22"
"29.8066724271542","110","52","999999","28.1746889649141","CC","225208.7","0.1454879","10282.74","92278.41","35.77092","7097.773","47.99806","2.313951","468","22413.53","7097.773","1544.4","3193.998","26826.01","54966.25","0","3.772594","8933.59","52.0001","44.20009","0.8297838","5.773725","54495.07","17108.05"
"26.4073804758232","110","53","999999","26.5066878840797","CC","225212","0.1500165","10539.02","88968.65","33.20986","7168.974","50.64665","2.181818","475","22600.61","7168.974","1567.5","3226.038","23766.64","48697.64","0","3.845144","9064.402","53.00011","45.05009","0.8433245","5.301425","54961.53","13495.09"
"32.1703034783808","110","55","999999","26.3106099568031","CC","225214","0.1429317","10103.84","94596.45","37.36329","7007.49","46.3283","2.405253","459","22178.34","7007.49","1514.7","3153.371","28953.27","59325.01","0","3.990244","8829.637","55.00011","46.7501","0.8024204","6.051934","54166.71","19252.44"
"24.5600333194633","110","55","999999","23.854664244947","CC","225226.3","0.1526929","10691.6","87010.43","31.8228","7193.64","52.39317","2.102205","482","22590.5","7193.64","1590.6","3237.138","22104.03","45290.96","0","3.990244","8635.098","55.00011","46.7501","0.7735329","4.974952","55199.59","11466.82"
"27.3743419893284","110","53","999999","28.3732943542343","CC","225244.5","0.1488137","10430.89","90398.9","33.92429","7087.375","49.45713","2.23932","465","22418.6","7087.375","1534.5","3189.319","24636.91","50480.81","0","3.845144","9232.681","53.00011","45.05009","0.86103","5.451696","54945.23","14450.58"
"24.3748330466262","110","50","999999","24.7052755304771","CC","225253.8","0.152636","10783.57","85848.93","31.53134","7345.631","53.49126","2.055014","499","22956.17","7345.631","1646.7","3305.534","21937.35","44949.44","0","3.627494","8646.905","50.0001","42.50008","0.799097","4.965627","55205.15","11523.31"
"23.9857462942245","110","51","999999","26.5323189507711","CC","225256.8","0.1531907","10749.16","86296.87","31.16976","7263.437","53.05997","2.073279","485","22837.14","7263.437","1600.5","3268.547","21587.17","44231.93","0","3.700044","9079.303","51.0001","43.35009","0.8533583","4.956905","55453.45","11111.42"
"25.4216478736064","110","57","999999","29.3155816230756","CC","225264","0.1514457","10469.13","89924.16","32.26804","6961.19","49.84034","2.220338","441","22276.93","6961.19","1455.3","3132.535","22879.48","46879.86","0","4.135344","10073.91","57.00011","48.4501","0.964062","5.261916","55654.63","12425.73"
"24.5124793820136","110","52","999999","28.5324114019873","CC","225272.5","0.1525696","10647.95","87620.95","31.56831","7148.277","51.82685","2.127391","470","22594.8","7148.277","1551","3216.725","22061.23","45203.27","0","3.772594","9411.981","52.0001","44.20009","0.8911988","5.064337","55564.81","11582.47"
"26.7055536216388","110","57","999999","25.9068240971289","CC","225274.1","0.1497731","10459.63","90057.05","33.51766","7018.18","49.73211","2.225749","461","22190.88","7018.18","1521.3","3158.181","24035","49247.5","0","4.135344","9008.211","57.00011","48.4501","0.8259795","5.331801","55160.61","13715.89"
"23.3862659127978","110","54","999999","30.3668065324294","CC","225285","0.1542172","10646.08","87657.68","30.53758","7031.712","51.79401","2.128763","451","22412.01","7031.712","1488.3","3164.271","21047.64","43126.43","0","3.917694","9991.25","54.00011","45.90009","0.9579357","4.957704","56081.61","10368.51"
"24.5032001453116","110","56","999999","24.2334582084968","CC","225326.3","0.1528803","10675.17","87322.91","31.79045","7150.246","52.09396","2.115479","477","22488.49","7150.246","1574.1","3217.611","22052.88","45186.16","0","4.062794","8737.502","56.00011","47.60009","0.7837147","4.975571","55277.63","11377.57"
"29.3208844830296","110","55","999999","32.8027664013042","CC","225327.2","0.1462158","10160.31","93979.63","35.09939","6951.563","46.74899","2.381372","427","22465.43","6951.563","1409.1","3128.203","26388.8","54070.41","0","3.990244","10467.19","55.00011","46.7501","1.020429","5.868351","54901.1","16574.66"
"23.6782309102419","110","54","999999","27.2521697188193","CC","225381.9","0.153848","10705.52","86986.06","30.89999","7143.135","52.39518","2.102153","469","22589.38","7143.135","1547.7","3214.411","21310.41","43664.84","0","3.917694","9349.72","54.00011","45.90009","0.8798977","4.934015","55715.73","10688.38"
"24.8884327025772","110","51","999999","29.5779751389116","CC","225400.9","0.1520822","10626.79","88022.98","31.83041","7166.528","51.44932","2.144607","470","22672.14","7166.528","1551","3224.938","22399.59","45896.57","0","3.700044","9539.673","51.0001","43.35009","0.9084962","5.134003","55482.14","12013.8"
"24.0199997615767","110","55","999999","31.062339082872","CC","225407.9","0.1534181","10575.98","88686.7","30.97244","7023.428","50.86447","2.171519","442","22524.3","7023.428","1458.6","3160.543","21618","44295.09","0","3.990244","10346.59","55.00011","46.7501","1.004955","5.090002","55926.97","11019.08"
"23.8064507840686","110","59","999999","29.4389428465007","CC","225440.8","0.1537831","10553.71","89007.49","30.8765","6901.754","50.58585","2.18459","433","22156.08","6901.754","1428.9","3105.79","21425.81","43901.29","0","4.280443","10333.32","59.00012","50.1501","0.9972271","5.050669","56229.22","10765.9"
"25.5729702742282","110","56","999999","27.2103885863281","CC","225526.1","0.1514652","10547.06","89178.79","32.54773","7067.175","50.43346","2.192025","462","22382.13","7067.175","1524.6","3180.229","23015.67","47158.91","0","4.062794","9334.871","56.00011","47.60009","0.8685833","5.203022","55307.94","12544.81"
"23.2849762461113","110","53","999999","28.8089070333006","CC","225533.6","0.1544701","10727.85","86849.15","30.49755","7138.792","52.50438","2.097434","467","22603.73","7138.792","1541.1","3212.456","20956.48","42939.64","0","3.845144","9588.585","53.00011","45.05009","0.9103506","4.901575","55893.05","10307.99"
"22.4177356167793","110","50","999999","25.0630052956046","CC","225533.7","0.1555452","10933.17","84194.87","29.78582","7387.542","55.13482","1.987983","500","23117.4","7387.542","1650","3324.394","20175.96","41340.37","0","3.627494","8882.718","50.0001","42.50008","0.8258954","4.697874","55635.12","9527.38"
"22.0081085693738","110","57","999999","25.6276543578387","CC","225538.2","0.1564267","10813.57","85745.59","29.48851","7083.136","53.56143","2.052041","466","22384.26","7083.136","1537.8","3187.411","19807.3","40584.98","0","4.135344","9269.755","57.00011","48.4501","0.8553429","4.664623","56257.64","8897.57"
"31.7483392684969","110","57","999999","31.0369160820554","CC","225546.8","0.1432777","10010.6","96134.58","36.95308","6877.04","45.2725","2.466388","428","22133.24","6877.04","1412.4","3094.668","28573.51","58546.87","0","4.135344","10084.92","57.00011","48.4501","0.9655191","6.16427","54639.44","19137.68"
"25.325960304077","110","53","999999","28.1072111259941","CC","225548.2","0.1517074","10603.17","88475.53","32.28404","7158.972","51.03376","2.163856","471","22623.74","7158.972","1554.3","3221.538","22793.37","46703.41","0","3.845144","9310.395","53.00011","45.05009","0.8752794","5.171413","55253.14","12372.18"
"24.0253653220488","110","58","999999","30.6293556316783","CC","225559.5","0.1535381","10539.37","89311.63","30.99409","6927.045","50.31279","2.197663","432","22279.64","6927.045","1425.6","3117.17","21622.83","44304.99","0","4.207893","10496.92","58.00011","49.3001","1.020814","5.103137","56138.43","11006.61"
"25.6677516549007","110","50","999999","23.7536706175999","CC","225559.8","0.1511531","10739.32","86727.08","32.66973","7405.867","52.60913","2.093112","508","23064.03","7405.867","1676.4","3332.64","23100.98","47333.7","0","3.627494","8290.227","50.0001","42.50008","0.7510345","5.114774","54657.24","12799.84"
"29.1740761761363","110","50","999999","36.1375761887553","CC","225563","0.1465286","10208.07","93597.95","35.05269","7084.724","47.07101","2.36323","431","22964.21","7084.724","1422.3","3188.126","26256.67","53799.69","0","3.627494","10670.22","50.0001","42.50008","1.053658","5.874432","54373.5","16444.58"
"25.0220236955616","110","49","999999","32.0484764511612","CC","225563.7","0.1519812","10611.42","88384.37","31.91471","7254.711","51.13004","2.159272","467","23094.97","7254.711","1541.1","3264.62","22519.82","46142.92","0","3.554944","9939.311","49.0001","41.65008","0.9649709","5.201555","55070.97","12172.88"
"30.9368869429222","110","56","999999","36.2697864940936","CC","225572.8","0.1442827","9967.004","96724.13","36.1826","6854.93","44.89959","2.488405","404","22432.62","6854.93","1333.2","3084.719","27843.2","57050.47","0","4.062794","11251.02","56.00011","47.60009","1.107952","6.174452","54745.88","18303.41"
"28.6101836784352","110","57","999999","38.3775746009436","CC","225593.5","0.1473428","10062.34","95512.44","34.46348","6779.061","45.71314","2.439821","389","22356.77","6779.061","1283.7","3050.577","25749.17","52759.82","0","4.135344","11689.97","57.00011","48.4501","1.17029","5.895549","55261.85","15802.65"
"31.5039850691241","110","52","999999","22.9845298467074","CC","225620","0.144999","10316.83","92248.95","36.52568","7176.314","47.94334","2.317613","490","22386.05","7176.314","1617","3229.341","28353.59","58096.25","0","3.772594","7914.929","52.0001","44.20009","0.6938895","5.769046","54014.36","17731.24"
"26.2755013861531","110","61","999999","29.6585390767814","CC","225641.7","0.150632","10353.59","91795.52","32.99259","6838.683","48.31797","2.297135","425","22019.83","6838.683","1402.5","3077.407","23647.95","48454.45","0","4.425543","10268.43","61.00012","51.85011","0.9809417","5.400166","55624.53","13241.25"
"24.0921489785534","110","56","999999","33.4137046779916","CC","225653.2","0.1534789","10516.03","89707.05","30.8863","6959.55","49.96946","2.214251","426","22515.65","6959.55","1405.8","3131.798","21682.93","44428.14","0","4.062794","10940.84","56.00011","47.60009","1.077131","5.163322","56087.86","11097.69"
"29.5210669157741","110","58","999999","27.7191691572906","CC","225670.3","0.1463047","10232.87","93384.71","35.63231","6938.001","47.1403","2.360146","449","22047.64","6938.001","1481.7","3122.1","26568.96","54439.57","0","4.207893","9219.52","58.00011","49.3001","0.852347","5.754725","54753.72","16683.6"
"31.963752546476","110","49","999999","24.8871182014067","CC","225683.3","0.1436093","10303.58","92483.52","37.03174","7298.879","47.76933","2.32687","497","22790.8","7298.879","1640.1","3284.496","28767.38","58944.11","0","3.554944","8216.191","49.0001","41.65008","0.7445251","5.937066","53755.37","18930.06"
"22.8947625969008","110","56","999999","27.4209577094957","CC","225717.5","0.1552226","10743.44","86831.57","30.22482","7100.631","52.49765","2.09782","463","22507.53","7100.631","1527.9","3195.284","20605.29","42220.05","0","4.062794","9550.62","56.00011","47.60009","0.8991279","4.835363","55979.21","9852.144"
"24.0671138937952","110","63","999999","30.1431639203436","CC","225730.6","0.153668","10464.29","90453.35","31.10119","6766.514","49.35611","2.244326","414","21894.15","6766.514","1366.2","3044.931","21660.4","44381.98","0","4.570643","10659.98","63.00013","53.55011","1.031848","5.123117","56395.39","10996.72"
"25.2566319188145","110","53","999999","30.6482679268964","CC","225737","0.1519284","10563.63","89175.45","32.06428","7109.798","50.40744","2.193408","458","22628.27","7109.798","1511.4","3199.409","22730.97","46575.56","0","3.845144","9900.288","53.00011","45.05009","0.9483088","5.222433","55453","12301"
"25.9487337521733","110","49","999999","25.2283344356276","CC","225755.8","0.1507641","10720.04","87172.36","32.81459","7415.497","52.16788","2.112681","506","23137.59","7415.497","1669.8","3336.974","23353.86","47851.86","0","3.554944","8543.38","49.0001","41.65008","0.791617","5.187505","54684.13","13198.24"
"22.8057541455989","110","58","999999","29.2368739130642","CC","225761.1","0.1552922","10672.18","87796.24","29.97715","6976.71","51.60355","2.137681","442","22326.33","6976.71","1458.6","3139.52","20525.18","42055.91","0","4.207893","10240.74","58.00011","49.3001","0.9919511","4.898369","56418.89","9823.408"
"24.6342840708486","110","53","999999","31.6039290832122","CC","225775.1","0.1527925","10587.73","88902.03","31.48837","7096.444","50.63518","2.182597","453","22653.57","7096.444","1494.9","3193.4","22170.86","45427.89","0","3.845144","10146.7","53.00011","45.05009","0.9790922","5.156935","55657.54","11670.33"
"23.4624613327342","110","57","999999","31.4638747618373","CC","225812.7","0.1544679","10598.11","88805.38","30.46642","6980.348","50.71233","2.178885","435","22456.39","6980.348","1435.5","3141.157","21116.21","43266.94","0","4.135344","10585.38","57.00011","48.4501","1.034027","5.033715","56173.87","10449.38"
"24.2410683004489","110","51","999999","30.2026786323574","CC","225846.2","0.1531886","10691.8","87627.77","31.21532","7205.042","51.74563","2.131445","471","22818.97","7205.042","1554.3","3242.269","21816.96","44702.77","0","3.700044","9696.953","51.0001","43.35009","0.9339755","5.060631","55625.63","11410.67"
"22.1576641545466","110","52","999999","29.9513508914176","CC","225878.8","0.1561676","10825.86","85927.3","29.38038","7181.898","53.33569","2.061816","468","22770.03","7181.898","1544.4","3231.854","19941.9","40860.78","0","3.772594","9884.912","52.0001","44.20009","0.9529465","4.767772","56242.28","9251.333"
"22.0631162927188","110","54","999999","34.5056499677541","CC","225896.3","0.1563376","10689.43","87708.5","29.13221","7039.807","51.69384","2.133463","431","22773.87","7039.807","1422.3","3167.913","19856.8","40686.42","0","3.917694","11019.26","54.00011","45.90009","1.090278","4.874444","56436.04","9138.344"
"24.5882465731265","110","59","999999","31.6034767990502","CC","225940.9","0.153084","10487.74","90360.47","31.47359","6906.357","49.40583","2.242086","427","22273.86","6906.357","1409.1","3107.861","22129.42","45343","0","4.280443","10653.33","59.00012","50.1501","1.035488","5.201521","55962.38","11536.43"
"23.8114850142665","110","58","999999","27.0205491882939","CC","225963.4","0.1541825","10669.25","88036.5","31.0564","7045.078","51.3697","2.148534","459","22337.62","7045.078","1514.7","3170.285","21430.34","43910.57","0","4.207893","9480.228","58.00011","49.3001","0.8869037","4.959722","55821.87","10734.27"
"23.4337574930864","110","52","999999","31.6321378538465","CC","226042.3","0.1544741","10710.67","87580.02","30.41899","7165.372","51.76271","2.13075","460","22831.02","7165.372","1518","3224.417","21090.38","43214.01","0","3.772594","10114.56","52.0001","44.20009","0.9870365","4.98687","55929.72","10559.82"
"35.069706043731","110","56","999999","33.0887690044306","CC","226065.8","0.1395116","9791.244","99489.37","39.08034","6894.962","43.16707","2.597943","422","22307.46","6894.962","1392.6","3102.733","31562.74","64671.77","0","4.062794","10329.79","56.00011","47.60009","0.9884095","6.650576","54052.71","22712.65"
"21.7297868160745","110","50","999999","26.4881698868862","CC","226073.8","0.1568435","10989.78","84003.26","29.0899","7405.53","55.26326","1.983208","498","23226.38","7405.53","1643.4","3332.488","19556.81","40071.73","0","3.627494","9228.851","50.0001","42.50008","0.8720929","4.635864","55837.25","8865.355"
"23.3127289002329","110","59","999999","28.2082746896085","CC","226103.1","0.1550113","10667.88","88193.94","30.6065","6989.175","51.2153","2.15566","450","22248.12","6989.175","1485","3145.129","20981.46","42990.82","0","4.280443","9756.002","59.00012","50.1501","0.9190144","4.913959","56049.21","10197.91"
"23.0906221993797","110","58","999999","32.1818407142217","CC","226184.6","0.1551801","10616.77","88936.11","30.08271","6969.403","50.55322","2.186631","430","22491.9","6969.403","1419","3136.231","20781.56","42581.24","0","4.207893","10852.73","58.00011","49.3001","1.069215","5.010386","56339.02","10115.79"
"21.15","110","55","999999","23.3333333333333","CC","226203.8","0.1579909","11016.72","83785","28.70355","7316.057","55.47954","1.974765","494","22912.73","7316.057","1630.2","3292.226","19035","39002.55","0","3.990244","8781.145","55.00011","46.7501","0.7956181","4.484678","56049.75","8119.298"
"20.8717035043652","110","59","999999","28.8799051867673","CC","226258.1","0.1583328","10834.22","86198.51","28.18554","6988.782","53.01986","2.07545","444","22344.73","6988.782","1465.2","3144.952","18784.53","38489.35","0","4.280443","10370.79","59.00012","50.1501","1.003171","4.616739","57038.73","7906.621"
"25.744917896824","110","50","999999","21.4598390609024","CC","226276.9","0.1518051","10842.65","86108.38","32.60716","7504.983","53.09521","2.072673","526","23189.25","7504.983","1735.8","3377.243","23170.43","47476","0","3.627494","7722.952","50.0001","42.50008","0.6770526","5.039946","54516.38","12669.46"
"25.6079371795407","110","49","999999","26.932288421684","CC","226277.2","0.1516254","10744.55","87376.83","32.47136","7427.272","51.91586","2.124243","503","23236.63","7427.272","1659.9","3342.272","23047.14","47223.4","0","3.554944","8876.784","49.0001","41.65008","0.8351109","5.175347","54718","12806.32"
"24.4341394877057","110","60","999999","27.989096141728","CC","226284","0.1535806","10589.55","89387.45","31.61164","6960.528","50.16936","2.205069","449","22143.1","6960.528","1481.7","3132.238","21990.72","45058.81","0","4.352993","9623.667","60.00012","51.0001","0.9001792","5.064785","55801.23","11340.07"
"26.2250239816085","110","42","999999","30.6815036373249","CC","226304.5","0.1507831","10752.07","87306.98","32.94209","7562.224","52.05094","2.117314","510","23693.87","7562.224","1683","3403.001","23602.52","48361.36","0","3.047095","9071.292","42.00008","35.70007","0.8907801","5.304695","54159.16","13465.16"
"28.7321896902324","110","44","999999","33.322848991637","CC","226308.1","0.147372","10477.83","90855.83","34.77422","7405.385","49.04786","2.259448","481","23504.19","7405.385","1587.3","3332.423","25858.97","52984.81","0","3.192195","9679.783","44.00009","37.40007","0.9633342","5.729877","53975.75","16154.27"
"19.4097776065493","110","50","999999","24.8644627307913","CC","226308.7","0.1599977","11207.14","81428.14","26.84854","7463.608","58.13527","1.875955","506","23341.48","7463.608","1669.8","3358.624","17468.8","35793.42","0","3.627494","9182.882","50.0001","42.50008","0.8685825","4.280941","56696.37","6780.843"
"31.7843002680723","110","40","999999","25.9156909649261","CC","226325.7","0.1438083","10515.95","90380.58","36.85076","7661.088","49.31378","2.247985","541","23605.11","7661.088","1785.3","3447.49","28605.87","58613.18","0","2.901995","7761.619","40.00008","34.00007","0.7313312","5.918167","53273.03","19107.38"
"30.4669094702936","110","58","999999","24.5350729817805","CC","226329.6","0.1459029","10291.91","93280.74","36.21764","7063.474","47.1301","2.361491","470","22235.42","7063.474","1551","3178.563","27420.22","56183.79","0","4.207893","8481.785","58.00011","49.3001","0.7569635","5.770248","54300.09","17361.76"
"22.6002829910857","110","49","999999","26.7529127462033","CC","226375.5","0.1558465","10965.71","84616.13","29.86272","7462.102","54.58037","2.010696","505","23351.47","7462.102","1666.5","3357.946","20340.25","41677.01","0","3.554944","9091.852","49.0001","41.65008","0.8631854","4.755007","55455.79","9728.403"
"31.725","110","55","999999","23.3333333333333","CC","226397.5","0.1452012","10295.48","93302.5","36.74542","7162.257","47.08865","2.364136","484","22424.75","7162.257","1597.2","3223.016","28552.5","58503.82","0","3.990244","8112.214","55.00011","46.7501","0.7061555","5.821866","53867.13","17977.8"
"22.9100734544368","110","45","999999","31.4768915812414","CC","226413.2","0.1554409","10914.78","85312.13","30.1414","7461.041","53.95364","2.035443","494","23527.13","7461.041","1630.2","3357.469","20619.07","42248.29","0","3.264745","9681.4","45.00009","38.25008","0.9464281","4.873606","55184.91","10040.33"
"30.155344033276","110","60","999999","27.8295315119069","CC","226421.9","0.1459446","10205.61","94488.67","36.09022","6929.9","46.28348","2.408445","447","22046.07","6929.9","1475.1","3118.455","27139.81","55609.23","0","4.352993","9252.109","60.00012","51.0001","0.8558193","5.848866","54651.71","17376.42"
"22.9991603400471","110","60","999999","26.8635447842136","CC","226529.6","0.1556913","10734.57","87758.3","30.34777","7033.49","51.54654","2.140807","457","22321.27","7033.49","1508.1","3165.07","20699.24","42412.57","0","4.352993","9609.177","60.00012","51.0001","0.8998528","4.852087","56072.3","9916.945"
"32.0645229136396","110","47","999999","35.5848455683999","CC","226550.3","0.1432908","10154.06","95283.52","37.10397","7280.738","45.80102","2.434843","453","23434.55","7280.738","1494.9","3276.332","28858.07","59129.94","0","3.409845","10290.46","47.0001","39.95008","1.021558","6.255744","53488.14","19668.31"
"26.4375","110","45","999999","24.0367130136745","CC","226608.3","0.1505194","10856.96","86254.77","33.076","7658.91","52.90881","2.080976","538","23645.01","7658.91","1775.4","3446.509","23793.75","48753.19","0","3.264745","8012.442","45.00009","38.25008","0.7490264","5.217778","54293.13","13824.66"
"34.1032905909558","110","49","999999","26.8130715175854","CC","226609.1","0.1414435","10181.55","94986.88","38.41277","7318.546","45.89791","2.431453","494","22923.28","7318.546","1630.2","3293.346","30692.96","62889.61","0","3.554944","8490.74","49.0001","41.65008","0.7791851","6.269217","53402.28","21297.78"
"22.502471674643","110","60","999999","31.5839330306735","CC","226664.9","0.1563487","10670.07","88727.41","29.60924","6954.028","50.67411","2.181225","430","22426.74","6954.028","1419","3129.313","20252.22","41496.63","0","4.352993","10837.87","60.00012","51.0001","1.063666","4.918128","56512.09","9510.699"
"31.725","110","55","999999","40.8333333333333","CC","226684.6","0.1440344","9911.581","98552.5","36.68213","6892.89","43.73062","2.559619","388","22855.53","6892.89","1280.4","3101.8","28552.5","58503.82","0","3.990244","11901.38","55.00011","46.7501","1.189732","6.350249","54228.98","19109.07"
"29.248568295218","110","47","999999","30.042413618025","CC","226707.7","0.1469642","10490.9","91086.44","35.22218","7426.619","48.73308","2.277095","498","23315.75","7426.619","1643.4","3341.979","26323.71","53937.06","0","3.409845","9058.718","47.0001","39.95008","0.8672281","5.723472","53981.86","16694.22"
"35.7777731752839","110","59","999999","31.6442414968275","CC","226757.5","0.1391533","9770.958","100443.3","39.58637","6855.486","42.55858","2.638887","423","22123.79","6855.486","1395.9","3084.969","32200","65977.52","0","4.280443","10136.76","59.00012","50.1501","0.9615522","6.718026","54029.35","23419.89"
"27.6947620312818","110","62","999999","34.7054609107624","CC","226791.5","0.1493784","10207.26","94836.92","33.78958","6809.783","46.00216","2.424425","402","22274.05","6809.783","1326.6","3064.402","24925.29","51071.7","0","4.498093","11480.14","62.00013","52.7001","1.135882","5.737451","55484.85","14809.06"
"24.9634007756639","110","64","999999","33.0132275250874","CC","226846.9","0.1532087","10402.29","92371.03","31.73887","6795.616","47.74715","2.327896","406","22148.51","6795.616","1339.8","3058.027","22467.06","46034.81","0","4.643193","11353.89","64.00013","54.40011","1.108461","5.323012","56033.63","11900.88"
"17.5282466863378","110","56","999999","25.8146496219694","CC","226873.4","0.1628782","11243.74","81519.82","24.8247","7218.623","57.93095","1.883491","475","22811.01","7218.623","1567.5","3248.38","15775.42","32323.7","0","4.062794","9875.865","56.00011","47.60009","0.9498953","4.063486","58188.21","5114.083"
"23.703059435321","110","47","999999","25.3022062881359","CC","226983.1","0.154558","11008.28","84673.41","30.86331","7615.387","54.43639","2.017014","529","23607.98","7615.387","1745.7","3426.924","21332.75","43710.63","0","3.409845","8449.838","47.0001","39.95008","0.7936696","4.858898","54932.84","10969.2"
"29.0821949782546","110","45","999999","24.2084618289924","CC","227029.4","0.1474612","10701.43","88686.52","34.93503","7648.661","50.63844","2.184005","537","23617.96","7648.661","1772.1","3441.897","26173.97","53630.25","0","3.264745","7920.636","45.00009","38.25008","0.7444037","5.566967","53870.38","16460.75"
"25.1452681681344","110","48","999999","27.6076141583781","CC","227043.5","0.1526597","10839.7","86913.02","32.05593","7510.585","52.24511","2.110088","513","23425.9","7510.585","1692.9","3379.763","22630.74","46370.2","0","3.482394","8785.88","48.0001","40.80008","0.8338687","5.106204","54740.65","12412.41"
"32.1204161139588","110","64","999999","34.1050827630701","CC","227077.1","0.1438027","9896.506","99139.9","37.03804","6707.853","43.27214","2.591517","394","21973.12","6707.853","1300.2","3018.534","28908.38","59233.01","0","4.643193","11304.78","64.00013","54.40011","1.101076","6.334472","54934.51","19516.34"
"24.7191182172382","110","67","999999","27.5132594639746","CC","227084.5","0.1539119","10507.3","91251.19","31.91752","6771.529","48.5764","2.28475","429","21669.74","6771.529","1415.7","3047.188","22247.21","45584.33","0","4.860842","9744.068","67.00014","56.95012","0.8952257","5.103757","56032.87","11497.07"
"29.3098982875764","110","67","999999","31.9959960878668","CC","227119.5","0.1475514","10086.38","96727.71","35.2268","6667.456","44.73585","2.499447","398","21736.42","6667.456","1313.4","3000.355","26378.91","54050.16","0","4.860842","10918.64","67.00014","56.95012","1.050606","5.896702","55387.92","16435.25"
"23.663932174412","110","49","999999","29.2351312311137","CC","227131.4","0.154779","10892.53","86318.08","30.70321","7462.881","52.79296","2.086047","500","23436.66","7462.881","1650","3358.297","21297.54","43638.47","0","3.554944","9410.997","49.0001","41.65008","0.9051074","4.949665","55225.01","10881.13"
"22.4741526576065","110","69","999999","32.0190609337456","CC","227174.3","0.1569265","10527.3","91082.45","29.66468","6632.836","48.69069","2.278749","393","21671.6","6632.836","1296.9","2984.776","20226.74","41444.41","0","5.005942","11504.68","69.00014","58.65012","1.11446","4.966559","57091.24","9348.893"
"27.3383895037551","110","63","999999","24.816754492628","CC","227233.3","0.150415","10476.39","91799.58","34.13114","7012.663","48.13569","2.308038","463","22134.74","7012.663","1527.9","3155.698","24604.55","50414.51","0","4.570643","8759.406","63.00013","53.55011","0.7776091","5.381961","54839.6","14226.95"
"21.7952383319093","110","63","999999","28.1423088739431","CC","227244.1","0.157842","10785.96","87808.41","29.22174","6955.072","51.41208","2.147341","444","22201.87","6955.072","1465.2","3129.782","19615.71","40192.43","0","4.570643","10000.32","63.00013","53.55011","0.9454655","4.714237","56621.48","8733.585"
"30.8462350557751","110","60","999999","35.9999448379414","CC","227321.7","0.1454891","10037.51","97561.59","36.03006","6880.404","44.18793","2.533557","406","22507.81","6880.404","1339.8","3096.182","27761.61","56883.3","0","4.352993","11458.04","60.00012","51.0001","1.135691","6.183748","54808.52","18230.49"
"18.8575278348193","110","51","999999","32.305112891112","CC","227354.3","0.1613828","11134.46","83413.31","26.00451","7288.312","55.77617","1.963567","466","23253.74","7288.312","1537.8","3279.74","16971.78","34775.02","0","3.700044","10698.99","51.0001","43.35009","1.066731","4.367724","57383.6","6342.972"
"32.3104895975674","110","47","999999","29.2857654892599","CC","227397.9","0.143443","10348.68","93615.17","37.34517","7452.899","46.76872","2.382598","505","23312.47","7452.899","1666.5","3353.805","29079.44","59583.52","0","3.409845","8732.38","47.0001","39.95008","0.8266214","6.118917","53520.29","19995.61"
"28.3645837151","110","45","999999","27.1471866876656","CC","227515","0.1486205","10720.75","88922.28","34.50421","7647.206","50.39089","2.195956","531","23710.06","7647.206","1752.3","3441.243","25528.13","52306.91","0","3.264745","8352.17","45.00009","38.25008","0.791834","5.532139","53848.44","15784.5"
"20.3179283141358","110","70","999999","31.1571724416141","CC","227541.3","0.1601552","10706.46","89133.29","27.6107","6629.972","50.21967","2.20325","395","21626.71","6629.972","1303.5","2983.487","18286.13","37468.13","0","5.078492","11501.31","70.00014","59.50012","1.115374","4.638874","57930.29","7268.56"
"31.7116249501163","110","71","999999","28.9575133955578","CC","227549.7","0.1449602","9945.606","98977.72","37.24091","6568.343","43.33253","2.587879","402","21250.9","6568.343","1326.6","2955.754","28540.46","58479.16","0","5.151042","10052.38","71.00014","60.35012","0.9087129","6.119563","54955.09","18793.18"
"26.4375","110","73","999999","31.3383866819323","CC","227597.9","0.1520046","10222.59","95445.27","33.14956","6504.434","45.52096","2.452669","384","21274.87","6504.434","1267.2","2926.995","23793.75","48753.19","0","5.296142","11075.62","73.00014","62.05013","1.043462","5.481368","56153.61","13190.4"
"29.6370440308668","110","48","999999","29.5726635417315","CC","227803.3","0.1470963","10540.17","91545.14","35.40259","7494.745","48.24519","2.303231","506","23473.42","7494.745","1669.8","3372.635","26673.34","54653.44","0","3.482394","8983.28","48.0001","40.80008","0.8598535","5.770665","53911.85","17163.21"
"24.0800193102989","110","63","999999","37.6984948828286","CC","227838.3","0.1550218","10451.1","92731.56","30.66419","6820.631","47.36465","2.349128","394","22451.04","6820.631","1300.2","3069.284","21672.02","44405.78","0","4.570643","12232.87","63.00013","53.55011","1.229832","5.292804","56376.2","11056.03"
"37.6056394227928","110","58","999999","25.3888303152757","CC","227872.5","0.1402865","9894.462","99961.73","39.94633","6940.332","42.67911","2.632863","457","21926.49","6940.332","1508.1","3123.149","33845.07","69348.27","0","4.207893","8396.908","58.00011","49.3001","0.7320192","6.510513","53530.68","23016.53"
"17.9076649449208","110","50","999999","22.3274616815008","CC","227874","0.1630089","11491.68","79315.14","25.23679","7659.211","60.56725","1.794159","533","23728.18","7659.211","1758.9","3446.645","16116.9","33023.39","0","3.627494","8788.208","50.0001","42.50008","0.8197182","4.005776","57117.43","5502.517"
"31.7164335485346","110","72","999999","28.9519717776034","CC","227935","0.1452165","9955.868","99230.38","37.25154","6568.447","43.14787","2.600218","402","21251.34","6568.447","1326.6","2955.801","28544.79","58488.03","0","5.223592","10053.91","72.00014","61.20012","0.9072269","6.11873","54936.07","18784.13"
"29.5072800956151","110","70","999999","37.5926370578143","CC","228072.3","0.1478906","9958.446","99334.34","35.1163","6448.492","43.0689","2.605092","363","21381.74","6448.492","1197.9","2901.821","26556.55","54414.14","0","5.078492","12313.35","70.00014","59.50012","1.220861","6.06985","56020.31","16660.49"
"26.0531848262727","110","49","999999","40.256178159751","CC","228111.1","0.1522762","10546.22","91774.72","32.50322","7276.583","48.17147","2.305007","440","23629.86","7276.583","1452","3274.463","23447.87","48044.48","0","3.554944","11023.53","49.0001","41.65008","1.114546","5.472961","54583.75","13244.52"
"24.2505365705304","110","65","999999","23.9938839139515","CC","228174.4","0.1553216","10744.58","89273.65","31.65545","7079.949","50.03742","2.212846","471","22288.86","7079.949","1554.3","3185.977","21825.48","44720.23","0","4.715743","8798.646","65.00013","55.25011","0.7738425","4.933819","55375.9","11004.07"
"31.9246817267867","110","39","999999","33.7896467895484","CC","228185.9","0.1443697","10486.69","92619.11","37.13035","7683.942","47.46279","2.344064","525","23964.01","7683.942","1732.5","3457.774","28732.21","58872.06","0","2.829446","8430.171","39.00008","33.15007","0.8321239","6.059976","52902.76","19630.68"
"47","110","55","999999","35","CC","228286.6","0.1285448","9107.443","110550","45.20576","6813.015","37.5713","3.020744","407","22205.86","6813.015","1343.1","3065.857","42300","86672.34","0","3.990244","10408.37","55.00011","46.7501","0.9951691","8.148275","53068.27","34742.95"
"18.8425840336784","110","60","999999","22.6942829975901","CC","228370.7","0.1625616","11263.11","82766.61","26.42278","7323.211","56.28405","1.94502","496","22910.29","7323.211","1636.8","3295.445","16958.33","34747.46","0","4.352993","8970.607","60.00012","51.0001","0.8137851","4.152194","57045.63","6036.368"
"18.8463333122607","110","47","999999","30.7186430552783","CC","228535.1","0.1621894","11340.76","81927.29","26.09201","7599.793","57.30424","1.906772","507","23902.21","7599.793","1673.1","3419.907","16961.7","34754.38","0","3.409845","10017.33","47.0001","39.95008","0.9855791","4.291868","56655.45","6364.191"
"23.9226653117694","110","43","999999","36.2449983020364","CC","228537.8","0.155335","10936.67","87153.9","30.86392","7612.171","51.98057","2.121407","496","24134.82","7612.171","1636.8","3425.477","21530.4","44115.6","0","3.119645","9858.208","43.00009","36.55007","0.9930496","5.056811","54547.73","11175.2"
"15.4752560843985","110","54","999999","23.316692504376","CC","228628.7","0.1665306","11619.09","78422.73","22.47224","7520.502","61.64957","1.759918","510","23517.07","7520.502","1683","3384.226","13927.73","28537.8","0","3.917694","9481.917","54.00011","45.90009","0.9096368","3.699253","58816.84","3566.212"
"32.111461338969","110","66","999999","25.3781680919624","CC","228630","0.1455826","10181.09","97013.77","37.34481","6918.531","44.39126","2.522516","453","21899.62","6918.531","1494.9","3113.339","28900.31","59216.5","0","4.788292","8672.198","66.00013","56.10011","0.7602937","5.989219","54214.56","18848.01"
"32.0067640356927","110","42","999999","21.9628126595138","CC","228648.6","0.1467749","10733.2","89894.93","35.99106","7803.15","49.37859","2.246989","562","23863.19","7803.15","1854.6","3511.417","28806.09","59023.43","0","3.047095","7147.66","42.00008","35.70007","0.6591387","5.706806","53270.14","17870.97"
"28.5144176765575","110","60","999999","21.6248485540347","CC","228655.4","0.1506003","10636.61","91150.43","34.63863","7293.909","48.44526","2.293455","503","22671.47","7293.909","1659.9","3282.259","25662.98","52583.21","0","4.352993","7748.779","60.00012","51.0001","0.6551884","5.363724","54093.25","14813.59"
"33.3937559117578","110","79","999999","33.4016959191038","CC","228711.8","0.1436164","9660.551","103824.9","38.14617","6266.278","40.60859","2.776593","349","20838.86","6266.278","1151.7","2819.825","30054.38","61581.16","0","5.731441","11800.2","79.00016","67.15013","1.10718","6.529793","55357.82","20555.25"
"42.308870559783","110","67","999999","29.730050235055","CC","228727","0.1349177","9358.335","107747","42.82126","6536.757","38.72819","2.923959","395","21231.69","6536.757","1303.5","2941.541","38077.98","78021.46","0","4.860842","9976.949","67.00014","56.95012","0.8980783","7.355973","53752.23","28506.46"
"18.6963645017466","110","74","999999","30.8169808365861","CC","228762.6","0.1630768","10844.37","88571.82","25.88737","6568.577","50.53576","2.189038","388","21481.18","6568.577","1280.4","2955.859","16826.73","34477.82","0","5.368691","11771.83","74.00014","62.90013","1.155635","4.423181","58939.9","5878.934"
"21.9500503257481","110","37","999999","27.9701864889378","CC","228765","0.1581818","11399.63","81396.1","29.29112","8014.121","57.93766","1.883713","575","24544.32","8014.121","1897.5","3606.354","19755.04","40477.92","0","2.684346","8256.435","37.00007","31.45006","0.7998286","4.59417","54558.5","9238.098"
"25.7778899164936","110","55","999999","45.5561809123961","CC","228831.1","0.1532789","10382.05","94616.95","32.11094","6972.52","46.07448","2.419473","389","23176.6","6972.52","1283.7","3137.634","23200.1","47536.8","0","3.990244","12464.27","55.00011","46.7501","1.270217","5.57025","55223.66","12849.88"
"37.0125","110","76","999999","30.5550442135007","CC","228869.2","0.1395658","9544.869","105477.8","40.54227","6368.583","39.78871","2.839038","375","20846.57","6368.583","1237.5","2865.862","33311.25","68254.46","0","5.513791","10541.03","76.00015","64.60013","0.9454465","6.866004","54576.02","24217.74"
"40.042656027362","110","49","999999","29.7425454903629","CC","228951.3","0.1363722","9881.258","101211.2","41.60383","7329.938","41.89265","2.687828","488","23069.82","7329.938","1610.4","3298.472","36038.39","73842.35","0","3.554944","8821.964","49.0001","41.65008","0.8174557","7.049734","52768.13","27234.99"
"28.9457243354524","110","41","999999","38.1646326859077","CC","229332.8","0.1489515","10642.59","91750.54","34.97348","7630.464","48.01249","2.31513","509","23999.43","7630.464","1679.7","3433.709","26051.15","53378.59","0","2.974545","9019.89","41.00008","34.85007","0.901027","5.704047","53446.15","16465.43"
"24.937945668492","110","43","999999","19.9995013351208","CC","229412.2","0.1550243","11310.62","83194","31.31959","8057.796","55.62741","1.971454","593","24434.6","8057.796","1956.9","3626.008","22444.15","45987.87","0","3.119645","7002.355","43.00009","36.55007","0.6242427","4.832036","54185.68","11839.59"
"20.3079166666667","110","71","999999","42.2268518518518","CC","229618.2","0.1614474","10591.59","92695.18","26.97392","6469.925","47.18394","2.359981","350","21685.48","6469.925","1155","2911.466","18277.13","37449.67","0","5.151042","13965.89","71.00014","60.35012","1.435099","4.907394","58655.67","7384.028"
"22.8182770938634","110","56","999999","20.0621337770903","CC","229827.1","0.1583527","11237.43","84555.09","30.09008","7626.442","54.16565","2.029933","547","23360.03","7626.442","1805.1","3431.899","20536.45","42079.01","0","4.062794","7421.22","56.00011","47.60009","0.6198259","4.564668","55127.31","9636.204"
"37.9625742337258","110","70","999999","42.4498130120492","CC","230069.7","0.1385679","9411.583","108401.3","40.60468","6423.89","38.35991","2.95354","347","21539.53","6423.89","1145.1","2890.75","34166.32","70006.48","0","5.078492","12934.24","70.00014","59.50012","1.269557","7.302474","54744.55","25801.46"
"29.8788479538171","110","34","999999","30.7634312820994","CC","230223.8","0.1481686","10953.68","88619.99","35.61234","8083.506","50.37506","2.198074","590","24592.68","8083.506","1947","3637.578","26890.96","55099.35","0","2.466696","7352.231","34.00007","28.90006","0.7233636","5.665085","52796.74","17559.91"
"33.083453701731","110","75","999999","43.75","CC","230358.8","0.1448382","9646.766","105650.1","37.43595","6266.034","39.57695","2.855828","328","21181.76","6266.034","1082.4","2819.716","29775.11","61008.94","0","5.441241","13756.12","75.00015","63.75013","1.37425","6.709466","55790","20395.71"
"37.0125","110","34","999999","32.0833333333333","CC","230633","0.1394702","10458.06","95436.25","40.3312","7971.343","45.21117","2.475513","579","24297.53","7971.343","1910.7","3587.104","33311.25","68254.46","0","2.466696","7172.467","34.00007","28.90006","0.7015111","6.640757","52028.44","25283"
"31.7053314957646","110","87","999999","39.6383539321886","CC","230812","0.1470516","9641.115","106176.3","36.55434","5907.874","39.28957","2.878248","300","20122.56","5907.874","990","2658.543","28534.8","58467.55","0","6.31184","13935.29","87.00018","73.95015","1.380676","6.519928","56910.18","18782.28"
"27.6435631338935","110","77","999999","50.4852724173779","CC","231139.3","0.1524671","9890.882","103274.8","33.25237","6202.107","40.66141","2.773949","297","21418.57","6202.107","980.1","2790.948","24879.21","50977.28","0","5.586341","15084.86","77.00015","65.45013","1.55494","6.091281","56855.61","14635.81"
"42.3","110","55","999999","23.3333333333333","CC","231202.5","0.1413416","9930.947","102820","40.81877","7089.964","40.75357","2.772947","479","22200.28","7089.964","1580.7","3190.484","38070","78005.1","0","3.990244","7784.848","55.00011","46.7501","0.6488149","6.595563","52684.14","23901.03"
"23.6644197748415","110","74","999999","23.5391706013547","CC","231306.1","0.1585396","10864.14","90859.73","31.25294","7051.848","48.3915","2.297624","470","22186.15","7051.848","1551","3173.332","21297.98","43639.37","0","5.368691","8709.809","74.00014","62.90013","0.7401306","4.820475","55400.72","10225.44"
"40.672445933842","110","45","999999","23.3282398619615","CC","231323.6","0.1417255","10247.13","98853.67","39.87957","7544.704","42.88132","2.624757","530","23292.06","7544.704","1749","3395.116","36605.2","75003.74","0","3.264745","7418.635","45.00009","38.25008","0.6709853","6.48737","52614.45","23624.39"
"26.8676627698305","110","77","999999","24.5837092375378","CC","231728.7","0.1543459","10591.57","94806.01","33.93359","6913.618","45.50801","2.457319","455","21846.04","6913.618","1501.5","3111.128","24180.9","49546.45","0","5.586341","8748.238","77.00015","65.45013","0.7434179","5.291337","54881.29","13503.66"
"16.6610953194857","110","40","999999","23.5071602905231","CC","231838.7","0.1671394","12051.16","76047.13","23.49834","8295.862","64.76032","1.66844","605","25246.92","8295.862","1996.5","3733.138","14994.99","30724.6","0","2.901995","8462.205","40.00008","34.00007","0.8118921","3.801419","56837.88","4665.022"
"47.1958333333333","110","52","999999","48.9351851851852","CC","232160.2","0.1291061","9128.075","114156.8","45.74936","6977.486","35.94934","3.168546","400","23017.49","6977.486","1320","3139.869","42476.25","87033.47","0","3.772594","11081.21","52.0001","44.20009","1.097614","8.419899","52444.93","36466.55"
"35.3445423451961","110","64","999999","21.6452781699597","CC","232184.5","0.1476931","10356.27","98303.67","37.92701","7187.249","43.18201","2.604043","494","22366.88","7187.249","1630.2","3234.262","31810.09","65178.6","0","4.643193","7502.064","64.00013","54.40011","0.6007159","5.927656","53118.08","18973.74"
"37.6460181275456","110","72","999999","54.517133667205","CC","232198.5","0.1402743","9279.584","112236.6","40.12355","6257.736","36.67554","3.098724","291","21752.58","6257.736","960.3","2815.981","33881.42","69422.73","0","5.223592","15092.15","72.00014","61.20012","1.532644","7.478222","54916.85","25413.04"
"32.4084051862585","110","51","999999","53.0646233005923","CC","232300.2","0.1465982","10091.9","101837","37.18773","7046.051","41.36239","2.723725","416","23046","7046.051","1372.8","3170.723","29167.56","59764.09","0","3.700044","11002.51","51.0001","43.35009","1.10204","6.36361","53946.82","19943.04"
"39.1972930752332","110","42","999999","45.4963204981052","CC","232658.8","0.1380205","9996.689","103426.5","41.5892","7497.454","40.48178","2.790203","492","23714.2","7497.454","1623.6","3373.854","35277.56","72283.42","0","3.047095","9003.493","42.00008","35.70007","0.8975989","7.136522","52450.52","27761.89"
"14.0860270904501","110","59","999999","36.1597297612164","CC","232711.7","0.1708657","11636.91","82275.34","19.94625","7345.583","56.2896","1.946324","438","23955.02","7345.583","1445.4","3305.512","12677.42","25975.93","0","4.280443","12995.45","59.00012","50.1501","1.37161","3.864986","60384.27","2720.283"
"46.4839728460911","110","55","999999","24.3351186128544","CC","232921.5","0.1393636","9749.387","106886.1","42.3019","7015.833","38.63164","2.940243","469","22049.91","7015.833","1547.7","3157.125","41835.57","85720.73","0","3.990244","7947.252","55.00011","46.7501","0.6723179","6.963702","52544.58","26651.09"
"39.6830633058006","110","54","999999","20.9898103966916","CC","233151.6","0.1464125","10337.63","99511.7","38.85767","7352.405","42.31562","2.664603","518","22673.69","7352.405","1709.4","3308.582","35714.76","73179.23","0","3.917694","7013.503","54.00011","45.90009","0.5615109","6.096534","52642.27","20548.35"
"47","110","55","999999","52.5","CC","233405","0.1300117","9097.259","115800","45.57252","6861.711","35.27115","3.233962","381","22838.05","6861.711","1257.3","3087.77","42300","86672.34","0","3.990244","11775.38","55.00011","46.7501","1.175675","8.462115","52746.13","36238.32"
"40.8665564903846","110","95","999999","40.3589075854701","CC","234275.1","0.1380134","9099.777","116637.6","42.4379","5744.201","34.85057","3.274398","286","19658.25","5744.201","943.8","2584.89","36779.9","75361.7","0","6.892239","14118.27","95.00019","80.75016","1.355194","7.787725","55925.13","28674.49"
"48.073786632034","110","34","999999","27.4187374024496","CC","234453.5","0.1358622","10091.77","103992","43.60461","7872.383","39.86001","2.845557","573","23976.43","7872.383","1890.9","3542.572","43266.41","88652.5","0","2.466696","6948.853","34.00007","28.90006","0.668277","7.358259","51304.8","30855.21"
"58.6005010227525","110","72","999999","43.75","CC","234883.2","0.1211146","8278.287","127865.5","50.27903","6225.325","31.41318","3.656505","328","21009.25","6225.325","1082.4","2801.396","52740.45","108064.7","0","5.223592","13055.82","72.00014","61.20012","1.262586","9.950597","53580.61","47383.86"
"30.0296881398185","110","35","999999","43.75","CC","235056.8","0.15111","10996.32","92901.72","35.75271","8036.21","46.50402","2.402594","581","24539.66","8036.21","1917.3","3616.294","27026.72","55377.52","0","2.539246","7531.331","35.00007","29.75006","0.7440856","5.706738","52767.45","17694.39"
"15.4424331199952","110","35","999999","27.9752317071331","CC","235368","0.1709732","12402.02","75040.76","22.29811","8525.28","66.09672","1.631238","626","25875.19","8525.28","2065.8","3836.376","13898.19","28477.27","0","2.539246","8789.255","35.00007","29.75006","0.8779135","3.653685","56868.72","3855.891"
"11.1625","110","61","999999","32.0240038103108","CC","235533.7","0.1754978","12116.04","78903.45","15.9996","7541.321","59.85183","1.821873","470","24260.41","7541.321","1551","3393.595","10046.25","20584.68","0","4.425543","12662.95","61.00012","51.85011","1.370595","3.345425","62945.84","1183.425"
"20.2887468154539","110","29","999999","20.1182271759804","CC","235770.2","0.1651087","12394.1","75545.34","26.92977","8892.294","65.28128","1.654472","694","26316.79","8892.294","2290.2","4001.532","18259.87","37414.32","0","2.103947","6504.574","29.00006","24.65005","0.6048669","4.154438","54396.38","7826.683"
"48.864467432685","110","94","999999","35.9339055497262","CC","236143","0.1320041","8809.49","122258.2","46.27761","5877.596","32.89845","3.483659","310","19830.47","5877.596","1023","2644.918","43978.02","90110.59","0","6.819689","12742.39","94.00019","79.90016","1.156319","8.527547","54510.42","35746.7"
"19.1318351642914","110","92","999999","28.3442613486408","CC","236180.3","0.1681783","11097.14","92721.93","26.73194","6656.497","46.43431","2.407212","411","21477.06","6656.497","1356.3","2995.424","17218.65","35280.87","0","6.674589","10729.32","92.00018","78.20016","0.9856349","4.354865","58115.66","5999.19"
"28.6338080168776","110","69","999999","64.8845522737928","CC","236272.7","0.1543051","10039.59","106485.8","33.95349","6525.287","38.75909","2.922053","311","22558.83","6525.287","1026.3","2936.379","25770.43","52803.38","0","5.005942","14960.11","69.00014","58.65012","1.560791","6.233845","55670.23","15812.38"
"25.6981551270255","110","38","999999","53.7824919374483","CC","237834.5","0.1590771","11221.91","92763.09","32.45009","7923.713","46.35273","2.41248","552","24537.89","7923.713","1821.6","3565.671","23128.34","47389.77","0","2.756896","8471.174","38.00008","32.30006","0.8430762","5.177289","53584.75","13018.69"
"14.6991402345845","110","76","999999","21.0791416001761","CC","237928.7","0.1747123","12018.99","82552.97","21.55961","7596.037","55.11337","1.996693","525","23591.49","7596.037","1732.5","3418.217","13229.23","27106.57","0","5.513791","9140.997","76.00015","64.60013","0.8273935","3.499413","59040.43","2710.56"
"21.7357884629554","110","94","999999","24.2268048813176","CC","238384.1","0.1664649","11143.19","94330.25","29.66298","6980.599","45.10384","2.486893","458","22080.76","6980.599","1511.4","3141.27","19562.21","40082.8","0","6.819689","9149.379","94.00019","79.90016","0.7591072","4.561222","55834.65","8141.369"
"35.7785451809298","110","44","999999","18.4722222222222","CC","238553.3","0.1545897","11279.12","92742.36","35.25074","8262.362","46.00342","2.438136","623","24810.15","8262.362","2055.9","3718.063","32200.69","65978.94","0","3.192195","5975.397","44.00009","37.40007","0.4908791","5.444283","52480.11","16735.53"
"32.2963474944792","110","56","999999","18.2195911751383","CC","238559.3","0.157154","11295.81","92532.59","34.2973","8057.158","46.16435","2.428166","603","24268.11","8057.158","1989.9","3625.721","29066.71","59557.45","0","4.062794","6078.595","56.00011","47.60009","0.4554545","5.193915","52882.45","14790.7"
"9.01575427685712","110","67","999999","26.094882298043","CC","239594.6","0.1797027","12601.18","76692.64","12.75639","7732.729","62.14309","1.7506","502","24547.45","7732.729","1656.6","3479.728","8114.179","16625.88","0","4.860842","12194.4","67.00014","56.95012","1.338957","2.919939","65431.51","502.2566"
"43.8478018482202","110","77","999999","23.2907053125076","CC","239687.5","0.1463299","10055.08","109700.2","41.47755","6987.933","36.88871","3.096065","469","21931.68","6987.933","1547.7","3144.57","39463.02","80859.39","0","5.586341","7809.78","77.00015","65.45013","0.5951084","6.641162","52219.77","24072.96"
"28.2","110","110","999999","46.6666666666667","CC","239935.1","0.1580384","9982.977","110880","33.71326","5630.447","36.50708","3.122013","265","19520.13","5630.447","874.5","2533.701","25380","52003.4","0","7.980487","16062.65","110.0002","93.50019","1.621543","6.22662","58327.02","14806.97"
"47","110","97","999999","52.5","CC","240205.1","0.1345439","8811.062","126300","45.34719","5729.68","31.49025","3.648575","267","19907.9","5729.68","881.1","2578.356","42300","86672.34","0","7.037339","16373","97.00019","82.45016","1.619759","8.854076","55569.28","35469.96"
"47","110","55","999999","70","CC","240463.2","0.1339432","9237.132","121050","45.57252","6861.711","33.05373","3.470429","381","22838.05","6861.711","1257.3","3087.77","42300","86672.34","0","3.990244","11775.38","55.00011","46.7501","1.175675","8.462115","52746.13","36238.32"
"31.725","110","97","999999","23.3333333333333","CC","240753","0.1552641","10593.72","103802.5","37.28519","6986.45","39.51088","2.873546","466","21974.53","6986.45","1537.8","3143.902","28552.5","58503.82","0","7.037339","8199.594","97.00019","82.45016","0.6110228","5.76365","53249.34","17312.9"
"11.75","110","55","999999","52.5","CC","240917","0.178992","12132.41","84075","16.56566","7566.002","53.44167","2.062248","429","25036.49","7566.002","1415.7","3404.701","10575","21668.08","0","3.990244","14312.61","55.00011","46.7501","1.57171","3.62333","61832.25","1483.259"
"14.1","110","107","999999","33.5416666666667","CC","241362.3","0.1780003","11437.6","93502.5","20.07108","6310.67","45.23733","2.481507","343","21125.25","6310.67","1131.9","2839.802","12690","26001.7","0","7.762837","14313.11","107.0002","90.95018","1.475998","3.957319","62712.07","2256.806"
"42.3","110","55","999999","74.537037037037","CC","241556.9","0.139954","9543.657","118181.1","43.124","6886.449","33.86393","3.381073","382","22926.5","6886.449","1260.6","3098.902","38070","78005.1","0","3.990244","11876.07","55.00011","46.7501","1.187634","7.822691","53009.54","30878.54"
"70.7561724804488","110","39","999999","40.7061555061602","CC","243290.6","0.1201825","8791.188","129642.4","52.72356","7475.94","30.32084","3.818613","511","23311.84","7475.94","1686.3","3364.173","63680.55","130480.9","0","2.829446","7749.128","39.00008","33.15007","0.7433863","10.2081","50719.2","53958.79"
"56.4","110","110","999999","46.6666666666667","CC","244601.3","0.1276201","8380.673","136260","49.80223","5595.703","28.80256","4.007056","265","19372.89","5595.703","874.5","2518.066","50760","104006.8","0","7.980487","15297.75","110.0002","93.50019","1.462801","9.968657","55050.41","45627.13"
"82.25","110","55","999999","52.5","CC","244686.4","0.1098926","7515.861","147525","57.14463","6731.159","26.5993","4.35939","371","22448.58","6731.159","1224.3","3029.021","74025","151676.6","0","3.990244","11466.88","55.00011","46.7501","1.130621","12.42576","51364.18","69603.85"
"14.1","110","55","999999","70","CC","245146.1","0.1798625","11889.84","91440","19.92595","7434.659","46.57366","2.402315","424","24561.79","7434.659","1399.2","3345.597","12690","26001.7","0","3.990244","13648.37","55.00011","46.7501","1.464319","3.939582","59861.29","2798.219"
"36.6384538724374","110","29","999999","58.0065832489665","CC","245372","0.1486506","11119.34","101626.6","39.89751","8362.898","40.30242","2.81833","639","24974.15","8362.898","2108.7","3763.304","32974.61","67564.69","0","2.103947","6181.771","29.00006","24.65005","0.6033307","6.501969","51768.3","25052.95"
"32.819979283406","110","24","999999","42.6453557881423","CC","245526.8","0.1537354","11850.32","92331.59","36.65659","8964.033","45.95045","2.442792","710","26358.76","8964.033","2343","4033.815","29537.98","60523.07","0","1.741197","5199.499","24.00005","20.40004","0.4885303","5.862354","51896.11","20907.62"
"19.4532820541786","110","74","999999","16.9532106069984","CC","245737.5","0.1745542","12426.49","85093.91","26.13067","8388.156","51.58137","2.153335","639","25081.19","8388.156","2108.7","3774.67","17507.95","35873.64","0","5.368691","6513.953","74.00014","62.90013","0.4871755","3.898318","55362.16","6266.485"
"12.1898561374875","110","46","999999","16.5078441382976","CC","246194.5","0.1825446","13519.32","71423.23","16.99657","9181.27","70.71593","1.519565","717","27164.7","9181.27","2366.1","4131.571","10970.87","22479.22","0","3.337295","7232.985","46.00009","39.10008","0.6799971","2.909418","59429.77","1693.356"
"64.2910668296095","110","51","999999","22.7707994609445","CC","246847.7","0.1443374","9700.583","121443.2","44.51495","7059.136","32.0647","3.615552","485","21971.37","7059.136","1600.5","3176.611","57861.96","118558.7","0","3.700044","7229.093","51.0001","43.35009","0.5715325","7.345869","51431.16","29659.41"
"14.1","110","31","999999","45.2083333333333","CC","247756.1","0.1815125","13131.18","78002.5","20.49878","8926.101","59.78659","1.827554","683","26640.22","8926.101","2253.9","4016.745","12690","26001.7","0","2.249046","8089.3","31.00006","26.35005","0.8057414","3.367625","57301.22","2952.061"
"23.9407524581172","110","55","999999","15.0967309557193","CC","247962.4","0.172039","12696.69","83825.7","27.69833","8993.121","52.61597","2.108263","708","26514.78","8993.121","2336.4","4046.904","21546.68","44148.96","0","3.990244","5588.36","55.00011","46.7501","0.4152039","4.191505","54095.8","8858.978"
"26.4375","110","34","999999","15.2230504358407","CC","248733.8","0.1701689","12985.73","80860.66","28.10167","9611.905","55.79649","1.976076","771","28105.21","9611.905","2544.3","4325.357","23793.75","48753.19","0","2.466696","5224.354","34.00007","28.90006","0.4485979","4.390614","53188.77","10434.92"
"20.1341712984584","110","72","999999","15.9209744521269","CC","249751.7","0.1767069","12752.23","84897.05","26.0721","8723.028","51.32499","2.167988","679","25845.16","8723.028","2240.7","3925.363","18120.75","37129.27","0","5.223592","6026.319","72.00014","61.20012","0.4336664","3.89777","54980.29","6697.069"
"79.1545698924731","110","78","999999","36.5367383512545","CC","250762.8","0.1252586","8127.059","145700.1","52.67062","6085.707","26.42217","4.408164","329","20401.21","6085.707","1085.7","2738.568","71239.11","145968.3","0","5.658891","12003.11","78.00015","66.30013","1.113051","10.48282","52893.29","52227.44"
"18.4747932179642","110","49","999999","13.8711860775659","CC","250840.4","0.1793896","13444.32","77038.67","22.96727","9513.248","60.43784","1.80963","762","27834.53","9513.248","2514.6","4280.961","16627.31","34069.22","0","3.554944","5531.813","49.0001","41.65008","0.4381664","3.593571","55487.62","5531.573"
"26.4375","110","75","999999","15.7109487324194","CC","253731.8","0.1742013","12568.14","91257.03","29.78476","8776.192","45.56297","2.475688","686","25955.81","8776.192","2263.8","3949.286","23793.75","48753.19","0","5.441241","5576.835","75.00015","63.75013","0.3599223","4.413896","53155.76","10037.04"
"18.6905637254902","110","22","999999","31.2826797385621","CC","254817.7","0.1804219","13855.05","75706.31","23.42481","10127.73","62.16819","1.754296","827","29373.97","10127.73","2729.1","4557.479","16821.51","34467.13","0","1.596097","5446.771","22.00004","18.70004","0.517797","3.796424","54285.16","6617.932"
"28.2","110","110","999999","93.3333333333333","CC","254821.4","0.1675473","10051.53","124880","32.9882","5526.603","30.8705","3.737132","203","20095.5","5526.603","669.9","2486.971","25380","52003.4","0","7.980487","19369.36","110.0002","93.50019","2.054354","6.592826","58742.3","15014.61"
"37.0125","110","34","999999","14.5833333333333","CC","256767.4","0.1721218","12885.78","90186.25","30.4889","9619.589","45.88456","2.462319","774","28088.64","9619.589","2554.2","4328.815","33311.25","68254.46","0","2.466696","4844.636","34.00007","28.90006","0.3926086","4.746207","52124.07","12762.5"
"56.4","110","110","999999","93.3333333333333","CC","259090.2","0.1344499","8418.49","150260","49.23423","5427.168","25.36379","4.56642","199","19739.64","5427.168","656.7","2442.226","50760","104006.8","0","7.980487","18842.48","110.0002","93.50019","1.946232","10.42663","55934.3","46431.87"
"84.6","110","110","999999","46.6666666666667","CC","259479.1","0.1196498","7568.286","161640","56.30299","5541.952","23.58134","4.935513","264","19161.49","5541.952","871.2","2493.878","76140","156010.2","0","7.980487","14993.49","110.0002","93.50019","1.427532","12.28475","54142.38","65121.86"
"38.3917418652269","110","57","999999","30.1097825363297","LF","260863","0.1685543","12301.47","101835.5","45.69978","9215.742","39.58904","2.842589","780","26278.97","9215.742","2574","4147.084","34552.57","70797.91","0","4.135344","20243","57.00011","48.4501","0.7571355","7.042489","38727.86","17084.42"
"38.364708113385","110","54","999999","30.1957847769188","LF","261124.9","0.1680048","12379.63","101087","45.26358","9327.957","39.94738","2.817815","789","26607.11","9327.957","2603.7","4197.581","34528.24","70748.06","0","3.917694","19460.91","54.00011","45.90009","0.7652814","7.017913","39202.28","17596.57"
"38.1235543033419","110","56","999999","29.0538733148027","LF","261247.9","0.1691777","12393.76","101027.4","45.29909","9290.581","39.97237","2.81469","789","26448.72","9290.581","2603.7","4180.761","34311.2","70303.35","0","4.062794","19992.92","56.00011","47.60009","0.7637191","6.980948","38892.79","16819.29"
"38.5462028549474","110","61","999999","31.3563313593298","LF","261411.7","0.1693975","12226.88","103348.5","46.38424","9102.154","38.81126","2.901398","771","25945.03","9102.154","2544.3","4095.969","34691.58","71082.75","0","4.425543","21328.03","61.00012","51.85011","0.7550905","7.115591","38057.24","16739.07"
"40.2721112461316","110","58","999999","29.7159836843974","LF","261433.2","0.16698","12204.47","103659.7","46.7077","9178.638","38.63484","2.91746","778","26154.49","9178.638","2567.4","4130.387","36244.9","74265.48","0","4.207893","20545.77","58.00011","49.3001","0.7547275","7.251966","38387.99","18477.29"
"39.5393193876393","110","58","999999","31.0755785886831","LF","261447.2","0.1674272","12225.02","103408.1","46.48242","9183.814","38.76072","2.907149","777","26192.81","9183.814","2564.1","4132.716","35585.39","72914.15","0","4.207893","20527.15","58.00011","49.3001","0.7565861","7.205953","38452.82","18160.22"
"40.822852717082","110","55","999999","29.1060853696092","LF","261449.1","0.1659438","12239.53","103222.4","46.49009","9258.266","38.83403","2.904056","785","26377.29","9258.266","2590.5","4166.22","36740.57","75281.1","0","3.990244","19753.37","55.00011","46.7501","0.7559191","7.263796","38837.38","19240.96"
"35.9071721708564","110","54","999999","29.6269696118718","LF","261454.3","0.1716298","12589.41","98704.55","43.7437","9427.25","41.19678","2.725814","798","26880.48","9427.25","2633.4","4242.263","32316.46","66216.14","0","3.917694","19434.97","54.00011","45.90009","0.7826838","6.708242","39411.25","15205.73"
"39.2797058040552","110","57","999999","32.3686606288432","LF","261479.5","0.1672723","12234.92","103312.3","46.3223","9199.712","38.80499","2.904262","777","26260.18","9199.712","2564.1","4139.871","35351.73","72435.4","0","4.135344","20252.81","57.00011","48.4501","0.7557625","7.189714","38646.95","18287.07"
"40.5113589367984","110","56","999999","30.4190865976695","LF","261491.7","0.1659924","12214.7","103585.9","46.63276","9230.63","38.66332","2.916729","781","26325.69","9230.63","2577.3","4153.784","36460.22","74706.68","0","4.062794","20020","56.00011","47.60009","0.7579572","7.284816","38706.65","19225.13"
"37.6950007525833","110","59","999999","29.4156859204355","LF","261507.1","0.1705209","12377.23","101500.2","45.47575","9225.19","39.72129","2.832364","784","26253.5","9225.19","2587.2","4151.336","33925.5","69513.05","0","4.280443","20771.41","59.00012","50.1501","0.7619674","6.960452","38428.07","15995.95"
"40.4377207392819","110","61","999999","30.015107372019","LF","261512.9","0.1674393","12134.15","104648.5","47.22378","9082.729","38.17786","2.953007","770","25879.08","9082.729","2541","4087.228","36393.95","74570.88","0","4.425543","21377.11","61.00012","51.85011","0.7520717","7.304598","37882.48","18181.92"
"35.8645108178631","110","57","999999","29.9110335689503","LF","261518.1","0.1724709","12532.7","99501.37","44.15429","9323.007","40.75606","2.755319","791","26553.38","9323.007","2610.3","4195.353","32278.06","66137.47","0","4.135344","20212.31","57.00011","48.4501","0.7742361","6.727057","38949.54","14659.62"
"39.2101161452354","110","54","999999","31.4461781048074","LF","261530.7","0.1668626","12323.15","102223","45.79449","9316.64","39.33246","2.865217","787","26591.9","9316.64","2597.1","4192.488","35289.11","72307.07","0","3.917694","19468.55","54.00011","45.90009","0.7643795","7.142707","39127.27","18607.73"
"40.6102188154276","110","53","999999","29.9919630148082","LF","261605.7","0.1654619","12284.57","102796.8","46.1987","9332.932","39.03294","2.889806","789","26628.19","9332.932","2603.7","4199.819","36549.2","74888.99","0","3.845144","19241.65","53.00011","45.05009","0.7660028","7.256635","39171.94","19669.09"
"38.0386190921623","110","59","999999","30.4313621581434","LF","261666.4","0.1699358","12342.06","102114.2","45.75294","9209.678","39.39697","2.857303","782","26220.52","9209.678","2580.6","4144.355","34234.76","70146.72","0","4.280443","20775.45","59.00012","50.1501","0.759975","7.021011","38393.13","16476.9"
"39.2445506007553","110","52","999999","29.098516233754","LF","261697.2","0.167216","12426.79","101049.6","45.27227","9410.636","39.89843","2.822702","798","26810.08","9410.636","2633.4","4234.786","35320.09","72370.57","0","3.772594","18959.76","52.0001","44.20009","0.7730406","7.07056","39444.14","18428.49"
"38.5242666747193","110","65","999999","29.4950156245028","LF","261731.7","0.1709773","12219","103770.3","46.74264","9021.917","38.58917","2.916588","769","25637.76","9021.917","2537.7","4059.863","34671.84","71042.3","0","4.715743","22413.95","65.00013","55.25011","0.7590731","7.117494","37426.38","15780.9"
"37.0434154069496","110","57","999999","31.0089701280033","LF","261739.1","0.1707558","12442.24","100891.8","44.89679","9295.606","40.00365","2.811884","787","26502.77","9295.606","2597.1","4183.023","33339.07","68311.48","0","4.135344","20235.98","57.00011","48.4501","0.7710205","6.8886","38833.59","15937.84"
"47","110","131","999999","23.3333333333333","CC","261747.2","0.1590423","10496.77","126050","42.93168","6908.831","29.98134","3.88297","463","21694.73","6908.831","1527.9","3108.974","42300","86672.34","0","9.504035","7803.415","131.0003","111.3502","0.4631416","6.742159","50957.56","24674.55"
"38.3588639791747","110","61","999999","33.0867731806432","LF","261747.9","0.1696369","12225.77","103699","46.35858","9095.315","38.61476","2.917263","769","25948.8","9095.315","2537.7","4092.892","34522.98","70737.28","0","4.425543","21327.1","61.00012","51.85011","0.7555287","7.111752","38075.95","16723.89"
"39.0039765462558","110","55","999999","27.6697131444259","LF","261753.7","0.1687876","12423.05","101154.5","45.39214","9339.83","39.83871","2.825271","796","26542.78","9339.83","2626.8","4202.923","35103.58","71926.93","0","3.990244","19745.79","55.00011","46.7501","0.765811","7.022156","38964.92","17327.17"
"44.1773567954444","110","54","999999","30.4542398420805","LF","261783.2","0.1618863","12019.89","106395.9","47.98172","9201.64","37.31842","3.031033","776","26284.73","9201.64","2560.8","4140.738","39759.62","81467.12","0","3.917694","19492.7","54.00011","45.90009","0.7459487","7.63675","38784.04","22455.23"
"41.030446840501","110","62","999999","31.804205982791","LF","261853.7","0.1665937","12058.39","105968.7","47.83661","9029.76","37.55289","3.004483","765","25736.5","9029.76","2524.5","4063.392","36927.4","75663.93","0","4.498093","21642.88","62.00013","52.7001","0.7485793","7.427568","37687.08","18953.35"
"42.1023406346092","110","59","999999","31.3287809281509","LF","261886.3","0.1647822","12055.34","106040.7","47.92094","9103.529","37.49922","3.010873","771","25950.85","9103.529","2544.3","4096.588","37892.11","77640.6","0","4.280443","20847.69","59.00012","50.1501","0.7471491","7.511725","38074.27","20305.3"
"35.0890112864216","110","57","999999","28.706733891772","LF","261893","0.1739827","12643.64","98442.13","43.57051","9391.559","41.31664","2.715748","799","26712.86","9391.559","2636.7","4226.202","31580.11","64707.37","0","4.135344","20220.18","57.00011","48.4501","0.7844927","6.617284","38993.71","13807.1"
"41.8395874520177","110","60","999999","33.1943692452123","LF","261920.9","0.1647929","12013.67","106613.9","48.11538","9061.746","37.26077","3.031008","765","25872.05","9061.746","2524.5","4077.786","37655.63","77156.05","0","4.352993","21128.7","60.00012","51.0001","0.746484","7.538765","37918.3","20313.54"
"36.5074819692198","110","62","999999","30.1180707266374","LF","261922","0.1730405","12417.69","101392.2","45.1704","9181.106","39.74678","2.828572","780","26132.2","9181.106","2574","4131.498","32856.73","67323.16","0","4.498093","21550","62.00013","52.7001","0.7687326","6.846719","38066.22","14454.12"
"38.1969482816455","110","65","999999","31.2310993758616","LF","261958","0.1711852","12219.01","103996.6","46.69009","9016.192","38.46497","2.926598","767","25646.25","9016.192","2531.1","4057.286","34377.25","70438.7","0","4.715743","22404.78","65.00013","55.25011","0.7594084","7.108529","37457.96","15739.35"
"37.5397172962651","110","58","999999","28.0281579022756","LF","261975.5","0.1711815","12475.82","100694.2","45.12936","9296.913","40.07862","2.805032","795","26377.29","9296.913","2623.5","4183.611","33785.75","69226.7","0","4.207893","20508.26","58.00011","49.3001","0.7639362","6.902936","38580.13","15749.8"
"43.8478018482202","110","55","999999","32.3652802932698","LF","261983.4","0.1615952","11994.63","106922.6","48.28921","9175.298","37.08998","3.04969","774","26205.85","9175.298","2554.2","4128.884","39463.02","80859.39","0","3.990244","19767.53","55.00011","46.7501","0.7467765","7.699237","38644.38","22776.44"
"41.5229518361881","110","53","999999","31.4993570540033","LF","261991","0.1640827","12215.84","104070.5","46.81801","9309.1","38.38828","2.941813","787","26559.96","9309.1","2597.1","4189.095","37370.66","76572.16","0","3.845144","19224.11","53.00011","45.05009","0.7601019","7.401665","39126.07","20878.76"
"35.8300094887732","110","50","999999","26.0868323039528","LF","261996.5","0.1722","12796.23","96573.05","42.7584","9617.757","42.38706","2.647028","820","27327.48","9617.757","2706","4327.991","32247.01","66073.84","0","3.627494","18444.04","50.0001","42.50008","0.8011466","6.588507","40041.35","15059.06"
"36.0262148353128","110","60","999999","31.0706737350175","LF","262000.9","0.1731512","12473.86","100744.8","44.6946","9238.921","40.07503","2.805233","784","26311.69","9238.921","2587.2","4157.514","32423.59","66435.66","0","4.352993","21011.72","60.00012","51.0001","0.7701617","6.782602","38421.89","14414.44"
"42.0042750287425","110","64","999999","30.6551029076872","LF","262018.8","0.1663722","11991.35","107000.4","48.44925","8960.426","37.0854","3.043298","761","25508.2","8960.426","2511.3","4032.192","37803.85","77459.76","0","4.643193","22245.33","64.00013","54.40011","0.7495174","7.526786","37293.51","19191.98"
"40.8543714018936","110","58","999999","28.5990380270898","LF","262037.8","0.1672071","12236.62","103848.6","46.82773","9200.123","38.49174","2.929828","784","26147.27","9200.123","2587.2","4140.055","36768.93","75339.23","0","4.207893","20565.91","58.00011","49.3001","0.7541197","7.274081","38311.09","18592.51"
"39.8410645512054","110","64","999999","32.7288578676597","LF","262052","0.1684735","12096.4","105675.6","47.54386","8996.006","37.67612","2.992436","762","25642.6","8996.006","2514.6","4048.202","35856.96","73470.59","0","4.643193","22174.68","64.00013","54.40011","0.7547358","7.324729","37473.07","17687.8"
"36.2263165719197","110","54","999999","31.1871525400246","LF","262069.4","0.1713613","12578.56","99459.83","43.99465","9425.994","40.72375","2.760198","798","26875.16","9425.994","2633.4","4241.698","32603.69","66804.67","0","3.917694","19439.24","54.00011","45.90009","0.7814448","6.763912","39379.75","15668"
"44.2025286631884","110","60","999999","29.748208464921","LF","262153.6","0.1637292","11947.14","107706.7","48.70871","9042.23","36.7435","3.077395","766","25772.97","9042.23","2527.8","4069.004","39782.28","81513.54","0","4.352993","21151.99","60.00012","51.0001","0.7411979","7.667002","37754","21222.25"
"36.5985586018173","110","52","999999","28.0846754815765","LF","262181.3","0.1710892","12671.98","98364.1","43.69326","9535.883","41.32476","2.71892","811","27127.93","9535.883","2676.3","4291.147","32938.7","67491.12","0","3.772594","18950.65","52.0001","44.20009","0.7903758","6.744847","39617.95","15906.73"
"43.3512604643369","110","55","999999","28.5758629454455","LF","262184","0.1642153","12132.65","105338.9","47.45719","9222.626","37.75974","2.993273","783","26259.01","9222.626","2583.9","4150.182","39016.13","79943.72","0","3.990244","19787.16","55.00011","46.7501","0.7489387","7.479114","38632.91","20869.92"
"38.5436659450721","110","57","999999","34.683039164012","LF","262224.4","0.1685403","12290.08","103344.2","46.00071","9207.334","38.73018","2.910723","778","26276.1","9207.334","2567.4","4143.3","34689.3","71078.08","0","4.135344","20243.44","57.00011","48.4501","0.7567909","7.116588","38713.27","17719.24"
"35.2542738792813","110","43","999999","28.0758373437647","LF","262224.7","0.1707126","12943.17","94901.6","41.70433","9831.368","43.23596","2.584655","834","28003.42","9831.368","2752.2","4424.116","31728.85","65012.13","0","3.119645","16588.8","43.00009","36.55007","0.8114836","6.516972","41264.01","16187.86"
"41.6035997379068","110","56","999999","33.7173771089437","LF","262227.8","0.1641519","12119.06","105558.5","47.49883","9198.432","37.69224","2.997011","777","26254.75","9198.432","2564.1","4139.294","37443.24","76720.88","0","4.062794","20030.16","56.00011","47.60009","0.7536315","7.493762","38621.64","20938.29"
"39.3080370169839","110","61","999999","27.6245804024797","LF","262279","0.1701871","12327.53","102914.6","46.38332","9165.813","38.94817","2.891905","786","25969.12","9165.813","2593.8","4124.616","35377.23","72487.65","0","4.425543","21370.36","61.00012","51.85011","0.7561712","7.108154","37948.67","16579.49"
"33.8243812788187","110","56","999999","30.7684009066979","LF","262284.2","0.175653","12733.43","97672.46","42.6895","9441.803","41.71765","2.688668","800","26909.4","9441.803","2640","4248.811","30441.94","62375.28","0","4.062794","19933.79","56.00011","47.60009","0.7915175","6.462009","39287.18","12872.12"
"37.8343154605473","110","49","999999","28.3951638071741","LF","262301.3","0.1688567","12646.04","98819.43","44.0022","9571.199","41.052","2.740478","815","27212.08","9571.199","2689.5","4307.04","34050.88","69769.97","0","3.554944","18168.8","49.0001","41.65008","0.7881902","6.867096","40076.01","17528.98"
"39.76373906184","110","51","999999","30.4151932287545","LF","262358.6","0.1663153","12430.59","101661.9","45.54621","9442.851","39.53241","2.851855","802","26881.08","9442.851","2646.6","4249.283","35787.36","73328","0","3.700044","18699.52","51.0001","43.35009","0.774059","7.159699","39566.05","19391.79"
"34.3270492486529","110","57","999999","27.0583810392133","LF","262397.9","0.1756577","12774","97261.86","42.97128","9468.974","41.95794","2.671834","810","26860.76","9468.974","2673","4261.038","30894.34","63302.25","0","4.135344","20210.06","57.00011","48.4501","0.7927745","6.502791","39037.14","12919.1"
"33.5274917668725","110","60","999999","29.8236741949334","LF","262413.8","0.1773749","12708.7","98121.84","42.96603","9351.054","41.46302","2.704477","795","26606.72","9351.054","2623.5","4207.974","30174.74","61827.79","0","4.352993","20961.65","60.00012","51.0001","0.7870954","6.441594","38663.2","11807.4"
"37.0697920003041","110","63","999999","32.2342080774328","LF","262437.4","0.1725298","12349.96","102783.1","45.71537","9127.054","39.00494","2.885498","774","26001.41","9127.054","2554.2","4107.174","33362.81","68360.12","0","4.570643","21849.52","63.00013","53.55011","0.76966","6.950684","37872.5","15031.78"
"38.1244634999113","110","52","999999","31.6233446977068","LF","262493.7","0.168423","12507.79","100799","44.92365","9443.456","39.9768","2.817139","802","26883.65","9443.456","2646.6","4249.555","34312.02","70305.02","0","3.772594","18960.52","52.0001","44.20009","0.7762722","7.000244","39516.28","17926.75"
"49.9964248280593","110","17","999999","36.1597297612164","CC","262521.4","0.1439037","12255","104094.7","43.44517","10249.54","37.62902","3.054869","845","29595.38","10249.54","2788.5","4612.295","44996.78","92198.02","0","1.233348","3654.41","17.00003","14.45003","0.3518989","7.839523","50212.79","38483.42"
"34.7315512674574","110","64","999999","31.254130278014","LF","262585.7","0.1765525","12527.62","100634.6","44.32191","9173.115","40.08471","2.802261","780","26098.33","9173.115","2574","4127.902","31258.4","64048.18","0","4.643193","22034.41","64.00013","54.40011","0.7791253","6.641117","37958.64","12415.77"
"35.2035400895083","110","60","999999","32.328468325226","LF","262610","0.1747345","12549.06","100381.7","44.17008","9271.696","40.21252","2.795479","786","26417.83","9271.696","2593.8","4172.263","31683.19","64918.57","0","4.352993","21011.21","60.00012","51.0001","0.7775881","6.680457","38488.13","13623.54"
"32.0645693231404","110","56","999999","29.2541820274919","LF","262617.6","0.1787345","12916.88","95634.37","41.38745","9540.358","42.91439","2.608637","810","27163.27","9540.358","2673","4293.162","28858.11","59130.02","0","4.062794","19901.56","56.00011","47.60009","0.8051172","6.217377","39454.63","11025.06"
"43.120548295614","110","53","999999","26.3890425440601","LF","262618.1","0.1658673","12271.72","103975.2","46.53588","9314.484","38.31872","2.948266","793","26484.51","9314.484","2616.9","4191.518","38808.49","79518.27","0","3.845144","19246.8","53.00011","45.05009","0.7559288","7.301993","38995.88","19842.35"
"38.7313322292694","110","69","999999","32.1295775401544","LF","262680.7","0.1717508","12139.5","105747.1","47.53006","8918.497","37.60492","2.994994","759","25363.27","8918.497","2504.7","4013.324","34858.2","71424.15","0","5.005942","23525.29","69.00014","58.65012","0.7617903","7.221049","36712.89","15675.01"
"33.2961558332274","110","52","999999","27.8591210022284","LF","262708.1","0.1760295","12947.87","95324.27","41.6741","9657.134","43.10867","2.598466","823","27445.22","9657.134","2715.9","4345.71","29966.54","61401.18","0","3.772594","18951","52.0001","44.20009","0.8099467","6.344631","39888.75","12811.34"
"44.7070191826227","110","64","999999","32.3294589047395","LF","262710.4","0.1631159","11817.83","109935.2","49.83403","8912.626","35.80682","3.158806","755","25403.9","8912.626","2491.5","4010.682","40236.32","82443.87","0","4.643193","22287.32","64.00013","54.40011","0.7442018","7.870784","37095.39","21952"
"38.1962441805062","110","46","999999","31.7355018151177","LF","262717.9","0.1670298","12633.57","99397.27","44.16457","9623.83","40.54737","2.767865","817","27402.36","9623.83","2696.1","4330.723","34376.62","70437.4","0","3.337295","17357.69","46.00009","39.10008","0.7872845","6.964671","40532.16","19036.16"
"36.0729079362799","110","64","999999","33.533615689249","LF","262824.5","0.1745089","12399.81","102525.7","45.23469","9110.054","39.09588","2.877911","772","25962.12","9110.054","2547.6","4099.524","32465.62","66521.77","0","4.643193","22080.59","64.00013","54.40011","0.7731173","6.829708","37840.53","13868.9"
"37.4944348585921","110","55","999999","33.5466430063364","LF","262833.1","0.1700158","12475.25","101559","44.99197","9359.798","39.5501","2.847621","793","26676.53","9359.798","2616.9","4211.909","33744.99","69143.2","0","3.990244","19709.22","55.00011","46.7501","0.7724572","6.955068","39104.66","16951.66"
"32.9735918864799","110","48","999999","29.3945989882173","LF","262880.5","0.1754982","13025.38","94494.61","40.99746","9743.266","43.61685","2.568244","829","27711.96","9743.266","2735.7","4384.469","29676.23","60806.34","0","3.482394","17897.43","48.0001","40.80008","0.815074","6.280919","40654.22","13236.85"
"35.1537285892263","110","56","999999","32.3857628332742","LF","262914.8","0.1739387","12652.14","99354.09","43.56938","9412.621","40.71034","2.760483","798","26818.49","9412.621","2633.4","4235.68","31638.36","64826.72","0","4.062794","19953.56","56.00011","47.60009","0.7878799","6.644768","39162.48","14291.02"
"40.1609859987053","110","52","999999","33.8887828248257","LF","262921.8","0.1655483","12346.56","103311.5","46.18593","9383.104","38.67482","2.918708","795","26742.54","9383.104","2623.5","4222.397","36144.89","74060.56","0","3.772594","18964.15","52.0001","44.20009","0.7676287","7.285669","39369.82","20220.26"
"34.2422877350985","110","68","999999","29.653695943682","LF","262997.4","0.1787431","12553.32","100714.2","44.4448","9122.517","40.01458","2.805196","780","25883.91","9122.517","2574","4105.132","30818.06","63145.94","0","4.933392","23053.22","68.00014","57.80012","0.7814612","6.597217","37347.34","11183.94"
"36.1657758467654","110","63","999999","23.9932748187809","LF","263047.3","0.1763747","12651.32","99497.18","44.5134","9290.921","40.64599","2.761775","805","26188.11","9290.921","2656.5","4180.915","32549.2","66693.02","0","4.570643","21835.63","63.00013","53.55011","0.7692057","6.673667","37825.24","12734.19"
"37.0383691281795","110","50","999999","29.8501626159832","LF","263114.8","0.1701929","12711.27","98789.58","43.80097","9592.738","41.00774","2.743517","818","27254.22","9592.738","2699.4","4316.732","33334.53","68302.17","0","3.627494","18445.51","50.0001","42.50008","0.7957349","6.818363","39953.22","16955.23"
"42.7005151289289","110","69","999999","29.4437043345327","LF","263115.2","0.1678637","11959.11","108513.6","49.28709","8858.631","36.36579","3.103941","759","25109.57","8858.631","2504.7","3986.384","38430.46","78743.69","0","5.005942","23639.31","69.00014","58.65012","0.7495819","7.6109","36378.75","18614.85"
"","110","100","999999","34.8177083333333","CC","263191.7","0.1983672","14213.58","79445.31","0","7801.753","54.26196","2.053383","425","26101.06","7801.753","1402.5","3510.789","","","0","7.254989","20194.53","100.0002","85.00017","2.436028","2.07766","80794.42","-1.865175E-14"
"42.2917823573882","110","50","999999","29.6427230479266","LF","263219.8","0.1642381","12358.47","103455.4","46.4393","9446.931","38.5578","2.930869","805","26849.24","9446.931","2656.5","4251.119","38062.61","77989.95","0","3.627494","18466.71","50.0001","42.50008","0.7698694","7.383845","39551.95","21340.69"
"40.4229096109797","110","66","999999","35.1095179384239","LF","263244.5","0.1685926","12054.21","107413.5","48.20328","8944.496","36.82386","3.065028","759","25473.45","8944.496","2504.7","4025.023","36380.62","74543.57","0","4.788292","22732.5","66.00013","56.10011","0.7542737","7.440246","37088.18","18149.94"
"28.8058517340062","110","52","999999","24.7727782616866","LF","263335","0.1835697","13380.6","90357.1","38.33514","9859.188","46.47112","2.395779","845","27941.15","9859.188","2788.5","4436.635","25925.27","53120.65","0","3.772594","18866.49","52.0001","44.20009","0.8439946","5.744497","40486.29","8333.625"
"34.5464569577772","110","50","999999","30.8915997659875","LF","263399.6","0.1738371","12882.62","96859.29","42.34308","9644.285","42.10049","2.667202","822","27407.15","9644.285","2712.6","4339.928","31091.81","63706.85","0","3.627494","18436.53","50.0001","42.50008","0.805963","6.513994","40171.41","14575.01"
"32.9560235224612","110","52","999999","29.5859451415058","LF","263511.3","0.1769261","12993.61","95536.2","41.48751","9673.636","42.89991","2.612695","825","27482.4","9673.636","2722.5","4353.136","29660.42","60773.95","0","3.772594","18947.96","52.0001","44.20009","0.8131548","6.312342","39930.15","12577.48"
"","110","98","999999","35.7291666666667","CC","263538.9","0.1986289","14257.97","79218.75","0","7907.987","54.5286","2.042236","430","26469.36","7907.987","1419","3558.594","","","0","7.109889","20163.21","98.0002","83.30016","2.432139","2.074437","80418.49","1.598721E-14"
"","110","97","999999","36.4583333333333","CC","263555.7","0.1986416","14261.69","79187.5","0","7889.521","54.61433","2.038402","427","26440.24","7889.521","1409.1","3550.285","","","0","7.037339","20319.17","97.00019","82.45016","2.450846","2.090484","80479.54","-3.552714E-15"
"31.3743397355791","110","61","999999","32.5345628499783","LF","263616.9","0.1819468","12869.42","97247.27","41.51877","9386.207","41.84029","2.678834","796","26739.31","9386.207","2626.8","4223.793","28236.91","57857.18","0","4.425543","21080.87","61.00012","51.85011","0.7939004","6.147635","38804.26","9443.225"
"","110","98","999999","34.2936197916667","CC","263622.8","0.1986921","14297.77","78788.09","0","7995.948","54.97489","2.024211","443","26629.2","7995.948","1461.9","3598.177","","","0","7.109889","19812.67","98.0002","83.30016","2.389959","2.038373","80185.62","0"
"","110","97","999999","35","CC","263690.1","0.1987428","14305.92","78750","0","7984.678","55.05978","2.020531","441","26614.2","7984.678","1455.3","3593.105","","","0","7.037339","19945.97","97.00019","82.45016","2.405939","2.052088","80227.84","3.552714E-15"
"29.6818670709518","110","62","999999","27.6670614734479","LF","263705.6","0.1848669","13087.72","94513.8","40.34457","9498.805","43.52961","2.567108","815","26905.29","9498.805","2689.5","4274.462","26713.68","54736.1","0","4.498093","21214.43","62.00013","52.7001","0.80906","5.933542","38920.34","7710.035"
"","110","97","999999","40.8333333333333","CC","263911.1","0.1989094","14187.65","80500","0","7660.304","53.21859","2.095767","392","26042.11","7660.304","1293.6","3447.137","","","0","7.037339","21624.76","97.00019","82.45016","2.605642","2.224805","81128.4","0"
"","110","103","999999","35","CC","263973.1","0.1989561","14211.79","80250","0","7759.344","53.20408","2.099576","421","25986.85","7759.344","1389.3","3491.705","","","0","7.472638","20300.56","103.0002","87.55018","2.448968","2.088569","80932.38","0"
"","110","97","999999","37.9166666666667","CC","264025.6","0.1989957","14264.19","79625","0","7863.858","54.08823","2.060498","420","26446.13","7863.858","1386","3538.736","","","0","7.037339","20704.46","97.00019","82.45016","2.497208","2.130123","80553.91","6.217249E-15"
"45.0977789774589","110","53","999999","38.1941643638421","LF","264044.3","0.1593377","11970.44","109296.3","49.03936","9242.58","35.95142","3.155184","779","26409.09","9242.58","2570.7","4159.161","40588","83164.46","0","3.845144","19224.78","53.00011","45.05009","0.7523527","7.967978","38915.68","25553.68"
"49.0504583717337","110","74","999999","34.6622604048821","LF","264164.1","0.160597","11380.38","117044.1","53.17903","8541.188","33.13757","3.418386","724","24337.57","8541.188","2389.2","3843.535","44145.41","90453.57","0","5.368691","25070.42","74.00014","62.90013","0.7312013","8.493957","35237.09","24606.24"
"","110","103","999999","37.9166666666667","CC","264217.9","0.1991407","14163.04","81125","0","7740.114","52.28144","2.140482","402","26216.54","7740.114","1326.6","3483.052","","","0","7.472638","21044.3","103.0002","87.55018","2.538461","2.165086","80857.63","1.24345E-14"
"31.1534075139141","110","53","999999","30.9665941799296","LF","264332.1","0.1806202","13131.22","94578.05","40.31601","9713.51","43.42244","2.578953","827","27618.61","9713.51","2729.1","4371.079","28038.07","57449.76","0","3.845144","19176.77","53.00011","45.05009","0.8222215","6.075953","39947.09","10572.7"
"","110","100","999999","36.4583333333333","CC","264332.7","0.1992272","14263.77","79937.5","0","7919.359","53.56082","2.084034","427","26566.68","7919.359","1409.1","3563.712","","","0","7.254989","20422.17","100.0002","85.00017","2.463421","2.10108","80376.22","-8.881784E-15"
"","110","100","999999","33.5416666666667","CC","264341.3","0.1992304","14332.13","79062.5","0","8008.424","54.50745","2.044286","449","26583.8","8008.424","1481.7","3603.791","","","0","7.254989","19532.2","100.0002","85.00017","2.35633","2.009518","80177.66","1.703719"
"45.6252232907574","110","42","999999","30.6373602996838","LF","264357.4","0.1594888","12346.03","104753.9","46.76204","9652.214","37.68241","3.000297","818","27506.26","9652.214","2699.4","4343.497","41062.7","84137.12","0","3.047095","16267.26","42.00008","35.70007","0.7801932","7.672514","40753.96","25584.16"
"51.2484122465732","110","63","999999","31.0653299346289","LF","264400.5","0.1590243","11541.84","115193.2","51.71116","8822.059","33.68638","3.373988","746","25167.51","8822.059","2461.8","3969.927","46123.57","94506.8","0","4.570643","22031.04","63.00013","53.55011","0.7235053","8.353718","36938.05","25979.6"
"","110","102","999999","34.0581597222222","CC","264448.6","0.19931","14289.76","79717.45","0","7910.618","53.73082","2.077203","437","26365.86","7910.618","1442.1","3559.778","","","0","7.400088","19935.19","102.0002","86.70017","2.404943","2.050979","80478.99","2.29159"
"","110","93","999999","36.4583333333333","CC","264533.3","0.1993784","14414.66","78187.5","0","8178.186","55.71841","1.993091","453","27237.69","8178.186","1494.9","3680.184","","","0","6.747139","20010.01","93.00018","79.05016","2.413404","2.058677","79615.46","7.105427E-15"
"32.7385084370463","110","77","999999","31.8392245197006","LF","264543.8","0.1843675","12552.87","102266.4","44.43506","8963.383","39.23369","2.873739","766","25438.84","8963.383","2527.8","4033.522","29464.66","60372.83","0","5.586341","25085.98","77.00015","65.45013","0.7886627","6.46032","36234.73","8360.639"
"37.0125","110","76","999999","14.5833333333333","CC","264576.9","0.1783742","12677.66","100686.3","31.72458","8957.41","38.68861","2.976422","708","26363.45","8957.41","2336.4","4030.834","33311.25","68254.46","0","5.513791","5060.481","76.00015","64.60013","0.287962","4.708269","51973.94","12104.29"
"","110","90","999999","35","CC","264589.6","0.1994208","14510.87","77000","0","8370.968","57.25343","1.933867","475","27694.33","8370.968","1567.5","3766.936","","","0","6.52949","19541.12","90.00018","76.50015","2.356801","2.010435","79059.48","3.552714E-15"
"28.8780781830547","110","52","999999","28.5011433696705","LF","264595.6","0.1842262","13386.56","91540.62","38.42594","9850.551","45.45542","2.454671","843","27937.31","9850.551","2781.9","4432.748","25990.27","53253.84","0","3.772594","18863.79","52.0001","44.20009","0.8430256","5.760844","40471.77","8467.45"
"","110","90","999999","32.0833333333333","CC","264738.2","0.1995328","14590.05","76125","0","8562.833","58.29869","1.896932","504","28032.45","8562.833","1663.2","3853.275","","","0","6.52949","18618.7","90.00018","76.50015","2.245807","1.915535","78529.2","1.776357E-14"
"","110","90","999999","37.9166666666667","CC","264875.8","0.1996365","14465.33","77875","0","8203.826","56.19247","1.97406","453","27346.35","8203.826","1494.9","3691.722","","","0","6.52949","20356.28","90.00018","76.50015","2.45489","2.094301","79579.43","2.309264E-14"
"","110","93","999999","33.5416666666667","CC","264945.2","0.1996888","14514.21","77312.5","0","8391.726","56.6802","1.957378","482","27667.65","8391.726","1590.6","3776.276","","","0","6.747139","19302.96","93.00018","79.05016","2.328324","1.985933","79038.21","-7.105427E-15"
"","110","110","999999","40.8333333333333","CC","264980.1","0.1997151","14018.94","83750","0","7346.438","49.53819","2.272825","363","25186.99","7346.438","1197.9","3305.897","","","0","7.980487","22225.43","110.0002","93.50019","2.678703","2.286603","82115.86","-2.664535E-15"
"","110","97","999999","32.0833333333333","CC","264985.4","0.1997191","14473.81","77875","0","8236.869","55.85128","1.990274","480","27044.17","8236.869","1584","3706.591","","","0","7.037339","18924.09","97.00019","82.45016","2.282976","1.946955","79587.73","1.421085E-14"
"55.0427339899566","110","60","999999","35.6438322659935","LF","265015.3","0.1527596","11277.01","119231.6","53.47384","8808.689","32.32563","3.523927","741","25192.74","8808.689","2445.3","3963.91","49538.46","101503.9","0","4.352993","21220.99","60.00012","51.0001","0.7091483","8.938437","37244.6","31565.32"
"34.9032909960531","110","50","999999","35.0717299318821","LF","265128.3","0.1743476","12894.49","98434.48","42.58769","9642.618","41.02715","2.743637","822","27400.09","9642.618","2712.6","4339.178","31412.96","64364.89","0","3.627494","18441.65","50.0001","42.50008","0.8058662","6.567305","40135.09","14998.84"
"84.6","110","110","999999","93.3333333333333","CC","265135","0.1126595","6922.827","175640","59.02079","5335.12","21.73991","5.113911","196","19398.7","5335.12","646.8","2400.804","76140","156010.2","0","7.980487","18609.67","110.0002","93.50019","1.922549","14.28923","55202.85","79414.27"
"34.5637155217333","110","59","999999","39.0093264143323","LF","265146.6","0.1771994","12654.13","101560.1","43.61656","9303.87","39.36706","2.862481","788","26521.42","9303.87","2600.4","4186.742","31107.34","63738.68","0","4.280443","20715.35","59.00012","50.1501","0.7795668","6.583694","38740.56","13113.67"
"29.3292838600962","110","47","999999","31.4504127862341","LF","265191","0.1826328","13429.46","91581.48","38.17416","9949.121","45.19572","2.463039","848","28273.13","9949.121","2798.4","4477.104","26396.36","54085.91","0","3.409845","17647.83","47.0001","39.95008","0.8453879","5.785585","41170.9","9688.977"
"","110","83","999999","35","CC","265432.3","0.200056","14711.44","75250","0","8687.475","59.71204","1.845628","509","28478.75","8687.475","1679.7","3909.364","","","0","6.02164","19135.22","83.00017","70.55014","2.307539","1.968676","78186.62","0"
"54.9086772545632","110","52","999999","41.4837808180719","LF","265726.2","0.148602","11360.51","118862.9","53.30092","9069.56","32.41936","3.519647","762","25954.3","9069.56","2514.6","4081.302","49417.81","101256.7","0","3.772594","18961.75","52.0001","44.20009","0.7185696","9.174015","38641.27","35689.98"
"94","110","110","999999","46.6666666666667","CC","266046","0.1196852","7421.841","170100","57.54592","5531.077","22.17784","5.091064","264","19115.4","5531.077","871.2","2488.984","84600","173344.7","0","7.980487","14906.75","110.0002","93.50019","1.415123","12.78526","53884.2","69316.52"
"","110","110","999999","35","CC","266106.4","0.200564","14241.44","82000","0","7701.663","51.04334","2.20033","412","25889.82","7701.663","1359.6","3465.748","","","0","7.980487","20576.02","110.0002","93.50019","2.482534","2.116909","81091.53","-1.421085E-14"
"43.6427362356223","110","73","999999","42.8957744139677","LF","266192.9","0.1671542","11742.06","114397.2","50.99279","8655.009","33.91534","3.338326","735","24639.75","8655.009","2425.5","3894.754","39278.46","80481.23","0","5.296142","24728.35","73.00014","62.05013","0.7451096","7.955145","35730.64","20553.73"
"50.1616067658008","110","42","999999","35.9317332518462","LF","266193.9","0.1534994","12049.41","110425","49.41233","9590.908","35.17193","3.228981","812","27344.73","9590.908","2679.6","4315.909","45145.45","92502.63","0","3.047095","16274.27","42.00008","35.70007","0.768654","8.383958","40516.4","31512.54"
"35.9873187312418","110","37","999999","35.5840503887154","LF","266254.8","0.1700392","13145.68","96313.8","41.63437","10050.83","42.0029","2.673903","858","28540.37","10050.83","2831.4","4522.874","32388.59","66363.94","0","2.684346","15145.93","37.00007","31.45006","0.8259617","6.643027","42154.92","18491.82"
"","110","97","999999","46.6666666666667","CC","266334.5","0.200736","14239.74","82250","0","7620.016","51.09578","2.191557","381","26051.53","7620.016","1257.3","3429.007","","","0","7.037339","22463.45","97.00019","82.45016","2.707228","2.311092","81299.83","-5.329071E-15"
"","110","103","999999","32.0833333333333","CC","266513.4","0.2008708","14475.97","79375","0","8148.738","53.81157","2.075618","469","26850.85","8148.738","1547.7","3666.932","","","0","7.472638","19102.65","103.0002","87.55018","2.304822","1.965325","79818.83","2.4869E-14"
"","110","69","999999","29.1666666666667","CC","266518.6","0.2008717","15201.57","70000","0","9430.848","68.81046","1.576234","619","29827.39","9430.848","2042.7","4243.881","","","0","5.005942","16460.54","69.00014","58.65012","1.984544","1.693499","76281.23","1.526793"
"","110","83","999999","40.8333333333333","CC","266545.2","0.2008948","14662.15","77000","0","8372.867","57.27845","1.929377","469","27800.65","8372.867","1547.7","3767.79","","","0","6.02164","20750.91","83.00017","70.55014","2.501955","2.134902","79201.77","0"
"","110","55","999999","35","CC","266680.1","0.2008453","15349.44","68250","0","9603.247","73.50178","1.460731","601","30852.77","9603.247","1983.3","4321.461","","","0","3.990244","17742.89","55.00011","46.7501","2.13788","1.825429","75774.6","77.22337"
"50.1595601502351","110","40","999999","25.411529825148","LF","266810.5","0.1624988","12380.06","106767.1","46.16433","9659.057","36.46147","3.1155","817","27551.64","9659.057","2696.1","4346.576","45143.61","92498.85","0","2.901995","15719.18","40.00008","34.00007","0.7688258","7.512537","40824.98","24376.85"
"94","110","110","999999","93.3333333333333","CC","267084","0.1069544","6419.175","184100","61.49041","5281.774","20.80313","5.199172","193","19221.77","5281.774","636.9","2376.799","84600","173344.7","0","7.980487","18561.87","110.0002","93.50019","1.923537","15.58407","55166.23","90534.41"
"37.4719567893598","110","26","999999","29.7919600274716","LF","267180.3","0.166526","13461.05","93162.35","40.50916","10562.29","43.71416","2.561256","905","29938.02","10562.29","2986.5","4753.03","33724.76","69101.74","0","1.886297","12147.64","26.00005","22.10004","0.7785133","6.686637","43896.13","21477.09"
"52.3081804217309","110","62","999999","25.9591502636521","LF","267271.4","0.1646284","11827.97","114365.1","50.47348","8927.856","33.69672","3.378403","767","25271.91","8927.856","2531.1","4017.535","47077.36","96461.11","0","4.498093","21813.29","62.00013","52.7001","0.7183006","7.991994","36925.26","22950.52"
"","110","110","999999","46.6666666666667","CC","267323.6","0.2014814","14064.85","85500","0","7251.557","47.79235","2.365977","349","25014.2","7251.557","1151.7","3263.2","","","0","7.980487","23182.13","110.0002","93.50019","2.794489","2.385031","82494.09","-1.776357E-15"
"","110","110","999999","46.6666666666667","CC","267323.6","0.2014814","14064.85","85500","0","7251.557","47.79235","2.365977","349","25014.2","7251.557","1151.7","3263.2","","","0","7.980487","23182.13","110.0002","93.50019","2.794489","2.385031","82494.09","-1.776357E-15"
"","110","110","999999","46.6666666666667","CC","267323.6","0.2014814","14064.85","85500","0","7251.557","47.79235","2.365977","349","25014.2","7251.557","1151.7","3263.2","","","0","7.980487","23182.13","110.0002","93.50019","2.794489","2.385031","82494.09","-1.776357E-15"
"47","110","83","999999","23.3333333333333","LF","267373","0.1737472","11860.21","114050","51.82787","8532.707","34.06031","3.336689","757","23761.15","8532.707","2498.1","3839.718","42300","86672.34","0","6.02164","27288.73","83.00017","70.55014","0.6839008","7.769429","33581.85","16404.68"
"47","110","165","999999","23.3333333333333","LF","267426.8","0.1856364","10278.61","134550","63.31234","6863.891","28.44153","4.013718","622","18900.2","6863.891","2052.6","3088.751","42300","86672.34","0","11.97073","42449.37","165.0003","140.2503","0.3911158","8.468365","21983.17","8803.254"
"","110","97","999999","29.1666666666667","CC","267513.8","0.2016221","14737.08","77000","0","8612.458","56.56251","1.964572","527","27866.05","8612.458","1739.1","3875.606","","","0","7.037339","18012.51","97.00019","82.45016","2.172977","1.853169","78574.44","1.382618"
"","110","55","999999","46.6666666666667","CC","267522.1","0.201631","15143.83","71750","0","9376.969","66.11186","1.637819","530","31056.7","9376.969","1749","4219.636","","","0","3.990244","19581.81","55.00011","46.7501","2.358637","2.014622","75677.36","-2.842171E-14"
"43.7235576923078","110","124","999999","23.3333333333333","LF","267544.6","0.1833629","11308.7","121351.2","56.85727","7724.688","31.87086","3.567753","700","21270.53","7724.688","2310","3476.109","39351.2","80630.27","0","8.996185","35963.34","124.0003","105.4002","0.5706403","7.931715","27423.68","10234.65"
"","110","83","999999","46.6666666666667","CC","267552.9","0.2016468","14604.73","78750","0","8207.537","55.11192","2.013036","433","27689.63","8207.537","1428.9","3693.392","","","0","6.02164","21889.09","83.00017","70.55014","2.637273","2.252","79550.48","3.808695"
"","110","83","999999","58.3333333333333","CC","267634.2","0.2017155","14340.28","82250","0","7720.281","51.52884","2.161093","337","27197.06","7720.281","1112.1","3474.126","","","0","6.02164","24306.26","83.00017","70.55014","2.929205","2.500684","80540.34","-2.4869E-14"
"20.8858185502288","110","38","999999","23.1204421430367","LF","267775.9","0.1947044","14584.59","79233.37","29.42485","10770.12","56.51623","1.936938","924","30507.59","10770.12","3049.2","4846.556","18797.24","38515.38","0","2.756896","15068.67","38.00008","32.30006","0.9343968","4.580862","44573.82","3752.014"
"58.9967078528167","110","49","999999","30.9450572265378","LF","267906.5","0.1540682","11547.15","118630.6","51.61446","9120.835","32.19775","3.55745","767","26089.7","9120.835","2531.1","4104.375","53097.04","108795.4","0","3.554944","18133.22","49.0001","41.65008","0.7190482","8.68309","38993.75","31877.09"
"","110","69","999999","40.8333333333333","CC","268430.3","0.202161","15078.71","73500","0","9048.354","62.49314","1.750262","530","29664.13","9048.354","1749","4071.76","","","0","5.005942","19847.8","69.00014","58.65012","2.392442","2.041988","77381.77","78.46917"
"47","110","124","999999","40.8333333333333","LF","268539.1","0.1763706","10751.41","129550","59.65977","7169.27","29.53772","3.82738","634","19997.77","7169.27","2092.2","3226.171","42300","86672.34","0","8.996185","38174.08","124.0003","105.4002","0.6905657","8.748192","27514.36","15145.51"
"28.9957074175824","110","102","999999","32.8385416666667","LF","268588.8","0.1971494","12619.68","105447.7","43.482","8738.769","37.26791","3.044402","754","24683.52","8738.769","2488.2","3932.446","26096.14","53470.76","0","7.400088","28180.39","102.0002","86.70017","0.79904","6.07207","34877.76","2751.59"
"35.0033219727271","110","44","999999","44.2506643980322","LF","268709.2","0.1749869","13067.55","99778.19","41.86404","9819.272","39.78971","2.829819","834","27952.16","9819.272","2752.2","4418.672","31502.99","64549.36","0","3.192195","16866.52","44.00009","37.40007","0.8143973","6.538505","41104.66","16152"
"78.7101148060174","110","22","999999","28.3442613486408","CC","268758","0.1436843","10823.08","128842.4","47.6609","8901.508","28.69504","4.107977","709","26110.17","8901.508","2339.7","4005.678","70839.1","145148.7","0","1.596097","4347.525","22.00004","18.70004","0.4118611","8.514287","49618.98","42056.4"
"14.1","110","166","999999","23.3333333333333","CC","269024.8","0.2001878","12673.34","105190","21.34412","7370.987","36.24041","3.188866","464","23636.85","7370.987","1531.2","3316.944","12690","26001.7","0","12.04328","10241.66","166.0003","141.1003","0.8485017","3.43864","58128.78","1320.577"
"21.7623261044452","110","52","999999","29.6919716597787","LF","269025.1","0.1970306","14196.96","85493.69","31.73181","10339.1","49.67489","2.233279","884","29336.14","10339.1","2917.2","4652.593","19586.09","40131.74","0","3.772594","17548.19","52.0001","44.20009","0.9134632","4.787451","42768.36","2986.436"
"14.1","110","166","999999","70","CC","269119.3","0.1989779","11597.69","119190","18.56216","5130.875","31.29776","3.709354","194","18565.92","5130.875","640.2","2308.894","12690","26001.7","0","12.04328","22237.03","166.0003","141.1003","2.413261","4.757191","66636.37","1989.438"
"66.1727150537634","110","86","999999","39.2965949820789","LF","269727.3","0.1499128","10279.08","136844.4","60.61765","7858.352","27.56344","4.123794","666","22393.81","7858.352","2197.8","3536.258","59555.45","122028.6","0","6.23929","28805.38","86.00018","73.10014","0.6831757","10.35002","32417.84","36545.15"
"47","110","55","999999","55.4166666666667","LF","270608.4","0.1607719","11907.42","116675","50.43739","9129.346","32.79043","3.478373","770","26076.63","9129.346","2541","4108.206","42300","86672.34","0","3.990244","19785.86","55.00011","46.7501","0.7385443","8.274098","38454.64","27568.48"
"35.7785451809298","110","44","999999","18.7298676723619","LF","270675.9","0.1821622","13757.96","92819.65","38.86574","10422.55","43.63547","2.566302","905","29345.84","10422.55","2986.5","4690.146","32200.69","65978.94","0","3.192195","16957.8","44.00009","37.40007","0.7699825","6.05702","40922.68","12308.28"
"50.8517331376157","110","25","999999","32.982503105825","LF","270742","0.1542701","12750.37","105911.3","46.32455","10364.22","36.44707","3.119935","886","29409.87","10364.22","2923.8","4663.901","45766.56","93775.29","0","1.813747","11604.05","25.00005","21.25004","0.7295557","8.088481","43457.72","33122.85"
"1.175","110","55","999999","23.3333333333333","CC","270764.7","0.204025","15854.33","65807.5","0","10299.82","79.00092","1.353039","751","31347.95","10299.82","2478.3","4634.917","1057.5","2166.808","0","3.990244","13557.13","55.00011","46.7501","1.609945","1.606699","72385.04","25.13275"
"","110","83","999999","23.3333333333333","CC","271145.5","0.2043481","15424.11","71750","0","9589.593","64.185","1.707846","655","29910.5","9589.593","2161.5","4315.317","","","0","6.02164","15608.08","83.00017","70.55014","1.881477","1.605795","76146.28","6.974753"
"64.1807511891803","110","67","999999","31.3710771873356","LF","271223.7","0.1559299","11084.86","127924","55.42827","8544.606","29.41112","3.891207","726","24319.3","8544.606","2395.8","3845.073","57762.68","118355.2","0","4.860842","23344.94","67.00014","56.95012","0.6994648","9.249823","35651.9","31916.81"
"47","110","207","999999","40.8333333333333","LF","271434.4","0.1948704","9370.274","150300","69.12478","5264.28","25.39911","4.488967","478","14479.91","5264.28","1577.4","2368.926","42300","86672.34","0","15.01783","51564.95","207.0004","175.9503","0.4606663","8.987156","18787.12","5113.639"
"32.6105439358162","110","22","999999","23.0399551976063","LF","271749.8","0.1775234","14387.01","85761.48","35.15741","11263.91","48.84706","2.277158","971","31830.34","11263.91","3204.3","5068.758","29349.49","60136.85","0","1.596097","10999.21","22.00004","18.70004","0.7316089","5.827512","44951.56","15779.71"
"63.6081730769231","110","187","999999","31.5785256410256","LF","271787.8","0.1730287","8842.911","157470.9","73.8681","5389.732","24.13903","4.65874","497","14700.36","5389.732","1640.1","2425.38","57247.36","117299.3","0","13.56683","51064.46","187.0004","158.9503","0.3540877","10.61861","17051.38","18872.66"
"35.25","110","166","999999","40.8333333333333","LF","272193.9","0.2022567","11039.93","129475","54.34478","7105.899","29.13536","3.948952","620","19958.51","7105.899","2046","3197.655","31725","65004.25","0","12.04328","39348.13","166.0003","141.1003","0.6838086","7.178037","27569.62","1469.271"
"28.2","110","110","999999","140","CC","273706.4","0.1799134","10429.41","138880","32.95358","5535.744","26.50492","4.385004","203","20134.24","5535.744","669.9","2491.085","25380","52003.4","0","7.980487","19369.25","110.0002","93.50019","2.061183","6.596617","58766.63","15047.92"
"21.9446698505523","110","26","999999","31.6728147218453","LF","273799.5","0.1952193","15010.42","79752.05","28.52367","11241.33","54.89024","2.001348","969","31767.42","11241.33","3197.7","5058.598","19750.2","40468","0","1.886297","12540.5","26.00005","22.10004","0.8643283","4.598796","45778.18","5858.259"
"","110","110","999999","70","CC","273887.8","0.2064289","14031.14","92500","0","6669.577","42.15125","2.710068","265","23923.68","6669.577","874.5","3001.31","","","0","7.980487","26690.31","110.0002","93.50019","3.217772","2.745961","84325.98","-1.421085E-14"
"","110","55","999999","23.3333333333333","CC","274247.7","0.2066804","16205.57","64750","0","10504.76","81.44235","1.309069","764","32003.54","10504.76","2521.2","4727.144","","","0","3.990244","14054.56","55.00011","46.7501","1.693945","1.445966","73808.27","9.808458"
"","110","138","999999","58.3333333333333","CC","274882.9","0.2071789","13837.38","96000","0","6031.578","39.5964","2.91625","253","21416.55","6031.578","834.9","2714.21","","","0","10.01188","26671.33","138.0003","117.3002","3.217104","2.744008","86844.05","-1.421085E-14"
"28.2","110","221","999999","46.6666666666667","CC","275004.5","0.1846379","10549.16","138630","35.24216","4212.725","26.42895","4.403045","189","14756.94","4212.725","623.7","1895.726","25380","52003.4","0","16.03352","17892.79","221.0004","187.8504","1.466985","6.179328","59852.92","12580.59"
"47","110","165","999999","58.3333333333333","LF","275086.8","0.1905644","10058.92","145050","65.14784","5925.546","26.04415","4.339422","522","16561.54","5925.546","1722.6","2666.496","42300","86672.34","0","11.97073","47050.18","165.0003","140.2503","0.6254303","8.962756","22355.74","9030.869"
"","110","110","999999","23.3333333333333","CC","275260.5","0.2074634","15220.28","78500","0","9112.579","53.47282","2.098723","589","28969.99","9112.579","1943.7","4100.661","","","0","7.980487","16348.84","110.0002","93.50019","1.972238","1.682006","77217.06","8.526513E-14"
"71.4791666666667","110","44","999999","35.4861111111111","LF","275706.1","0.1471876","11272.78","129977.1","54.58204","9214.455","28.47039","4.043335","779","26289.9","9214.455","2570.7","4146.505","64331.25","131814.2","0","3.192195","16735.58","44.00009","37.40007","0.7149916","9.78365","39519.46","42264.16"
"31.725","110","14","999999","23.3333333333333","CC","275850.7","0.1758007","14913.79","83052.5","29.49105","12065.31","50.04119","2.245884","1021","34407.57","12065.31","3369.3","5429.39","28552.5","58503.82","0","1.015698","3382.485","14.00003","11.90002","0.3293699","5.251868","51174.48","18744.55"
"17.2428636220923","110","75","999999","24.3868959151507","LF","275981.4","0.2075748","14728.02","85584.65","26.74709","10729.49","48.29525","2.331605","925","30319.03","10729.49","3052.5","4828.271","15518.58","31797.43","0","5.441241","16974.34","75.00015","63.75013","0.9769785","4.169011","45019.15","213.6266"
"","110","55","999999","70","CC","276976","0.2087564","15333.65","78750","0","9393.081","54.03993","2.051101","530","31124.98","9393.081","1749","4226.887","","","0","3.990244","19611.01","55.00011","46.7501","2.362269","2.017627","75616.25","-3.907985E-14"
"19.1318351642914","110","67","999999","39.0759435207179","LF","277670.1","0.2076423","14540.97","89691.44","29.30381","10454.44","45.11604","2.504665","899","29579.25","10454.44","2966.7","4704.497","17218.65","35280.87","0","4.860842","18051.06","67.00014","56.95012","0.9491871","4.459479","43550.52","809.2666"
"56.4","110","110","999999","140","CC","277963.4","0.1442059","8795.454","164260","49.20925","5435.324","22.41828","5.058432","199","19774.2","5435.324","656.7","2445.896","50760","104006.8","0","7.980487","18842.48","110.0002","93.50019","1.952427","10.4311","55956.86","46471.01"
"64.2910668296095","110","54","999999","21.5090696919011","LF","278079.7","0.1722109","12087.78","121814.7","49.16454","9100.282","30.37479","3.79753","785","25707.8","9100.282","2590.5","4095.127","57861.96","118558.7","0","3.917694","19687.69","54.00011","45.90009","0.6860231","7.764743","37790.24","22275.92"
"71.4791666666667","110","84","999999","18.4722222222222","CC","278835.4","0.1714008","11136.13","134872.9","41.50427","7866.843","26.54641","4.474441","588","23707.28","7866.843","1940.4","3540.08","64331.25","131814.2","0","6.09419","5543.527","84.00017","71.40015","0.3081686","6.40084","49903.98","23207.37"
"56.4","110","221","999999","46.6666666666667","CC","279028.6","0.147616","8897.19","164010","51.26221","4020.849","22.36138","5.064616","182","14058.46","4020.849","600.6","1809.382","50760","104006.8","0","16.03352","17173.72","221.0004","187.8504","1.306886","9.932117","57204.87","43584.77"
"47","110","248","999999","23.3333333333333","LF","279272.8","0.1992534","9589.839","155300","67.01897","6008.125","23.84564","4.855108","542","16583.93","6008.125","1788.6","2703.656","42300","86672.34","0","17.99237","46108.08","248.0005","210.8004","0.2087658","8.516167","19173.96","5786.556"
"82.25","110","165","999999","40.8333333333333","LF","279656.4","0.1562668","8364.439","171525","76.09232","5219.667","21.92128","5.031803","483","14208.96","5219.667","1593.9","2348.85","74025","151676.6","0","11.97073","50365.65","165.0003","140.2503","0.5026708","12.55398","18887.41","35801.04"
"","110","52","999999","18.4722222222222","CC","279973.2","0.210962","16819.28","62541.67","0","11149.23","87.71924","1.208159","859","33178.72","11149.23","2834.7","5017.155","","","0","3.772594","12193.85","52.0001","44.20009","1.470417","1.254532","72970.38","26.00589"
"","110","110","999999","93.3333333333333","CC","281687.7","0.2123076","14093.01","99500","0","6508.087","37.54537","3.077228","235","23730.67","6508.087","775.5","2928.639","","","0","7.980487","27286.96","110.0002","93.50019","3.290063","2.807345","84647.87","-7.105427E-14"
"","110","110","999999","93.3333333333333","CC","281687.7","0.2123076","14093.01","99500","0","6508.087","37.54537","3.077228","235","23730.67","6508.087","775.5","2928.639","","","0","7.980487","27286.96","110.0002","93.50019","3.290063","2.807345","84647.87","-7.105427E-14"
"","110","110","999999","93.3333333333333","CC","281687.7","0.2123076","14093.01","99500","0","6508.087","37.54537","3.077228","235","23730.67","6508.087","775.5","2928.639","","","0","7.980487","27286.96","110.0002","93.50019","3.290063","2.807345","84647.87","-7.105427E-14"
"49.8589215673593","110","204","999999","16.7903386180314","LF","282769","0.1965177","10663.99","144910.1","60.42084","7419.883","25.19991","4.63082","664","20568.46","7419.883","2191.2","3338.948","44873.03","91944.45","0","14.80018","38530.59","204.0004","173.4003","0.2323435","7.970073","23485.17","8672.078"
"","110","165","999999","46.6666666666667","CC","282929.5","0.2132436","14208.42","99250","0","6223.271","37.09514","3.141933","281","21770.31","6223.271","927.3","2800.472","","","0","11.97073","25116.45","165.0003","140.2503","3.030555","2.584038","86171.46","-7.105427E-15"
"47","110","14","999999","52.5","CC","283825.1","0.1571166","13790.36","105550","40.36937","11598.32","35.18219","3.306698","976","33165.59","11598.32","3220.8","5219.243","42300","86672.34","0","1.015698","3180.006","14.00003","11.90002","0.3112479","7.519129","50160.88","37104.65"
"84.6","110","110","999999","140","CC","284012.3","0.1206525","7300.109","189640","58.99652","5344.737","19.5648","5.317845","196","19439.45","5344.737","646.8","2405.132","76140","156010.2","0","7.980487","18609.67","110.0002","93.50019","1.929234","14.29409","55223.74","79456.84"
"79.3125","110","162","999999","24.7916666666667","LF","284311.2","0.1757334","9359.294","163318.8","70.90215","6259.705","22.53183","5.016377","573","17142.34","6259.705","1890.9","2816.867","71381.25","146259.6","0","11.75308","44980.34","162.0003","137.7003","0.3247719","10.47123","19273.11","22515.17"
"94","110","221","999999","46.6666666666667","LF","284922.2","0.1541582","6735.413","197850","85.49223","3517.26","19.27114","5.272114","334","9434.945","3517.26","1102.2","1582.767","84600","173344.7","0","16.03352","61768.39","221.0004","187.8504","0.3183116","14.28805","11306.79","40336.83"
"94","110","110","999999","46.6666666666667","LF","285506.8","0.1421617","8927.218","170100","69.81083","6888.008","21.70207","5.084672","600","19362.71","6888.008","1980","3099.604","84600","173344.7","0","7.980487","36002.74","110.0002","93.50019","0.6342314","13.04808","27536.96","52719.57"
"82.25","110","207","999999","23.3333333333333","LF","285707.4","0.1791086","8426.396","176775","74.22718","5432.066","20.97213","5.173563","491","14978.03","5432.066","1620.3","2444.43","74025","151676.6","0","15.01783","47638.49","207.0004","175.9503","0.09772449","10.55981","16823.78","20759.77"
"94","110","110","999999","140","CC","285961.6","0.1144889","6796.476","198100","61.46685","5291.004","18.80812","5.401641","193","19260.88","5291.004","636.9","2380.952","84600","173344.7","0","7.980487","18561.87","110.0002","93.50019","1.930244","15.58892","55188.96","90576.84"
"80.3688473926945","110","85","999999","24.2589554630352","LF","288355.6","0.1725963","11100.04","144859.7","58.21173","8026.811","24.72748","4.645864","716","22288.8","8026.811","2362.8","3612.065","72331.96","148207.6","0","6.16674","28440.16","85.00017","72.25014","0.6154138","9.23646","31716.48","26602.44"
"","110","166","999999","70","CC","288853.7","0.2177086","14105.85","106500","0","5827.68","33.47843","3.510648","224","21027.45","5827.68","739.2","2622.456","","","0","12.04328","28332.63","166.0003","141.1003","3.419259","2.914927","87599.99","-7.105427E-15"
"82.25","110","124","999999","23.3333333333333","LF","289356.5","0.1775771","10313.77","156025","64.8291","7104.953","23.1181","4.944025","649","19479.54","7104.953","2141.7","3197.229","74025","151676.6","0","8.996185","37691.53","124.0003","105.4002","0.4724437","9.830552","24852.19","23413.57"
"111.625","110","55","999999","23.3333333333333","CC","290016.2","0.1613573","9654.113","165212.5","48.31816","6922.281","21.23387","5.210881","473","21587.95","6922.281","1560.9","3115.027","100462.5","205846.8","0","3.990244","6996.299","55.00011","46.7501","0.5394546","8.257427","50266.96","36400.14"
"20.9512867647059","110","13","999999","31.2683823529412","CC","291010.9","0.202251","16671.74","75486.67","18.91686","13172.33","56.54194","1.971176","1128","37346.39","13172.33","3722.4","5927.55","18856.16","38636.11","0","0.9431485","3379.158","13.00003","11.05002","0.3260556","3.794153","52900.87","8669.098"
"94","110","110","999999","93.3333333333333","LF","291713.3","0.1299936","8324.362","184100","72.98217","6845.262","20.10555","5.216604","590","19345.35","6845.262","1947","3080.368","84600","173344.7","0","7.980487","36002.74","110.0002","93.50019","0.6342314","15.12973","27554.32","70954.81"
"","110","166","999999","23.3333333333333","CC","291807","0.2199345","15417.27","92500","0","8543.423","39.74067","2.936415","517","27737.28","8543.423","1706.1","3844.54","","","0","12.04328","16988.42","166.0003","141.1003","2.050339","1.747808","78572.58","6.883383E-15"
"94","110","221","999999","93.3333333333333","LF","292215.9","0.1460365","6216.655","211850","86.80568","3098.119","18.04478","5.400233","278","8575.902","3098.119","917.4","1394.153","84600","173344.7","0","16.03352","62866.68","221.0004","187.8504","0.3907011","15.74936","11846.85","52151.41"
"28.2","110","221","999999","93.3333333333333","CC","292261.3","0.1944481","10801.09","152630","33.2169","3711.244","23.09311","5.01453","132","13565.35","3711.244","435.6","1670.06","25380","52003.4","0","16.03352","23984.07","221.0004","187.8504","2.392561","6.927154","64080.65","13632.89"
"94","110","331","999999","46.6666666666667","LF","293345.7","0.164317","5259.763","225350","92.18676","2115.229","17.0909","5.589378","201","5671.791","2115.229","663.3","951.8531","84600","173344.7","0","24.01401","69992.07","331.0007","281.3506","0.04935662","14.58466","5118.01","35463.29"
"16.0242527399535","110","97","999999","10.6620747075538","CC","293687.3","0.2154203","16075.54","85870.45","16.53188","11389.29","45.07438","2.544747","951","32689.25","11389.29","3138.3","5125.181","14421.83","29550.2","0","7.037339","4671.029","97.00019","82.45016","0.26093","2.913968","55335.34","2825.896"
"84.6","110","221","999999","46.6666666666667","CC","293891.3","0.137071","8083.636","189390","57.71281","3986.137","19.05169","5.377498","182","13911.37","3986.137","600.6","1793.762","76140","156010.2","0","16.03352","16880.71","221.0004","187.8504","1.269466","12.26311","56223.67","63221.05"
"134.407101935185","","420","999999","92.7669604295777","CC","293911.6","0.123798","3103.08","253796.5","99.04716","0","15.97302","5.716102","","","","","","120966.4","247859.1","0","30.47095","79825.53","420.0009","357.0007","0.1376679","20.90963","1749.865","81098.03"
"133.051267365098","","422","999999","94.371272026805","CC","294291.5","0.1244064","3150.948","253557.5","99.08668","0","15.9737","5.714575","","","","","","119746.1","245358.8","0","30.61605","79849.99","422.0009","358.7007","0.1292757","20.8342","1671.256","80435.16"
"135.907143034447","","421","999999","90.181723051636","CC","294578","0.1240037","3090.855","254621","99.11803","0","15.90753","5.727203","","","","","","122316.4","250625.3","0","30.5435","79806.49","421.0009","357.8507","0.1235366","20.92218","1620.693","81204.14"
"133.930630774723","","424","999999","88.9762912666647","CC","294601.1","0.1254436","3200.203","253230.5","99.11472","0","15.97001","5.716236","","","","","","120537.6","246980.4","0","30.76115","79841.24","424.0009","360.4007","0.1218853","20.6827","1608.233","79103.91"
"133.379673580024","","424","999999","91.3968647556647","CC","294698.6","0.1251256","3189.927","253460.8","99.10585","0","15.95974","5.717048","","","","","","120041.7","245964.4","0","30.76115","79861.13","424.0009","360.4007","0.1252012","20.74341","1629.023","79627.74"
"131.669674385846","","427","999999","89.3876469601871","CC","294742.8","0.1266776","3301.006","252069","99.10115","0","16.02087","5.706661","","","","","","118502.7","242811","0","30.9788","79878.29","427.0009","362.9507","0.1224488","20.49008","1617.761","77420.1"
"136.08272129443","","420","999999","93.9050601635305","CC","294905.5","0.1229769","3036.899","255646","99.05454","0","15.85436","5.734959","","","","","","122474.4","250949.1","0","30.47095","79818.02","420.0009","357.0007","0.1393568","21.1223","1753.832","82946.64"
"137.779180965244","","419","999999","91.578572428656","CC","295003.9","0.1227502","2999.734","256224.8","99.07609","0","15.82056","5.74174","","","","","","124001.3","254077.5","0","30.3984","79794.94","419.0008","356.1507","0.1359043","21.16899","1717.598","83351.64"
"135.302578652745","","420","999999","96.5991756312273","CC","295035.2","0.122832","3038.719","255752.1","99.03909","0","15.84881","5.734866","","","","","","121772.3","249510.4","0","30.47095","79835.4","420.0009","357.0007","0.1433549","21.15721","1785.37","83247.96"
"130.347772607354","","427","999999","95.3989946829136","CC","295300.6","0.1262794","3296.679","252682.7","99.06886","0","15.98068","5.710855","","","","","","117313","240373.3","0","30.9788","79901.09","427.0009","362.9507","0.1306836","20.59493","1684.348","78336.39"
"133.127871690426","","424","999999","96.9357183902043","CC","295650.8","0.1243729","3152.575","254895.8","99.0832","0","15.86749","5.729925","","","","","","119815.1","245500.1","0","30.76115","79878.98","424.0009","360.4007","0.1327887","20.93837","1685.834","81323.47"
"134.972569115179","","426","999999","91.5267610664313","CC","296293.3","0.1248623","3160.693","255433.3","99.11948","0","15.81292","5.739976","","","","","","121475.3","248901.9","0","30.90625","79856.8","426.0009","362.1007","0.1253791","20.90168","1616.281","80992.73"
"132.758930270375","","428","999999","93.0989011725896","CC","296303.4","0.1257438","3240.426","254412.7","99.10318","0","15.86198","5.730502","","","","","","119483","244819.7","0","31.05135","79897.98","428.0009","363.8007","0.1275327","20.75565","1634.702","79709.91"
"56.4","110","221","999999","93.3333333333333","CC","296419.2","0.1550618","9159.47","178010","49.51785","3488.854","19.97085","5.270436","126","12721.18","3488.854","415.8","1569.984","50760","104006.8","0","16.03352","23598.38","221.0004","187.8504","2.302958","10.78297","61927.85","45239.08"
"134.652972310121","","427","999999","94.7450458099361","CC","297091","0.1245574","3150.629","256361.2","99.10835","0","15.7477","5.749074","","","","","","121187.7","248312.5","0","30.9788","79877.25","427.0009","362.9507","0.1297877","21.01087","1645.142","81935.48"
"136.442859637036","","427","999999","92.80923747163","CC","297613.7","0.1242535","3111.375","257391.3","99.12794","0","15.68032","5.76095","","","","","","122798.6","251613.2","0","30.9788","79862.05","427.0009","362.9507","0.1271359","21.10011","1615.745","82710.3"
"137.235766481759","","426","999999","96.9271531979249","CC","298294.5","0.1230568","3032.611","259090.3","99.11906","0","15.58723","5.775472","","","","","","123512.2","253075.4","0","30.90625","79866.18","426.0009","362.1007","0.1327769","21.35645","1651.844","84941.41"
"134.499929084234","","432","999999","90.8459944025684","CC","298348.1","0.1261823","3252.317","256303.7","99.12593","0","15.70107","5.755929","","","","","","121049.9","248030.3","0","31.34155","79892.61","432.0009","367.2007","0.1244466","20.8273","1598.665","80320.93"
"137.39280731249","","430","999999","88.7822162536109","CC","298646.5","0.1253926","3160.569","257788.2","99.20589","0","15.62082","5.770935","","","","","","123653.5","253365","0","31.19645","79854.2","430.0009","365.5007","0.1114845","20.98165","1463.026","81666.87"
"133.600358519233","","436","999999","85.2858267535093","CC","298762.3","0.1285605","3398.664","254826.1","99.1318","0","15.74476","5.748818","","","","","","120240.3","246371.4","0","31.63175","79876.88","436.0009","370.6007","0.1168299","20.46585","1560.713","77182.2"
"141.270917266884","","425","999999","97.1009121236211","CC","299720.2","0.121432","2877.282","262524.1","99.21024","0","15.39053","5.809481","","","","","","127143.8","260516.6","0","30.8337","79847.55","425.0009","361.2507","0.1219304","21.75156","1507.869","88361.62"
"135.044880532751","","430","999999","102.307229706983","CC","300098.2","0.1240074","3122.455","259732.6","99.08456","0","15.50325","5.785548","","","","","","121540.4","249035.2","0","31.19645","79913.95","430.0009","365.5007","0.1401469","21.3215","1713.685","84622.92"
"134.070838040251","","435","999999","95.8494566588746","CC","300227.4","0.1259662","3253.434","258168.6","99.11325","0","15.55976","5.776232","","","","","","120663.8","247239","0","31.5592","79934.26","435.0009","369.7507","0.1313006","20.99795","1634.872","81784.66"
"94","110","331","999999","93.3333333333333","LF","300298.9","0.1601778","4714.664","239350","94.92451","1181.936","16.15483","5.692536","111","3190.768","1181.936","366.3","531.8713","84600","173344.7","0","24.01401","75155.4","331.0007","281.3506","0.1778097","15.90203","4169.846","42389.75"
"94","110","221","999999","46.6666666666667","CC","300472.1","0.1366631","7938.269","197850","58.92727","3975.744","18.08856","5.490259","182","13867.33","3975.744","600.6","1789.085","84600","173344.7","0","16.03352","16793.96","221.0004","187.8504","1.259363","12.76628","55986.7","67440.93"
"","110","110","999999","140","CC","300548.8","0.2265232","14469.04","113500","0","6544.098","30.49705","3.854558","236","23866.89","6544.098","778.8","2944.844","","","0","7.980487","27249.87","110.0002","93.50019","3.285601","2.80353","84503.91","-7.81597E-14"
"","110","110","999999","140","CC","300548.8","0.2265232","14469.04","113500","0","6544.098","30.49705","3.854558","236","23866.89","6544.098","778.8","2944.844","","","0","7.980487","27249.87","110.0002","93.50019","3.285601","2.80353","84503.91","-7.81597E-14"
"","110","110","999999","140","CC","300548.8","0.2265232","14469.04","113500","0","6544.098","30.49705","3.854558","236","23866.89","6544.098","778.8","2944.844","","","0","7.980487","27249.87","110.0002","93.50019","3.285601","2.80353","84503.91","-7.81597E-14"
"","110","221","999999","46.6666666666667","CC","301104.1","0.2269417","14531.34","113250","0","5339.914","30.13112","3.943","228","18894.92","5339.914","752.4","2402.961","","","0","16.03352","26222.97","221.0004","187.8504","3.16779","2.69788","89315.05","6.394885E-14"
"","110","221","999999","46.6666666666667","CC","301104.1","0.2269417","14531.34","113250","0","5339.914","30.13112","3.943","228","18894.92","5339.914","752.4","2402.961","","","0","16.03352","26222.97","221.0004","187.8504","3.16779","2.69788","89315.05","6.394885E-14"
"","110","221","999999","46.6666666666667","CC","301104.1","0.2269417","14531.34","113250","0","5339.914","30.13112","3.943","228","18894.92","5339.914","752.4","2402.961","","","0","16.03352","26222.97","221.0004","187.8504","3.16779","2.69788","89315.05","6.394885E-14"
"137.813702031248","","421","999999","115.289152482881","CC","301324.5","0.121065","2897.343","263869.1","99.02731","0","15.29641","5.819691","","","","","","124032.3","254141.2","0","30.5435","79852.09","421.0009","357.8507","0.1579303","21.93089","1872.725","89973.32"
"130.316190824402","","445","999999","93.0717195375088","CC","301944.4","0.1296626","3518.723","256456.1","99.11258","0","15.57248","5.770406","","","","","","117284.6","240315.1","0","32.2847","80006.84","445.0009","378.2508","0.1274955","20.51504","1598.552","77543.4"
"84.6","110","221","999999","93.3333333333333","CC","302617.8","0.1293671","7675.703","203390","59.32544","3460.404","17.67857","5.526323","125","12617","3460.404","412.5","1557.182","76140","156010.2","0","16.03352","23422.25","221.0004","187.8504","2.285081","14.65976","60983.09","78315.66"
"122.324144314458","","458","999999","93.3941668755616","CC","303911.8","0.1361591","3968.416","252610","99.06256","0","15.67595","5.746731","","","","","","110091.7","225577","0","33.22785","80140.2","458.0009","389.3008","0.1279372","19.65967","1618.56","70074.46"
"40.9998274357129","110","13","999999","44.072848723929","LF","304612.3","0.180507","16030.97","97371.7","35.61102","13410.78","36.90638","3.113738","1170","37669","13410.78","3861","6034.852","36899.84","75607.46","0","0.9431485","7213.208","13.00003","11.05002","0.4865783","6.777697","46383.35","27905.36"
"110.805808103141","","471","999999","91.6667156318242","CC","304700.3","0.1471781","4619.99","244975.2","98.95743","0","16.00265","5.688511","","","","","","99725.23","204336.1","0","34.17099","80285.09","471.0009","400.3508","0.1255708","18.22302","1669.626","57597.05"
"94","110","221","999999","93.3333333333333","CC","304792.2","0.1227595","7189.482","211850","61.80634","3455.068","17.05183","5.609823","125","12594.39","3455.068","412.5","1554.781","84600","173344.7","0","16.03352","23335.5","221.0004","187.8504","2.278835","15.94949","60759.76","89425.41"
"137.191683799895","","445","999999","93.2031080347487","CC","305089.8","0.1268751","3280.315","262683.4","99.2204","0","15.19563","5.834857","","","","","","123472.5","252994.1","0","32.2847","79954.2","445.0009","378.2508","0.1170359","21.19167","1450.142","83410.82"
"16.9528731814618","110","153","999999","22.6659733716642","LF","305478.5","0.2302387","15561.47","104307.4","26.36758","10786.24","33.89889","3.46933","931","30461.22","10786.24","3072.3","4853.806","15257.59","31262.66","0","11.10013","16949.54","153.0003","130.0503","0.9665378","4.120933","45109.97","-6.794565E-15"
"136.333583797613","","450","999999","90.9052461082126","LF","305633.8","0.1283909","3338.774","262471.8","99.56838","0","15.18561","5.83542","","","","","","122700.2","251411.7","0","32.64745","79479.66","450.0009","382.5008","0","20.93","794.7923","81558.08"
"138.401063765707","","446","999999","95.6028189937883","LF","305743.4","0.1259992","3171.652","264741.8","99.57909","0","15.09455","5.851766","","","","","","124561","255224.3","0","32.35725","79452.11","446.0009","379.1008","0","21.33725","790.0554","85122.62"
"71.070653305118","","371","999999","86.1487194687284","CC","305853.3","0.1482871","9537.413","182558.2","58.2595","0","19.80552","5.243852","","","","","","63963.59","131060.8","0","26.91601","30063.97","371.0007","315.3506","2.13022","12.85336","66596.64","56952.26"
"131.795707667045","","456","999999","91.4933235841519","LF","305919.4","0.1310406","3547.108","260064.1","99.55096","0","15.27857","5.816046","","","","","","118616.1","243043.4","0","33.08275","79531.05","456.0009","387.6008","0","20.52237","810.9103","78009.34"
"72.2254971133157","","376","999999","82.2613796867523","CC","306356.6","0.1472382","9489.464","183681.4","58.72942","0","19.67648","5.25642","","","","","","65002.95","133190.5","0","27.27876","30231.54","376.0008","319.6006","2.13105","13.03375","66425.09","58343.77"
"142.841649845913","","444","999999","90.2522974578393","LF","306641.4","0.1256723","3094.812","266633.2","99.59836","0","14.97832","5.875258","","","","","","128557.5","263413.2","0","32.21215","79426.25","444.0009","377.4008","0","21.45973","758.0718","86161.84"
"66.7593478525872","","367","999999","90.8662556504665","CC","306905","0.1524475","9886.797","179093.3","55.87894","0","20.07086","5.219001","","","","","","60083.41","123110.4","0","26.62581","28807.35","367.0007","311.9506","2.220933","12.27156","68709.16","53148.62"
"18.9036764705882","110","22","999999","9.27900326797386","CC","307310","0.2234762","18411.35","69297.01","9.866013","14572.3","63.12272","1.752338","1263","41068.05","14572.3","4167.9","6557.536","17013.31","34860.12","0","1.596097","3504.978","22.00004","18.70004","0.3151648","2.835493","54809.94","3739.706"
"134.529914597621","","458","999999","88.2736048269269","LF","307572.6","0.1310395","3520.675","262059","99.57009","0","15.13255","5.84156","","","","","","121076.9","248085.6","0","33.22785","79529.82","458.0009","389.3008","0","20.63741","780.5596","78975.88"
"59.3740482361725","","375","999999","89.0688200070154","CC","308005.3","0.1614314","10373.07","173907.3","52.95112","0","20.53162","5.176816","","","","","","53436.64","109491.2","0","27.20621","28490.13","375.0008","318.7506","2.232455","11.27121","69439.15","44984.55"
"75.3010765564642","","369","999999","89.9787553714962","CC","308094.5","0.1445589","9366.06","187014.6","59.33207","0","19.29402","5.294419","","","","","","67770.97","138862.1","0","26.77091","30018.53","369.0007","313.6506","2.190699","13.4723","67046.49","62270.95"
"138.213896112542","","453","999999","94.0696413944429","LF","308196.7","0.127537","3274.662","265863.4","99.59624","0","14.96362","5.872008","","","","","","124392.5","254879.2","0","32.8651","79500.05","453.0009","385.0508","0","21.25276","754.7437","84341.77"
"151.378025226497","","435","999999","90.7616603343592","CC","308590.8","0.1222393","2813.543","272218.7","99.30334","0","14.69036","5.931651","","","","","","136240.2","279155","0","31.5592","79832.56","435.0009","369.7507","0.1139701","22.25688","1360.423","92681.7"
"133.414046209129","","460","999999","94.7220822498692","LF","308824.3","0.1304742","3506.861","263489.3","99.57981","0","15.03957","5.85449","","","","","","120072.6","246027.8","0","33.37295","79561.73","460.0009","391.0008","0","20.8132","769.3329","80503.77"
"65.9804532045117","","383","999999","85.7753982590554","CC","309304.5","0.1557049","9935.356","180865","56.55157","0","19.79179","5.243706","","","","","","59382.41","121674","0","27.78661","30043.32","383.0008","325.5507","2.123721","12.15544","66764.09","51049.11"
"141","110","276","999999","70","LF","309434.1","0.1335384","3754.326","260900","94.56022","1555.228","14.82826","5.900573","149","4150.313","1555.228","491.7","699.8525","126900","260017","0","20.02377","71483.96","276.0005","234.6005","0.1812577","19.53948","5600.219","76611.93"
"129.937092263079","","463","999999","98.9045470463118","LF","309455.5","0.1321864","3642.676","262364.8","99.56168","0","15.06823","5.845928","","","","","","116943.4","239616","0","33.5906","79588.18","463.0009","393.5508","0","20.58185","793.7552","78509.14"
"131.123121113348","","459","999999","103.927287126616","LF","309657.2","0.1306552","3536.502","263939","99.56355","0","15.00157","5.857573","","","","","","118010.8","241803.1","0","33.3004","79557.39","459.0009","390.1508","0","20.83702","800.1512","80752.68"
"72.7590972586624","","368","999999","95.4199807035053","CC","309938.3","0.1477421","9578.728","186109.2","58.20857","0","19.28164","5.294792","","","","","","65483.19","134174.5","0","26.69836","30037.34","368.0007","312.8006","2.267404","13.16972","67817.73","59688.25"
"149.038720148611","","437","999999","107.671377900134","CC","309972.1","0.1189466","2652.16","275686.3","99.23241","0","14.54044","5.953129","","","","","","134134.8","274841.2","0","31.7043","79870.96","437.0009","371.4507","0.1352038","22.97752","1547.322","98984.82"
"131.970243268921","","468","999999","86.225902470707","LF","310002.2","0.1342455","3740.949","261641","99.57124","0","15.06343","5.849248","","","","","","118773.2","243365.3","0","33.95335","79596.47","468.0009","397.8008","0","20.30391","765.8961","76033.91"
"137.051464908266","","451","999999","106.009694012162","CC","310086.9","0.1262396","3263.404","267899.2","99.17493","0","14.82889","5.891752","","","","","","123346.3","252735.5","0","32.72","79997.79","451.0009","383.3508","0.1331172","21.65162","1567.706","87402.62"
"141.637916386913","","455","999999","89.3038163140978","LF","310273.8","0.1281022","3268.879","268015.3","99.61836","0","14.79982","5.902094","","","","","","127474.1","261193.4","0","33.0102","79499.09","455.0009","386.7508","0","21.30633","715.0298","84767.38"
"94","110","110","999999","140","LF","310535.2","0.138381","8697.356","198100","72.98217","6845.262","18.1153","5.419416","590","19345.35","6845.262","1947","3080.368","84600","173344.7","0","7.980487","36002.74","110.0002","93.50019","0.6342314","15.12973","27554.32","70954.81"
"144.636837421146","","452","999999","92.4963576110178","LF","310944.8","0.1258129","3095.938","270922.1","99.63834","0","14.66942","5.926673","","","","","","130173.2","266723.7","0","32.79255","79484.27","452.0009","384.2008","0","21.74531","691.4213","88589.47"
"139.375008338539","","457","999999","98.3729658819077","LF","311011.8","0.1269399","3234.368","269199.4","99.61969","0","14.74243","5.908385","","","","","","125437.5","257020.4","0","33.1553","79525.13","457.0009","388.4508","0","21.55285","720.7734","86932.69"
"94","110","221","999999","140","LF","311037.8","0.1554429","6589.65","225850","86.80568","3098.119","16.44646","5.595162","278","8575.902","3098.119","917.4","1394.153","84600","173344.7","0","16.03352","62866.68","221.0004","187.8504","0.3907011","15.74936","11846.85","52151.41"
"140.724669404526","","451","999999","107.542428496046","LF","311085.3","0.1243015","3049.34","271664.9","99.61858","0","14.65569","5.923939","","","","","","126652.2","259509.3","0","32.72","79481.95","451.0009","383.3508","0","22.01529","738.3955","91004.93"
"141","110","166","999999","70","LF","311223.4","0.1267969","6019.98","233400","84.03549","4629.965","15.91304","5.711142","413","12856.42","4629.965","1362.9","2083.484","126900","260017","0","12.04328","52159.83","166.0003","141.1003","0.5181998","18.75955","17454.84","87233.51"
"145.336254807131","","441","999999","117.639498566413","LF","311537.8","0.1202923","2722.357","276344.5","99.63015","0","14.47652","5.958968","","","","","","130802.6","268013.5","0","31.9945","79409.76","441.0009","374.8507","0","22.78477","740.9431","97753.94"
"28.2","110","221","999999","140","CC","311560.8","0.2068345","11211.04","166630","32.94122","3732.073","20.33705","5.231104","132","13653.61","3732.073","435.6","1679.433","25380","52003.4","0","16.03352","23974.06","221.0004","187.8504","2.446558","6.957001","64484.05","13888.11"
"70.7723708641857","","379","999999","91.4719034146133","CC","311656.3","0.1510329","9728.825","185886.7","57.89437","0","19.2195","5.299939","","","","","","63695.13","130510.8","0","27.49641","30093.38","379.0008","322.1506","2.196506","12.86136","67209.32","57006.36"
"131.586692665301","","470","999999","93.3344854965449","LF","311707.8","0.133219","3695.946","263928.4","99.59358","0","14.92084","5.870786","","","","","","118428","242658","0","34.09845","79638.26","470.0009","399.5008","0","20.57755","735.5954","78399.44"
"118.603201081237","","468","999999","108.017472958328","CC","311778.3","0.1417158","4303.239","256148.1","98.9629","0","15.24519","5.805952","","","","","","106742.9","218715.2","0","33.95335","80260.32","468.0009","397.8008","0.1479691","19.3814","1764.958","67596.32"
"188","110","110","999999","140","CC","311871.4","0.0807465","2256.533","282700","75.55549","5154.842","13.79013","6.536971","184","18831.26","5154.842","607.2","2319.679","169200","346689.3","0","7.980487","18329.54","110.0002","93.50019","1.900776","27.76988","54201.54","196136.8"
"153.423150670619","","442","999999","100.437346729263","LF","312328.2","0.1197787","2600.356","278712","99.6773","0","14.34725","5.990853","","","","","","138080.8","282926.4","0","32.06705","79422.27","442.0009","375.7007","0","22.95138","650.9056","99114.63"
"145.830252369102","","451","999999","97.1369532143981","CC","312388.2","0.1241801","3036.147","273138.3","99.27217","0","14.54156","5.948945","","","","","","131247.2","268924.4","0","32.72","79934.38","451.0009","383.3508","0.1219756","22.18055","1416.298","91982.33"
"140.315666763081","","462","999999","91.67678257795","LF","312551.8","0.1289484","3346.708","269287.1","99.63415","0","14.67776","5.919964","","","","","","126284.1","258755","0","33.51805","79555.04","462.0009","392.7008","0","21.3253","685.9603","84900.03"
"127.605","","462","999999","114.333333333333","CC","314311.8","0.1343401","3841.979","264644.5","98.98534","0","14.81243","5.882813","","","","","","114844.5","235315.4","0","33.51805","80107.81","462.0009","392.7008","0.156621","20.61549","1836.36","78375.05"
"129.713084626754","","470","999999","106.992201514737","LF","314470","0.1334348","3723.111","266339.4","99.58353","0","14.74188","5.896508","","","","","","116741.8","239202.9","0","34.09845","79641.67","470.0009","399.5008","0","20.72423","759.225","79711.93"
"132.372353407918","","464","999999","111.962063580152","LF","314572.7","0.1309944","3546.617","268723.8","99.59128","0","14.65015","5.914395","","","","","","119135.1","244106.8","0","33.66315","79593.68","464.0009","394.4008","0","21.11885","759.2425","83168.87"
"130.952232429449","","474","999999","101.538823379217","LF","314884.3","0.1333609","3718.083","266818.7","99.60476","0","14.70542","5.903834","","","","","","117857","241488","0","34.38865","79667.67","474.0009","402.9008","0","20.76746","721.8831","80046.73"
"111.625","110","55","999999","23.3333333333333","LF","315035.8","0.1823283","11589.49","165212.5","54.21563","8647.62","20.2833","5.258345","745","24444.66","8647.62","2458.5","3891.429","100462.5","205846.8","0","3.990244","19894.62","55.00011","46.7501","0.6435485","8.958162","36749.23","31023.66"
"","110","221","999999","93.3333333333333","CC","315257.6","0.2376092","14543.21","127250","0","4493.974","25.57775","4.66942","158","16456.51","4493.974","521.4","2022.288","","","0","16.03352","31070.45","221.0004","187.8504","3.75201","3.1966","92771.79","7.105427E-15"
"","110","221","999999","93.3333333333333","CC","315257.6","0.2376092","14543.21","127250","0","4493.974","25.57775","4.66942","158","16456.51","4493.974","521.4","2022.288","","","0","16.03352","31070.45","221.0004","187.8504","3.75201","3.1966","92771.79","7.105427E-15"
"","110","221","999999","93.3333333333333","CC","315257.6","0.2376092","14543.21","127250","0","4493.974","25.57775","4.66942","158","16456.51","4493.974","521.4","2022.288","","","0","16.03352","31070.45","221.0004","187.8504","3.75201","3.1966","92771.79","7.105427E-15"
"58.3069455589829","","396","999999","87.977346242007","CC","315368.3","0.1667313","10636.14","177869.5","52.72952","0","19.7561","5.245675","","","","","","52476.25","107523.4","0","28.72975","28533.9","396.0008","336.6007","2.198357","11.12121","69163.33","43680.97"
"139.861295003123","","471","999999","89.0694614409738","LF","315631.1","0.1313405","3502.997","270346","99.6507","0","14.52972","5.9433","","","","","","125875.2","257917.1","0","34.17099","79609.6","471.0009","400.3508","0","21.14669","649.3177","83292.21"
"147.15724898843","","461","999999","86.9504441005565","LF","315658.1","0.1285663","3239.712","273776.7","99.66489","0","14.39549","5.974681","","","","","","132441.5","271371.5","0","33.4455","79523.95","461.0009","391.8508","0","21.60791","636.4518","87320.5"
"28.2","110","331","999999","46.6666666666667","CC","315704.3","0.215829","11570.22","166130","36.87771","4135.886","20.17158","5.247872","182","14545.96","4135.886","600.6","1861.149","25380","52003.4","0","24.01401","18001.76","331.0007","281.3506","1.135567","5.958716","56877.08","10517.24"
"56.4","110","221","999999","140","CC","315806.4","0.1647467","9576.197","192010","49.18087","3483.629","17.89483","5.482545","125","12715.42","3483.629","412.5","1567.633","50760","104006.8","0","16.03352","23598.38","221.0004","187.8504","2.37943","10.8296","62640.33","45649.19"
"60.1832422619455","","385","999999","96.4560684195216","CC","315921.6","0.1638706","10564.27","179351.7","52.87616","0","19.58322","5.26247","","","","","","54164.92","110983.5","0","27.93171","28508.2","385.0008","327.2506","2.327165","11.45123","70275.49","46507.95"
"131.197526683385","","476","999999","99.0824169255509","CC","315926.2","0.1338265","3799.933","266802.5","99.20561","0","14.66505","5.910567","","","","","","118077.8","241940.3","0","34.53374","80153.73","476.0009","404.6008","0.1244186","20.81145","1450.646","79990.08"
"117.5","110","165","999999","23.3333333333333","LF","316088.5","0.1894358","9134.664","198000","73.13726","5966.155","17.66288","5.518531","543","16389.7","5966.155","1791.9","2684.77","105750","216680.8","0","11.97073","44881.75","165.0003","140.2503","0.2295301","11.02267","18282.54","26438.81"
"139.14570749732","","470","999999","98.7594042529149","LF","316124.5","0.1290939","3385.456","272359","99.65499","0","14.45126","5.95517","","","","","","125231.1","256597.5","0","34.09845","79613.95","470.0009","399.5008","0","21.54925","653.5342","86824.11"
"188","110","110","999999","93.3333333333333","CC","316191.7","0.09305432","3673.689","268700","72.23679","5145.553","14.0156","6.454889","184","18791.9","5145.553","607.2","2315.499","169200","346689.3","0","7.980487","18329.54","110.0002","93.50019","1.894405","23.66881","54182.16","160211.4"
"67.6858644068941","","379","999999","103.549625592754","CC","316969.6","0.1565398","10074.44","186732.2","56.25758","0","18.88449","5.33177","","","","","","60917.28","124819","0","27.49641","30054.68","379.0008","322.1506","2.322555","12.50379","68514.21","54017.29"
"117.325760493916","","488","999999","103.613365785176","LF","316994.4","0.1459734","4511.092","258677.2","99.46982","0","14.95294","5.848561","","","","","","105593.2","216359.5","0","35.40434","79743.68","488.001","414.8008","0","19.07436","890.6128","65395.32"
"136.752468515924","","480","999999","84.8165882728323","LF","317164.8","0.1351494","3762.719","268522.2","99.63344","0","14.54101","5.937497","","","","","","123077.2","252184.2","0","34.82394","79641.41","480.0009","408.0008","0","20.64699","665.4293","78927.29"
"43.7637969902915","","406","999999","89.1530247418202","CC","317360","0.1891655","11582.01","167633.3","45.61214","0","20.70188","5.16048","","","","","","39387.42","80704.48","0","29.45525","28564.69","406.0008","345.1007","2.267064","9.143656","70582.51","27213.28"
"140.858953544336","","472","999999","92.51780111237","CC","317607.3","0.1303661","3487.049","272528.4","99.32725","0","14.38412","5.968372","","","","","","126773.1","259756.9","0","34.24355","80015.9","472.0009","401.2008","0.1056139","21.47971","1267.837","85832.2"
"135.258927906557","","460","999999","123.599204389949","LF","318073.2","0.1297002","3423.732","273812.8","99.60506","0","14.34826","5.967057","","","","","","121733","249429.9","0","33.37295","79555.02","460.0009","391.0008","0","21.56992","749.2016","87111.21"
"143.994023654555","","467","999999","104.449771352961","LF","318172.9","0.1258313","3132.339","277679.6","99.68436","0","14.19756","6.008668","","","","","","129594.6","265538.3","0","33.88079","79587.3","467.0009","396.9508","0","22.2578","617.3676","92993.79"
"165.582396854273","","438","999999","112.981825138578","LF","318285","0.113403","2000.869","292418.7","99.72263","0","13.71512","6.275487","","","","","","149024.2","305349.2","0","31.77685","79367.87","438.0009","372.3008","0","24.71532","602.1957","114511.2"
"8.81249999999998","110","117","999999","23.3333333333333","LF","318422.7","0.2399948","17810.19","88181.25","12.68573","12618.23","40.57368","2.879598","1103","35407.69","12618.23","3639.9","5678.202","7931.25","16251.06","0","8.488337","12544.91","117.0002","99.4502","1.272676","2.832705","54205.6","-2.164935E-14"
"94","110","331","999999","140","LF","319120.8","0.1702173","5087.659","253350","94.92451","1181.936","14.85228","5.884411","111","3190.768","1181.936","366.3","531.8713","84600","173344.7","0","24.01401","75155.4","331.0007","281.3506","0.1778097","15.90203","4169.846","42389.75"
"142.988522027251","","461","999999","117.530559831264","CC","319610.8","0.1247123","3126.042","279198.8","99.18027","0","14.1042","6.043228","","","","","","128689.7","263684","0","33.4455","80009.34","461.0009","391.8508","0.147584","22.60028","1625.047","95625.75"
"56.4","110","331","999999","46.6666666666667","CC","320185.4","0.1715761","9953.604","191510","52.75181","3983.392","17.73621","5.500993","180","13932.49","3983.392","594","1792.526","50760","104006.8","0","24.01401","17265.5","331.0007","281.3506","0.9848551","9.729552","54272.29","41721.21"
"156.274478278258","","459","999999","94.8541696047853","LF","320416.5","0.1235252","2828.327","283853.3","99.71364","0","13.89865","6.170223","","","","","","140647","288184.6","0","33.3004","79495.97","459.0009","390.1508","0","22.83993","574.5959","98044.96"
"158.017412117373","","455","999999","102.498688163956","CC","320493","0.1201789","2612.858","286715.3","99.5577","0","13.81237","6.211481","","","","","","142215.7","291398.7","0","33.0102","79836.98","455.0009","386.7508","0.07020458","23.51867","912.4113","103667.7"
"149.422520641091","","464","999999","115.103920255634","LF","321527.5","0.1220439","2824.677","285011.4","99.70963","0","13.84981","6.16808","","","","","","134480.3","275548.9","0","33.66315","79552.21","464.0009","394.4008","0","23.19636","591.7563","101185"
"67.6871877228718","","402","999999","94.6516883675652","CC","321548.3","0.1591428","10190.23","189814","56.79737","0","18.4088","5.379735","","","","","","60918.47","124821.4","0","29.16505","30115.19","402.0008","341.7007","2.218336","12.46879","67523.41","53661.63"
"84.6","110","221","999999","140","CC","321800.4","0.1373423","8076.601","217390","59.12073","3455.238","16.0434","5.732696","124","12611.49","3455.238","409.2","1554.857","76140","156010.2","0","16.03352","23422.25","221.0004","187.8504","2.33841","14.69364","61480.35","78612.45"
"145.607158688248","","478","999999","96.5676789283178","LF","322154.7","0.1285709","3298.231","279516.8","99.70608","0","13.99289","6.096924","","","","","","131046.4","268513","0","34.67884","79633.42","478.0009","406.3008","0","22.06095","569.6856","91208.55"
"113.026392336632","","519","999999","85.1694448607791","CC","322443.5","0.154676","5060.439","257024.6","99.19393","0","14.81065","5.865015","","","","","","101723.8","208431.1","0","37.65339","80309.28","519.001","441.1509","0.08750285","18.35193","1299.832","58648.18"
"101.641440577137","","517","999999","97.3446019513587","CC","322797.6","0.1670236","5636.572","249930.7","98.93968","0","15.09954","5.807645","","","","","","91477.3","187436.2","0","37.50829","80634.55","517.001","439.4509","0.1222364","17.01377","1585.167","46899.03"
"139.7838380643","","481","999999","108.913873810673","LF","322943","0.1294755","3420.102","278729.6","99.6916","0","14.00649","6.072487","","","","","","125805.5","257774.3","0","34.8965","79679.69","481.001","408.8508","0","21.95723","595.0443","90330.43"
"","110","29","999999","23.3333333333333","LF","323014.2","0.2434553","20480.67","58250","0","14603.05","97.811","1.073991","1292","40723.38","14603.05","4263.6","6571.371","","","0","2.103947","13711.45","29.00006","24.65005","1.64868","1.410666","65063.93","-4.52971E-14"
"","110","30","999999","23.3333333333333","LF","323239.8","0.2436254","20478.79","58500","0","14602.59","96.28074","1.092552","1292","40721.45","14602.59","4263.6","6571.166","","","0","2.176497","13835.35","30.00006","25.50005","1.663547","1.423413","64981.88","-4.884981E-14"
"","110","29","999999","22.6041666666667","LF","323265","0.2436444","20516.99","58031.25","0","14645.63","99.00723","1.059926","1296","40838.3","14645.63","4276.8","6590.532","","","0","2.103947","13700.01","29.00006","24.65005","1.647303","1.409488","65043.45","-4.174439E-14"
"","110","29","999999","22.6041666666667","LF","323265","0.2436444","20516.99","58031.25","0","14645.63","99.00723","1.059926","1296","40838.3","14645.63","4276.8","6590.532","","","0","2.103947","13700.01","29.00006","24.65005","1.647303","1.409488","65043.45","-4.174439E-14"
"","110","31","999999","23.3333333333333","LF","323298.7","0.2436698","20464","58750","0","14588.69","94.8143","1.110886","1291","40678.92","14588.69","4260.3","6564.911","","","0","2.249046","13876.22","31.00006","26.35005","1.668423","1.427618","64967.35","-4.884981E-14"
"","110","31","999999","23.3333333333333","LF","323298.7","0.2436698","20464","58750","0","14588.69","94.8143","1.110886","1291","40678.92","14588.69","4260.3","6564.911","","","0","2.249046","13876.22","31.00006","26.35005","1.668423","1.427618","64967.35","-4.884981E-14"
"124.009349486297","","504","999999","95.808844289478","CC","323372.3","0.1432562","4410.84","266351.1","99.26817","0","14.42079","5.940267","","","","","","111608.4","228684.7","0","36.56514","80219.99","504.001","428.4008","0.09843374","19.89063","1277.876","71995.4"
"","110","33","999999","23.3333333333333","LF","323403.9","0.2437491","20433.46","59250","0","14565.71","92.20839","1.148096","1289","40614.3","14565.71","4253.7","6554.571","","","0","2.394146","13886.33","33.00006","28.05006","1.669554","1.428657","64985.05","-4.884981E-14"
"","110","29","999999","21.875","LF","323543.2","0.2438541","20555.43","57812.5","0","14689.56","100.2224","1.046017","1300","40958.95","14689.56","4290","6610.3","","","0","2.103947","13680.19","29.00006","24.65005","1.644919","1.40745","65044.88","-3.819167E-14"
"","110","34","999999","23.3333333333333","LF","323576.8","0.2438794","20427.5","59500","0","14565.23","90.82778","1.167294","1289","40612.25","14565.23","4253.7","6554.353","","","0","2.466696","13894.1","34.00007","28.90006","1.670448","1.429457","64980.09","-4.884981E-14"
"","110","29","999999","24.7916666666667","LF","323601.4","0.2438979","20492.25","58687.5","0","14606.56","95.17951","1.106536","1292","40738.25","14606.56","4263.6","6572.951","","","0","2.103947","13776.13","29.00006","24.65005","1.656463","1.41732","64996.83","-4.884981E-14"
"","110","28","999999","23.3333333333333","LF","323674.2","0.2439528","20551.06","58000","0","14670.64","99.13006","1.058697","1298","40911.55","14670.64","4283.4","6601.789","","","0","2.031397","13662.22","28.00006","23.80005","1.642799","1.405601","65056.46","-3.819167E-14"
"","110","28","999999","23.3333333333333","LF","323674.2","0.2439528","20551.06","58000","0","14670.64","99.13006","1.058697","1298","40911.55","14670.64","4283.4","6601.789","","","0","2.031397","13662.22","28.00006","23.80005","1.642799","1.405601","65056.46","-3.819167E-14"
"","110","31","999999","24.7916666666667","LF","323740.4","0.2440027","20464.32","59187.5","0","14577.98","92.3919","1.142851","1290","40649.91","14577.98","4257","6560.091","","","0","2.249046","13917","31.00006","26.35005","1.67333","1.431813","64934.11","-5.240253E-14"
"","110","30","999999","21.875","LF","323765.3","0.2440215","20553.28","58062.5","0","14689.85","98.59466","1.064774","1300","40960.22","14689.85","4290","6610.434","","","0","2.176497","13785.71","30.00006","25.50005","1.657574","1.418306","64971.7","-4.174439E-14"
"","110","30","999999","24.7916666666667","LF","323811.1","0.2440559","20489.13","58937.5","0","14602.42","93.73625","1.125047","1292","40720.7","14602.42","4263.6","6571.086","","","0","2.176497","13888.58","30.00006","25.50005","1.669953","1.42889","64927.25","-5.240253E-14"
"","110","28","999999","21.875","LF","323926.5","0.2441429","20604.42","57562.5","0","14735.33","101.7291","1.029369","1304","41087.41","14735.33","4303.2","6630.897","","","0","2.031397","13637.02","28.00006","23.80005","1.639766","1.403009","65049.92","-3.463896E-14"
"","110","31","999999","21.875","LF","323953.4","0.2441632","20548.49","58312.5","0","14685.77","97.00906","1.083665","1300","40942.9","14685.77","4290","6608.595","","","0","2.249046","13843.12","31.00006","26.35005","1.664439","1.424212","64935.44","-4.174439E-14"
"94","110","221","999999","140","CC","323964.7","0.1302759","7589.602","225850","61.61329","3449.96","15.52538","5.814714","124","12589.12","3449.96","409.2","1552.482","84600","173344.7","0","16.03352","23335.5","221.0004","187.8504","2.331666","15.98411","61252.2","89728.63"
"","110","37","999999","23.3333333333333","LF","324049.4","0.2442356","20406.04","60250","0","14564.42","86.92986","1.225087","1289","40608.84","14564.42","4253.7","6553.991","","","0","2.684346","13902.6","37.00007","31.45006","1.671344","1.430332","64975.84","-4.884981E-14"
"","110","28","999999","24.7916666666667","LF","324120.8","0.2442894","20551.77","58437.5","0","14660.28","96.44888","1.090913","1297","40884.03","14660.28","4280.1","6597.126","","","0","2.031397","13692.74","28.00006","23.80005","1.64647","1.40874","65030.79","-4.174439E-14"
"","110","34","999999","24.7916666666667","LF","324152.4","0.2443132","20438.18","59937.5","0","14564.67","88.60303","1.199717","1289","40609.89","14564.67","4253.7","6554.103","","","0","2.466696","13950.65","34.00007","28.90006","1.677252","1.435275","64924.46","-5.240253E-14"
"","110","29","999999","26.25","LF","324189.6","0.2443412","20503.9","59125","0","14606.56","92.66908","1.139497","1292","40738.25","14606.56","4263.6","6572.951","","","0","2.103947","13776.13","29.00006","24.65005","1.656463","1.41732","64996.83","-4.884981E-14"
"","110","38","999999","23.3333333333333","LF","324192.3","0.2443433","20397.76","60500","0","14564.42","85.85143","1.244401","1289","40608.84","14564.42","4253.7","6553.991","","","0","2.756896","13902.95","38.00008","32.30006","1.671344","1.430368","64975.52","-4.884981E-14"
"","110","31","999999","26.25","LF","324328.6","0.244446","20475.98","59625","0","14577.98","90.03783","1.175773","1290","40649.91","14577.98","4257","6560.091","","","0","2.249046","13917.03","31.00006","26.35005","1.673334","1.431816","64934.09","-5.240253E-14"
"","110","34","999999","21.875","LF","324360.3","0.2444699","20521.95","59062.5","0","14672.66","92.76255","1.140811","1299","40903.75","14672.66","4286.7","6602.698","","","0","2.466696","13882.77","34.00007","28.90006","1.669085","1.428292","64919.08","-4.174439E-14"
"159.129812227687","","464","999999","103.633610162464","LF","324444.8","0.1209444","2640.713","290306.9","99.73284","0","13.5746","6.315624","","","","","","143216.8","293450.1","0","33.66315","79496.5","464.0009","394.4008","0","23.62512","554.3866","104897.4"
"","110","27","999999","23.3333333333333","LF","324484.7","0.2445636","20633.09","57750","0","14752.07","100.0701","1.044126","1305","41142","14752.07","4306.5","6638.433","","","0","1.958847","13567.84","27.00005","22.95005","1.631484","1.395891","65057.99","-3.463896E-14"
"","110","27","999999","22.5130208333333","LF","324557.3","0.2446184","20657.75","57503.91","0","14783.4","101.6015","1.027109","1308","41225.64","14783.4","4316.4","6652.532","","","0","1.958847","13571.34","27.00005","22.95005","1.631905","1.396251","65032.03","-3.463896E-14"
"113.636213335175","","495","999999","116.243954812332","CC","324611.6","0.1529314","4928.699","260895.8","98.96552","0","14.59028","5.899847","","","","","","102272.6","209555.7","0","35.91219","80463.25","495.001","420.7509","0.1459684","18.70315","1698.541","61572.68"
"","110","34","999999","26.25","LF","324740.6","0.2447565","20449.84","60375","0","14564.67","86.46394","1.23265","1289","40609.89","14564.67","4253.7","6554.103","","","0","2.466696","13950.68","34.00007","28.90006","1.677256","1.435278","64924.44","-5.240253E-14"
"","110","38","999999","24.7916666666667","LF","324772.3","0.2447805","20408.78","60937.5","0","14563.87","83.88899","1.276837","1289","40606.48","14563.87","4253.7","6553.74","","","0","2.756896","13959.49","38.00008","32.30006","1.678148","1.436185","64919.9","-5.240253E-14"
"","110","41","999999","23.3333333333333","LF","324787.5","0.2447919","20385.78","61250","0","14564.42","82.40494","1.302424","1289","40608.84","14564.42","4253.7","6553.991","","","0","2.974545","13904","41.00008","34.85007","1.671344","1.430476","64974.13","-4.884981E-14"
"","110","41","999999","23.3333333333333","LF","324787.5","0.2447919","20385.78","61250","0","14564.42","82.40494","1.302424","1289","40608.84","14564.42","4253.7","6553.991","","","0","2.974545","13904","41.00008","34.85007","1.671344","1.430476","64974.13","-4.884981E-14"
"","110","38","999999","21.875","LF","324843","0.2448337","20481.93","60062.5","0","14661.5","87.56409","1.217759","1298","40872.84","14661.5","4283.4","6597.677","","","0","2.756896","13881.04","38.00008","32.30006","1.668707","1.428113","64933.46","-4.174439E-14"
"","110","35","999999","26.25","LF","324906.8","0.2448818","20443.35","60625","0","14564.31","85.26043","1.251897","1289","40608.36","14564.31","4253.7","6553.94","","","0","2.539246","13955.65","35.00007","29.75006","1.677813","1.43579","64921.48","-5.240253E-14"
"","110","27","999999","21.6927083333333","LF","324919.7","0.2448915","20704.82","57257.81","0","14835.06","103.0777","1.011277","1313","41362.66","14835.06","4332.9","6675.778","","","0","1.958847","13574.65","27.00005","22.95005","1.632303","1.396591","65009.86","-3.108624E-14"
"166.704515517525","","448","999999","126.889804430766","LF","324947.8","0.1125134","1922.008","300101","99.74566","0","13.29134","6.460431","","","","","","150034.1","307418.5","0","32.50235","79405.16","448.0009","380.8008","0","25.43808","568.2018","120800.3"
"","110","29","999999","20.4166666666667","LF","324960.5","0.2449223","20698.91","57375","0","14840.52","102.4135","1.022042","1315","41353.03","14840.52","4339.5","6678.234","","","0","2.103947","13544.88","29.00006","24.65005","1.628636","1.393528","65053.54","-2.753353E-14"
"","110","28","999999","20.4166666666667","LF","325164.7","0.2450762","20734.04","57125","0","14875.97","104.0515","1.004736","1318","41454.13","14875.97","4349.4","6694.187","","","0","2.031397","13467.95","28.00006","23.80005","1.619422","1.385614","65079.09","-2.753353E-14"
"","110","29","999999","29.1666666666667","LF","325365.9","0.2452279","20527.22","60000","0","14606.56","88.05812","1.205418","1292","40738.25","14606.56","4263.6","6572.951","","","0","2.103947","13776.13","29.00006","24.65005","1.656463","1.41732","64996.83","-4.884981E-14"
"","110","31","999999","20.4166666666667","LF","325370.3","0.2452312","20691.94","57875","0","14832.12","99.02882","1.059963","1315","41317.44","14832.12","4339.5","6674.455","","","0","2.249046","13722.93","31.00006","26.35005","1.649978","1.411847","64955.96","-2.753353E-14"
"","110","27","999999","20.4166666666667","LF","325599.6","0.245404","20787.03","56875","0","14926.41","105.6803","0.9881277","1322","41602.35","14926.41","4362.6","6716.883","","","0","1.958847","13392.58","27.00005","22.95005","1.610394","1.377859","65104.6","-2.753353E-14"
"","110","34","999999","20.4166666666667","LF","325632.1","0.2454285","20654.17","58625","0","14806.43","94.59512","1.116976","1313","41241.31","14806.43","4332.9","6662.892","","","0","2.466696","13761.76","34.00007","28.90006","1.654524","1.415842","64954.61","-3.108624E-14"
"","110","27","999999","26.25","LF","325650.3","0.2454422","20655.58","58625","0","14752.07","94.58372","1.110313","1305","41141.98","14752.07","4306.5","6638.431","","","0","1.958847","13592.96","27.00005","22.95005","1.634506","1.398475","65027.45","-3.463896E-14"
"53.0232432964188","","381","999999","125.748687294328","CC","325740.5","0.1781219","11219.87","180695.5","49.20925","0","18.96413","5.317659","","","","","","47720.92","97779.75","0","27.64151","28408.34","381.0008","323.8506","2.451882","10.52754","71849.55","38861.9"
"","110","33","999999","29.1666666666667","LF","325742.6","0.2455117","20479","61000","0","14565.16","83.62771","1.279288","1289","40611.94","14565.16","4253.7","6554.32","","","0","2.394146","13942.08","33.00006","28.05006","1.676263","1.434393","64929.77","-5.240253E-14"
"","110","35","999999","20.4166666666667","LF","325794.3","0.2455507","20647.37","58875","0","14805.7","93.12183","1.136416","1313","41238.21","14805.7","4332.9","6662.563","","","0","2.539246","13772.83","35.00007","29.75006","1.655814","1.416981","64947.73","-3.108624E-14"
"","110","28","999999","29.1666666666667","LF","325885.3","0.2456193","20586.73","59750","0","14660.28","89.11382","1.190087","1297","40884.03","14660.28","4280.1","6597.126","","","0","2.031397","13692.74","28.00006","23.80005","1.64647","1.40874","65030.79","-4.174439E-14"
"","110","44","999999","21.875","LF","326044.9","0.2457396","20458.87","61562.5","0","14661.5","80.74697","1.334491","1298","40872.84","14661.5","4283.4","6597.677","","","0","3.192195","13883.13","44.00009","37.40007","1.668707","1.428329","64931.12","-4.174439E-14"
"","110","37","999999","29.1666666666667","LF","326392.9","0.2460019","20451.95","62000","0","14563.87","79.32073","1.356425","1289","40606.48","14563.87","4253.7","6553.74","","","0","2.684346","13959.17","37.00007","31.45006","1.678152","1.436152","64920.19","-5.240253E-14"
"","110","50","999999","23.3333333333333","LF","326480","0.2460676","20342.66","63500","0","14564.42","73.80471","1.477293","1289","40608.84","14564.42","4253.7","6553.991","","","0","3.627494","13907","50.0001","42.50008","1.671326","1.430784","64971.21","-4.884981E-14"
"","110","26","999999","25.5208333333333","LF","326754.9","0.2462747","20777.28","58156.25","0","14865.43","96.85703","1.082584","1317","41425.85","14865.43","4346.1","6689.445","","","0","1.886297","13381.67","26.00005","22.10004","1.609124","1.376737","65127.39","-2.575717E-14"
"16.9528731814618","110","207","999999","22.6659733716642","LF","327096.6","0.2465323","16189.44","117807.4","26.38417","10786.24","27.70161","4.312513","931","30461.22","10786.24","3072.3","4853.806","15257.59","31262.66","0","15.01783","16968.44","207.0004","175.9503","0.9665378","4.122878","45092.93","-6.794565E-15"
"","110","41","999999","29.1666666666667","LF","327121.3","0.2465509","20430.94","63000","0","14563.87","75.61812","1.433929","1289","40606.48","14563.87","4253.7","6553.74","","","0","2.974545","13960.17","41.00008","34.85007","1.678103","1.436255","64918.84","-5.240253E-14"
"","110","55","999999","23.3333333333333","LF","327285.4","0.2466745","20308.26","64750","0","14564.42","69.79382","1.574955","1289","40608.84","14564.42","4253.7","6553.991","","","0","3.990244","13908.75","55.00011","46.7501","1.671326","1.430965","64969.64","-4.884981E-14"
"175.421805655404","","447","999999","99.8565357821728","LF","327428.5","0.1173043","2153.695","299586.6","99.74801","0","13.19419","6.535218","","","","","","157879.6","323494","0","32.4298","79367.87","447.0009","379.9508","0","24.58597","544.0964","113307.2"
"","110","25","999999","23.3333333333333","LF","327554.6","0.2468775","20909.25","57250","0","15016.5","102.1768","1.021999","1331","41836.73","15016.5","4392.3","6757.423","","","0","1.813747","13173.49","25.00005","21.25004","1.584116","1.355319","65151.3","-2.398082E-14"
"","110","33","999999","35","LF","328095.3","0.247285","20525.62","62750","0","14565.16","76.5979","1.41098","1289","40611.94","14565.16","4253.7","6554.32","","","0","2.394146","13942.08","33.00006","28.05006","1.676263","1.434393","64929.77","-5.240253E-14"
"","110","28","999999","35","LF","328238.1","0.2473926","20633.36","61500","0","14660.28","81.03198","1.322319","1297","40884.03","14660.28","4280.1","6597.126","","","0","2.031397","13692.74","28.00006","23.80005","1.64647","1.40874","65030.79","-4.174439E-14"
"28.2","110","331","999999","93.3333333333333","CC","328382.9","0.2209864","11468.01","180130","33.74325","1630.702","18.16172","5.437263","56","5993.304","1630.702","184.8","733.8161","25380","52003.4","0","24.01401","27902.86","331.0007","281.3506","2.615762","7.18118","70167.25","12314.58"
"","110","24","999999","21.875","LF","329343.7","0.2482259","21100.82","56562.5","0","15212.98","106.2607","0.9801421","1350","42358.18","15212.98","4455","6845.84","","","0","1.741197","12997.38","24.00005","20.40004","1.562967","1.337201","65167.76","-2.220446E-14"
"","110","41","999999","35","LF","329474.1","0.2483241","20477.56","64750","0","14563.87","69.92072","1.566001","1289","40606.48","14563.87","4253.7","6553.74","","","0","2.974545","13960.17","41.00008","34.85007","1.678103","1.436255","64918.84","-5.240253E-14"
"","110","29","999999","17.5","LF","329627.9","0.2484401","21127.64","56500","0","15282.11","106.3094","0.9825413","1359","42503.75","15282.11","4484.7","6876.951","","","0","2.103947","12922.01","29.00006","24.65005","1.553687","1.329447","65258.72","-1.687539E-14"
"18.6905637254902","110","74","999999","9.27900326797385","LF","329671","0.24653","19150.3","82105.21","18.27226","15215","43.97256","2.609854","1374","41973.66","15215","4534.2","6846.749","16821.51","34467.13","0","5.368691","17756.51","74.00014","62.90013","0.7910998","3.992397","42566.93","808.7003"
"","110","33","999999","17.5","LF","329945.4","0.2486794","21074.84","57500","0","15241.59","99.35551","1.059822","1356","42381.15","15241.59","4474.8","6858.715","","","0","2.394146","13098.5","33.00006","28.05006","1.574755","1.347604","65181.36","-2.04281E-14"
"","110","28","999999","17.5","LF","330127.8","0.2488168","21185.64","56250","0","15338.92","107.993","0.9655464","1364","42662.59","15338.92","4501.2","6902.513","","","0","2.031397","12904.88","28.00006","23.80005","1.551668","1.327685","65238.06","-1.687539E-14"
"","110","24","999999","24.0625","LF","330225.9","0.2488908","21118.3","57218.75","0","15212.98","101.3983","1.031344","1350","42358.18","15212.98","4455","6845.84","","","0","1.741197","12997.38","24.00005","20.40004","1.562967","1.337201","65167.76","-2.220446E-14"
"","110","37","999999","17.5","LF","330568.3","0.2491488","21045.67","58500","0","15237.5","93.15225","1.13941","1356","42363.82","15237.5","4474.8","6856.875","","","0","2.684346","13190.97","37.00007","31.45006","1.585714","1.357118","65120.76","-2.220446E-14"
"","110","41","999999","17.5","LF","331404.5","0.2497791","21033","59500","0","15234.8","87.70468","1.219559","1356","42352.38","15234.8","4474.8","6855.66","","","0","2.974545","13240.6","41.00008","34.85007","1.591517","1.362224","65096.59","-2.220446E-14"
"167.821392066958","","439","999999","157.711167868489","LF","331669.9","0.1122926","1823.034","308102.6","99.74143","0","12.87818","6.64638","","","","","","151039.3","309478.1","0","31.8494","79363.83","439.0009","373.1508","0","26.01425","590.7646","125876.3"
"56.4","110","331","999999","93.3333333333333","CC","332255.2","0.1759334","9804.299","205510","50.38006","1530.566","16.2301","5.680812","53","5618.085","1530.566","174.9","688.7545","50760","104006.8","0","24.01401","27489.29","331.0007","281.3506","2.447802","10.97825","66869.7","43452.94"
"","110","25","999999","35","LF","332260.1","0.250424","21002.5","60750","0","15016.5","82.54554","1.291962","1331","41836.73","15016.5","4392.3","6757.423","","","0","1.813747","13173.49","25.00005","21.25004","1.584116","1.355319","65151.3","-2.398082E-14"
"139.456875803147","","475","999999","142.105569058633","LF","332478.1","0.1320833","3526.22","286892.8","99.67868","0","13.43821","6.308446","","","","","","125511.2","257171.3","0","34.4612","79644.84","475.0009","403.7508","0","22.15636","625.6489","92110.47"
"","110","33","999999","46.6666666666667","LF","332800.8","0.2508315","20618.87","66250","0","14565.16","65.77159","1.674363","1289","40611.94","14565.16","4253.7","6554.32","","","0","2.394146","13942.08","33.00006","28.05006","1.676263","1.434393","64929.77","-5.240253E-14"
"84.6","110","331","999999","46.6666666666667","CC","332837.9","0.1581663","8969.075","216890","60.04341","3842.26","15.58558","5.795947","176","13399.92","3842.26","580.8","1729.017","76140","156010.2","0","24.01401","19064.72","331.0007","281.3506","0.9304115","12.13683","51641.8","60147.92"
"105.75","","496","999999","140","CC","333027.3","0.1662774","5558.093","261175","98.60904","0","14.27739","5.938329","","","","","","95175","195012.8","0","35.98474","80583.43","496.001","421.6008","0.1917808","17.64178","2154.991","52351.19"
"140.293058229715","","498","999999","119.394387440698","LF","333053.5","0.1320731","3594.772","286582.1","99.72843","0","13.42289","6.318004","","","","","","126263.8","258713.3","0","36.12984","79754.9","498.001","423.3008","0","22.20749","529.7341","92448.21"
"","110","221","999999","140","CC","333929.4","0.2516822","14904.6","141250","0","4459.043","21.89694","5.130369","156","16341.24","4459.043","514.8","2006.57","","","0","16.03352","31161.94","221.0004","187.8504","3.763019","3.206012","92906.12","-7.105427E-15"
"","110","221","999999","140","CC","333929.4","0.2516822","14904.6","141250","0","4459.043","21.89694","5.130369","156","16341.24","4459.043","514.8","2006.57","","","0","16.03352","31161.94","221.0004","187.8504","3.763019","3.206012","92906.12","-7.105427E-15"
"","110","221","999999","140","CC","333929.4","0.2516822","14904.6","141250","0","4459.043","21.89694","5.130369","156","16341.24","4459.043","514.8","2006.57","","","0","16.03352","31161.94","221.0004","187.8504","3.763019","3.206012","92906.12","-7.105427E-15"
"167.967107124447","","475","999999","113.171871175313","LF","334328.7","0.1181173","2355.961","303872","99.77403","0","12.88247","6.64896","","","","","","151170.4","309746.8","0","34.4612","79491.46","475.0009","403.7508","0","24.93783","494.7613","116330.7"
"188","110","221","999999","140","LF","334735.5","0.1001348","1878.587","310450","93.32934","2631.717","12.57515","6.821964","236","7287.297","2631.717","778.8","1184.273","169200","346689.3","0","16.03352","64431.72","221.0004","187.8504","0.3473501","27.91526","9961.964","155951"
"179.076813693173","","428","999999","169.094147904513","LF","334766.9","0.1070638","1227.581","318897.4","99.75919","0","12.52099","6.845597","","","","","","161169.1","330234.2","0","31.05135","79284.45","428.0009","363.8007","0","27.54443","582.4621","139274.1"
"185.704579391721","","416","999999","177.223718989514","LF","334950.4","0.1037293","823.7608","324301.3","99.76175","0","12.39281","6.925961","","","","","","167134.1","342456.4","0","30.18075","79208.04","416.0008","353.6007","0","28.44617","595.1064","147202.4"
"199.70483091029","","429","999999","112.325397032356","LF","335011.7","0.1082437","1108.465","320682","99.78601","0","12.42873","6.966242","","","","","","179734.3","368274.1","0","31.1239","79246.74","429.0009","364.6507","0","27.27143","512.3032","136800.2"
"188","110","110","999999","140","LF","335020.5","0.0931105","4047.217","282700","83.84531","6559.571","13.27025","6.561973","561","18609.62","6559.571","1851.3","2951.807","169200","346689.3","0","7.980487","36393.65","110.0002","93.50019","0.6098287","27.2818","26353.47","175695.4"
"","110","21","999999","20.4166666666667","LF","335428.5","0.252812","21663.37","55375","0","15782.27","112.7023","0.9210832","1405","43869.91","15782.27","4636.5","7102.023","","","0","1.523548","11887.53","21.00004","17.85004","1.429545","1.223017","65615.21","-1.687539E-14"
"94","110","331","999999","93.3333333333333","CC","335736.4","0.1402486","7455.908","239350","65.2001","1656.361","14.464","5.975155","58","6069.283","1656.361","191.4","745.3625","84600","173344.7","0","24.01401","32522.66","331.0007","281.3506","2.209398","16.10821","58371.8","82543.02"
"84.6","110","331","999999","93.3333333333333","CC","336523.2","0.1467863","8171.191","230890","60.99264","1444.068","14.77312","5.915243","50","5300.667","1444.068","165","649.8307","76140","156010.2","0","24.01401","29150.36","331.0007","281.3506","2.364219","14.8364","63876.21","74710.12"
"","110","21","999999","23.3333333333333","LF","336604.9","0.2536986","21686.68","56250","0","15782.27","105.2515","0.9919357","1405","43869.91","15782.27","4636.5","7102.023","","","0","1.523548","11887.53","21.00004","17.85004","1.429545","1.223017","65615.21","-1.687539E-14"
"","110","55","999999","46.6666666666667","LF","336688.1","0.2537614","20494.12","71750","0","14563.87","54.06812","2.105342","1289","40606.48","14563.87","4253.7","6553.74","","","0","3.990244","13964.88","55.00011","46.7501","1.67808","1.436739","64914.39","-5.240253E-14"
"188","110","221","999999","93.3333333333333","LF","336838.8","0.1151844","3124.249","296450","92.3747","2631.717","12.80296","6.726525","236","7287.297","2631.717","778.8","1184.273","169200","346689.3","0","16.03352","64431.72","221.0004","187.8504","0.3473501","24.21969","9961.964","123577.8"
"","110","21","999999","26.25","LF","337781.3","0.2545853","21709.99","57125","0","15782.27","98.79984","1.062788","1405","43869.91","15782.27","4636.5","7102.023","","","0","1.523548","11887.53","21.00004","17.85004","1.429545","1.223017","65615.21","-1.687539E-14"
"198.488117082989","","425","999999","165.709858330789","LF","338056.1","0.09919796","267.1681","334602.3","99.80079","0","12.07661","7.118445","","","","","","178639.3","366030.4","0","30.8337","79235.51","425.0009","361.2507","0","30.03314","525.1539","161009.4"
"","110","66","999999","46.6666666666667","LF","338900.6","0.2554289","20452.54","74500","0","14563.87","49.6961","2.323612","1289","40606.48","14563.87","4253.7","6553.74","","","0","4.788292","13968.31","66.00013","56.10011","1.678029","1.437092","64910.83","-5.240253E-14"
"134.87348702059","","531","999999","101.255177321752","LF","339043.1","0.1408402","4218.165","284512.7","99.74461","0","13.27566","6.363223","","","","","","121386.1","248719.2","0","38.52399","79908.52","531.001","451.3509","0","21.20305","475.5748","83584.49"
"45.2868769097565","","441","999999","105.392705695777","CC","339057","0.1988587","12100.63","182626","45.95357","0","18.10189","5.398252","","","","","","40758.19","83513.18","0","31.9945","28556.53","441.0009","374.8507","2.352971","9.39557","71282.04","29303.16"
"188","110","110","999999","93.3333333333333","LF","339168.5","0.1080603","5451.05","268700","81.4808","6559.571","13.48134","6.478066","561","18609.62","6559.571","1851.3","2951.807","169200","346689.3","0","7.980487","36393.65","110.0002","93.50019","0.6098287","23.22512","26353.47","140158.8"
"94","110","331","999999","46.6666666666667","CC","339263","0.1572798","8811.67","225350","61.42093","3861.551","14.89454","5.906678","179","13432.54","3861.551","590.7","1737.698","84600","173344.7","0","24.01401","19154.51","331.0007","281.3506","0.8961222","12.6426","50939.93","64225.46"
"159.781813855496","","453","999999","169.237743611508","LF","339830.5","0.1200882","2475.767","307825","99.73599","0","12.63206","6.733017","","","","","","143803.6","294652.4","0","32.8651","79455.46","453.0009","385.0508","0","24.92268","577.9077","116295.6"
"221.286521177172","","409","999999","161.832929138291","LF","340240.3","0.09262097","-751.6842","349957.8","99.82083","0","11.70757","7.374106","","","","","","199157.9","408072.8","0","29.6729","79114","409.0008","347.6507","0","32.38012","509.1085","181562.9"
"","110","83","999999","35","LF","340277.9","0.256467","20501.07","75250","0","14563.87","48.40838","2.396149","1289","40606.48","14563.87","4253.7","6553.74","","","0","6.02164","13969","83.00017","70.55014","1.677397","1.437163","64904.37","-5.240253E-14"
"161.31515380827","","438","999999","185.597319156194","LF","340830.7","0.1194201","2356.82","310362.8","99.72002","0","12.54099","6.779645","","","","","","145183.6","297480","0","31.77685","79385.14","438.0009","372.3008","0","25.13184","618.1416","118178.6"
"151.575","","496","999999","134.166666666667","CC","341274.9","0.1263537","3141.158","300667.5","99.5957","0","12.76108","6.64804","","","","","","136417.5","279518.3","0","35.98474","79897.02","496.001","421.6008","0.06126332","23.81855","844.7111","106301.8"
"114.070749045802","","551","999999","102.675572519084","CC","341401","0.1608396","5429.094","271216.3","99.26451","0","13.61392","6.144858","","","","","","102663.7","210357","0","39.97499","80478.48","551.0011","468.3509","0.09376764","18.70443","1207.632","61560.8"
"188","110","331","999999","140","LF","341995.6","0.1060136","312.9425","337950","98.21931","717.8688","11.78363","7.403471","69","1912.051","717.8688","227.7","323.041","169200","346689.3","0","24.01401","76316.48","331.0007","281.3506","0.1257688","28.11167","2531.526","146909"
"188","110","331","999999","93.3333333333333","LF","342493.6","0.1206291","1434.426","323950","97.97813","717.8688","12.00697","7.312714","69","1912.051","717.8688","227.7","323.041","169200","346689.3","0","24.01401","76302.01","331.0007","281.3506","0.1240262","24.69518","2528.509","116993.7"
"219.962995539303","","408","999999","179.258107316814","LF","342900.7","0.09203504","-838.7889","353744.1","99.82029","0","11.57335","7.434708","","","","","","197966.7","405632.1","0","29.60035","79108.73","408.0008","346.8007","0","32.84088","517.9429","185610.2"
"185.663569190888","","459","999999","151.800182482485","LF","342977.8","0.1070213","1205.996","327387.3","99.80643","0","12.08136","7.078451","","","","","","167097.2","342380.8","0","33.3004","79378.4","459.0009","390.1508","0","28.24457","479.8694","145283"
"129.404483742794","","496","999999","152.599408903005","CC","343593.4","0.1452409","4436.242","286243.8","99.14222","0","13.0824","6.427775","","","","","","116464","238633.8","0","35.98474","80220.09","496.001","421.6008","0.1393602","20.85742","1569.699","80362.6"
"182.80963609668","","431","999999","185.702638890702","LF","343608.1","0.1079071","1208.173","327989.5","99.7729","0","12.0567","7.07903","","","","","","164528.7","337117.8","0","31.269","79289.35","431.0009","366.3507","0","28.05477","559.3803","143717.3"
"","110","331","999999","46.6666666666667","CC","343688","0.2590372","15698.14","140750","0","5236.706","21.26502","5.183886","209","18768.73","5236.706","689.7","2356.517","","","0","24.01401","26507.42","331.0007","281.3506","3.202623","2.727145","89506.08","2.131628E-14"
"","110","331","999999","46.6666666666667","CC","343688","0.2590372","15698.14","140750","0","5236.706","21.26502","5.183886","209","18768.73","5236.706","689.7","2356.517","","","0","24.01401","26507.42","331.0007","281.3506","3.202623","2.727145","89506.08","2.131628E-14"
"","110","331","999999","46.6666666666667","CC","343688","0.2590372","15698.14","140750","0","5236.706","21.26502","5.183886","209","18768.73","5236.706","689.7","2356.517","","","0","24.01401","26507.42","331.0007","281.3506","3.202623","2.727145","89506.08","2.131628E-14"
"81.4442424893024","","424","999999","128.326298508124","CC","343723.3","0.1574232","9740.898","217797.7","62.85361","0","15.58265","5.718524","","","","","","73299.82","150190.7","0","30.76115","33765.5","424.0009","360.4007","2.116601","14.34657","62739.59","66345.73"
"205.674545414879","","425","999999","175.94388692784","LF","343742.2","0.09753895","-30.79076","344140.3","99.81528","0","11.7274","7.313599","","","","","","185107.1","379282.8","0","30.8337","79221.88","425.0009","361.2507","0","31.06223","503.5486","169998.6"
"179.144702574088","","445","999999","176.882314297341","LF","344697.3","0.1102089","1481.521","325544.9","99.77786","0","12.07503","7.059103","","","","","","161230.2","330359.3","0","32.2847","79348.41","445.0009","378.2508","0","27.55726","537.4466","139328.5"
"","110","50","999999","70","LF","345290.1","0.2602447","20714.74","77500","0","14563.87","45.77056","2.536803","1289","40606.48","14563.87","4253.7","6553.74","","","0","3.627494","13963.13","50.0001","42.50008","1.67808","1.436559","64915.96","-5.240253E-14"
"176.240340584569","","491","999999","97.2527686654615","LF","345693.3","0.1247232","2719.095","310542.1","99.80126","0","12.33867","6.936402","","","","","","158616.3","325003.4","0","35.62199","79514.47","491.001","417.3508","0","24.42645","426.0959","111772"
"","110","110","999999","23.3333333333333","LF","346343.1","0.2610383","20718.84","78500","0","14554.07","44.01364","2.672889","1288","40581.34","14554.07","4250.4","6549.332","","","0","7.980487","13906.01","110.0002","93.50019","1.668681","1.430683","64975.21","-4.884981E-14"
"59.6732142857142","","398","999999","156.375","CC","346786.9","0.1793524","11345.45","200118.4","51.83008","0","16.45108","5.587855","","","","","","53705.89","110042.9","0","28.87485","28528.02","398.0008","338.3007","2.518944","11.50101","72047.05","46935.54"
"230.095456651161","","416","999999","138.844150045736","LF","347327.1","0.09694967","-418.6497","352739.2","99.83569","0","11.44196","7.552355","","","","","","207085.9","424317.3","0","30.18075","79144.97","416.0008","353.6007","0","31.5834","455.3597","174514.1"
"140.332917030134","","546","999999","100.929767150729","CC","347608.8","0.1406982","4218.153","293078.6","99.65807","0","12.74219","6.619732","","","","","","126299.6","258786.8","0","39.61224","80104.01","546.0011","464.1009","0.04608665","21.79031","653.4596","88478.55"
"188","110","110","999999","46.6666666666667","CC","347703","0.1399663","7194.188","254700","62.75175","5448.642","13.26224","6.886497","262","18798.83","5448.642","864.6","2451.889","169200","346689.3","0","7.980487","14481.04","110.0002","93.50019","1.364498","15.2018","52778.53","89529.97"
"227.555703758464","","401","999999","198.044217812659","LF","348634.1","0.09024843","-1224.467","364463.4","99.82236","0","11.23845","7.630171","","","","","","204800.1","419633.7","0","29.0925","79044.43","401.0008","340.8507","0","34.0517","530.8299","196238.7"
"28.2","110","331","999999","140","CC","348934.7","0.2334663","11974.82","194130","32.92928","1772.376","16.14281","5.662108","60","6528.166","1772.376","198","797.5692","25380","52003.4","0","24.01401","27972.25","331.0007","281.3506","2.772426","7.264276","71014","12979.5"
"188","110","221","999999","140","CC","350413.4","0.09094028","3091.346","310450","75.69248","3388.396","11.88312","7.514009","122","12360.98","3388.396","402.6","1524.778","169200","346689.3","0","16.03352","23357.33","221.0004","187.8504","2.329189","28.20656","60090.95","195430.8"
"","110","99","999999","46.6666666666667","LF","351388.7","0.2648412","20780.38","82750","0","14563.87","39.80572","2.989447","1289","40606.48","14563.87","4253.7","6553.74","","","0","7.182438","13974.6","99.0002","84.15017","1.677397","1.437739","64899.32","-5.240253E-14"
"198.778137608832","","455","999999","170.029170002232","LF","351518","0.1028398","607.9247","343659.1","99.83065","0","11.51469","7.402619","","","","","","178900.3","366565.2","0","33.0102","79336.95","455.0009","386.7508","0","30.13222","447.7733","161784.3"
"","110","17","999999","23.3333333333333","LF","351553.4","0.2649654","22920.37","55250","0","17035.07","105.4049","0.9882291","1523","47246.33","17035.07","5025.9","7665.783","","","0","1.233348","10425.9","17.00003","14.45003","1.253835","1.072641","65939.52","-6.217249E-15"
"","110","33","999999","93.3333333333333","LF","351622.7","0.2650175","20991.86","80250","0","14565.16","42.54527","2.727894","1289","40611.94","14565.16","4253.7","6554.32","","","0","2.394146","13942.08","33.00006","28.05006","1.676263","1.434393","64929.77","-5.240253E-14"
"141","","499","999999","165.68125","LF","351931","0.1385573","3912.321","301354.4","99.7339","0","12.40447","6.775259","","","","","","126900","260017","0","36.20239","79753.85","499.001","424.1508","0","22.36926","522.8257","93857.2"
"191.027558429254","","435","999999","198.254377772813","LF","352390.7","0.1064521","946.7866","340151.1","99.79513","0","11.55887","7.353529","","","","","","171924.8","352272.4","0","31.5592","79284.41","435.0009","369.7507","0","29.17161","524.6071","153458.3"
"56.4","110","331","999999","140","CC","352421.2","0.1858214","10281.26","219510","49.72319","1589.317","14.62423","5.898288","54","5850.679","1589.317","178.2","715.1925","50760","104006.8","0","24.01401","27567.83","331.0007","281.3506","2.593843","11.0577","67908.98","44074.07"
"202.152643887413","","442","999999","184.189398478929","LF","352478.7","0.1013144","370.0978","347694.2","99.82384","0","11.41682","7.462325","","","","","","181937.4","372788.1","0","32.06705","79286.23","442.0009","375.7007","0","30.66738","474.07","166500.2"
"","110","33","999999","11.6666666666667","LF","352689.4","0.2658215","22969.56","55750","0","17209.31","100.7254","1.049688","1548","47575.24","17209.31","5108.4","7744.188","","","0","2.394146","11024.43","33.00006","28.05006","1.325183","1.134219","65432.46","-9.769963E-15"
"","110","41","999999","11.6666666666667","LF","352882.7","0.2659672","22829.8","57750","0","17098.69","87.92805","1.221982","1538","47270.26","17098.69","5075.4","7694.412","","","0","2.974545","11350.68","41.00008","34.85007","1.364102","1.167784","65276.08","-1.154632E-14"
"","110","331","999999","93.3333333333333","CC","352953.3","0.2660204","15331.89","154750","0","2241.654","18.933","5.363624","79","8205.656","2241.654","260.7","1008.744","","","0","24.01401","34106.5","331.0007","281.3506","4.116559","3.508955","101647.9","5.684342E-14"
"","110","331","999999","93.3333333333333","CC","352953.3","0.2660204","15331.89","154750","0","2241.654","18.933","5.363624","79","8205.656","2241.654","260.7","1008.744","","","0","24.01401","34106.5","331.0007","281.3506","4.116559","3.508955","101647.9","5.684342E-14"
"","110","331","999999","93.3333333333333","CC","352953.3","0.2660204","15331.89","154750","0","2241.654","18.933","5.363624","79","8205.656","2241.654","260.7","1008.744","","","0","24.01401","34106.5","331.0007","281.3506","4.116559","3.508955","101647.9","5.684342E-14"
"","110","28","999999","11.6666666666667","LF","353294.7","0.2662777","23113.08","54500","0","17334.61","110.7654","0.945188","1559","47926.08","17334.61","5144.7","7800.575","","","0","2.031397","10735.68","28.00006","23.80005","1.290647","1.104512","65604.6","-9.769963E-15"
"","110","25","999999","11.6666666666667","LF","353447.5","0.2663929","23182.91","53750","0","17400.91","118.1759","0.881088","1564","48125.14","17400.91","5161.2","7830.409","","","0","1.813747","10477.28","25.00005","21.25004","1.25968","1.077927","65721.62","-6.217249E-15"
"188","110","221","999999","93.3333333333333","CC","354605.2","0.1047426","4498.556","296450","72.49477","3411.102","12.0069","7.490867","124","12424.45","3411.102","409.2","1534.996","169200","346689.3","0","16.03352","23357.33","221.0004","187.8504","2.283583","24.07627","59606.96","159249.5"
"38.232795486477","110","161","999999","7.77777777777777","LF","355595.2","0.2613115","18147.52","120992.9","28.37479","13963.78","24.22575","4.938231","1256","38603.93","13963.78","4144.8","6283.699","34409.52","70504.8","0","11.68053","23917.12","161.0003","136.8503","0.3739558","4.869659","36792.04","2631.526"
"","110","110","999999","46.6666666666667","LF","355679.4","0.2680751","20899.56","85500","0","14553.51","37.30859","3.213776","1288","40578.98","14553.51","4250.4","6549.081","","","0","7.980487","13962.14","110.0002","93.50019","1.675435","1.436458","64919.96","-5.240253E-14"
"","110","110","999999","46.6666666666667","LF","355679.4","0.2680751","20899.56","85500","0","14553.51","37.30859","3.213776","1288","40578.98","14553.51","4250.4","6549.081","","","0","7.980487","13962.14","110.0002","93.50019","1.675435","1.436458","64919.96","-5.240253E-14"
"94","110","331","999999","140","CC","356400.2","0.1480454","7971.381","253350","64.23949","1593.843","13.17213","6.518495","55","5853.482","1593.843","181.5","717.2294","84600","173344.7","0","24.01401","31794.96","331.0007","281.3506","2.372874","16.15384","60740","83587.64"
"84.6","110","331","999999","140","CC","356856.5","0.1547353","8661.103","244890","60.316","1501.317","13.42951","6.359255","51","5526.896","1501.317","168.3","675.5928","76140","156010.2","0","24.01401","28483.04","331.0007","281.3506","2.475911","14.8896","65268.45","75764.68"
"185.617146381579","","507","999999","122.726041666667","LF","357322.1","0.1166303","2065.276","330623.3","99.85503","0","11.57285","7.341715","","","","","","167055.4","342295.1","0","36.78279","79541.72","507.001","430.9509","0","27.01465","343.5482","134362.1"
"","110","66","999999","93.3333333333333","LF","357722.5","0.2696149","20825.54","88500","0","14563.87","35.43777","3.390189","1289","40606.48","14563.87","4253.7","6553.74","","","0","4.788292","13968.31","66.00013","56.10011","1.678029","1.437092","64910.83","-5.240253E-14"
"261.656813261482","","397","999999","173.31316532664","LF","357863.9","0.0862755","-2233.31","386735.1","99.84801","0","10.64844","8.070115","","","","","","235491.1","482519.3","0","28.8023","78942.38","397.0008","337.4507","0","36.57216","487.6775","218263.2"
"188","110","221","999999","46.6666666666667","LF","358909.7","0.1635351","5914.488","282450","89.57526","3141.002","12.3529","6.996385","300","8397.318","3141.002","990","1413.451","169200","346689.3","0","16.03352","63017.41","221.0004","187.8504","0.258914","17.63227","9300.69","67136.23"
"173.074419375691","","477","999999","187.341855907792","LF","360128.2","0.1187173","2236.21","331219.5","99.79771","0","11.49888","7.327452","","","","","","155767","319165.2","0","34.6063","79478.48","477.0009","405.4508","0","26.73281","474.6903","132029.9"
"82.2072208737864","","439","999999","151.666666666667","CC","360472.5","0.1632945","10151.68","229236.5","62.47285","0","14.30413","5.895275","","","","","","73986.5","151597.7","0","31.8494","33696.97","439.0009","373.1508","2.255957","14.5526","64081.26","68195.27"
"105.75","","372","999999","192.5","CC","361036.1","0.1378723","8904.347","245925","65.60019","0","13.60238","6.105354","","","","","","95175","195012.8","0","26.98856","29815.81","372.0007","316.2006","2.549132","17.85238","69681","99952.18"
"231.615814436492","","447","999999","179.900625780524","LF","363194.8","0.0937516","-849.3253","374174.4","99.87849","0","10.69604","7.945061","","","","","","208454.2","427120.9","0","32.4298","79258.52","447.0009","379.9508","0","34.16753","364.1462","197041.9"
"188","110","110","999999","46.6666666666667","LF","363914.4","0.1576233","8448.214","254700","74.82367","6665.666","12.91529","6.788029","586","18649.78","6665.666","1933.8","2999.549","169200","346689.3","0","7.980487","36393.65","110.0002","93.50019","0.6098287","15.89645","26313.31","75959.66"
"49.9964248280593","110","85","999999","6.99306309454971","LF","364507.9","0.2685862","19505.93","112344.7","22.12021","15470.65","25.35434","4.72407","1397","42680.35","15470.65","4610.1","6961.792","44996.78","92198.02","0","6.16674","21105.95","85.00017","72.25014","0.297544","4.454046","39078.15","2347.353"
"","110","14","999999","17.5","LF","364633.5","0.2748238","24125.56","52750","0","18324.01","122.5925","0.8435181","1645","50710.38","18324.01","5428.5","8245.805","","","0","1.015698","8806.393","14.00003","11.90002","1.059085","0.9060221","66371.09","-2.664535E-15"
"","110","83","999999","11.6666666666667","LF","365459.3","0.2754462","22990.44","68250","0","17045.52","52.8585","2.18311","1534","47110.44","17045.52","5062.2","7670.484","","","0","6.02164","11742.67","83.00017","70.55014","1.409502","1.208113","64989.45","-1.154632E-14"
"78.7101148060174","110","67","999999","9.49807419503827","LF","365973.6","0.2618576","17910.25","134438.5","30.37191","13870.8","20.75648","5.190134","1256","38209.93","13870.8","4144.8","6241.86","70839.1","145148.7","0","4.860842","20756.59","67.00014","56.95012","0.387402","5.291204","37065.63","5477.869"
"126.9","","497","999999","210","CC","366929.2","0.1575115","5064.331","301460","98.89081","0","11.91078","6.957829","","","","","","114210","234015.3","0","36.05729","80327.71","497.001","422.4508","0.1917808","20.54449","1998.768","77567.03"
"","110","14","999999","23.3333333333333","LF","366986.3","0.2765971","24172.18","54500","0","18324.01","103.6852","1.012222","1645","50710.38","18324.01","5428.5","8245.805","","","0","1.015698","8806.393","14.00003","11.90002","1.059085","0.9060221","66371.09","-2.664535E-15"
"188","110","331","999999","46.6666666666667","LF","367019.9","0.1694324","4414.604","309950","94.50537","1884.541","11.45752","7.758535","180","5038.135","1884.541","594","848.0435","169200","346689.3","0","24.01401","69778.98","331.0007","281.3506","0.007571478","18.08514","4168.826","64929.91"
"188","110","331","999999","140","CC","367249.7","0.1022523","2266.457","337950","83.6078","1698.116","10.90546","8.042314","61","6197.094","1698.116","201.3","764.1522","169200","346689.3","0","24.01401","48858.39","331.0007","281.3506","1.902988","28.51962","39344.71","175193.1"
"188","110","331","999999","93.3333333333333","CC","368089.5","0.1175626","3414.387","323950","82.23955","1638.021","11.08195","7.982859","60","5958.804","1638.021","198","737.1093","169200","346689.3","0","24.01401","50284.79","331.0007","281.3506","1.767712","24.59841","37056.51","139564.1"
"219.584074680095","","461","999999","86.099488106923","LF","368169.8","0.1277032","2279.19","338705.5","99.82593","0","11.04671","7.777635","","","","","","197625.7","404933.3","0","33.4455","79294.66","461.0009","391.8508","0","25.41386","388.2181","120383.8"
"141","","497","999999","210","LF","369008.4","0.1452774","4243.536","314150","99.73079","0","11.5673","7.179387","","","","","","126900","260017","0","36.05729","79745.35","497.001","422.4508","0","22.36909","528.9542","93863.3"
"","110","14","999999","29.1666666666667","LF","369339","0.2783703","24218.8","56250","0","18324.01","90.20144","1.180925","1645","50710.38","18324.01","5428.5","8245.805","","","0","1.015698","8806.393","14.00003","11.90002","1.059085","0.9060221","66371.09","-2.664535E-15"
"141","","497","999999","210","CC","369652.3","0.1453405","4293.344","314150","99.41339","0","11.54548","7.190757","","","","","","126900","260017","0","36.05729","80036.4","497.001","422.4508","0.09589041","22.42804","1154.096","94117.44"
"","110","99","999999","93.3333333333333","LF","370210.6","0.2790272","21153.38","96750","0","14563.87","29.93387","4.069506","1289","40606.48","14563.87","4253.7","6553.74","","","0","7.182438","13974.6","99.0002","84.15017","1.677397","1.437739","64899.32","-5.240253E-14"
"","110","17","999999","70","LF","370375.3","0.2791514","23293.36","69250","0","17035.07","50.88199","2.218025","1523","47246.33","17035.07","5025.9","7665.783","","","0","1.233348","10425.9","17.00003","14.45003","1.253835","1.072641","65939.52","-6.217249E-15"
"","110","33","999999","140","LF","370444.6","0.2792036","21364.86","94250","0","14565.16","31.40009","3.781426","1289","40611.94","14565.16","4253.7","6554.32","","","0","2.394146","13942.08","33.00006","28.05006","1.676263","1.434393","64929.77","-5.240253E-14"
"","110","331","999999","140","CC","371489.8","0.2799913","15682.81","168750","0","2133.905","16.56552","5.589271","74","7830.935","2133.905","244.2","960.2573","","","0","24.01401","34366.28","331.0007","281.3506","4.155216","3.535682","102145","0"
"","110","331","999999","140","CC","371489.8","0.2799913","15682.81","168750","0","2133.905","16.56552","5.589271","74","7830.935","2133.905","244.2","960.2573","","","0","24.01401","34366.28","331.0007","281.3506","4.155216","3.535682","102145","0"
"","110","331","999999","140","CC","371489.8","0.2799913","15682.81","168750","0","2133.905","16.56552","5.589271","74","7830.935","2133.905","244.2","960.2573","","","0","24.01401","34366.28","331.0007","281.3506","4.155216","3.535682","102145","0"
"282","110","110","999999","140","CC","372175","0.0813294","377.1034","367300","79.47646","5096.278","10.29713","8.821915","181","18632.22","5096.278","597.3","2293.325","253800","520034","0","7.980487","18294.13","110.0002","93.50019","1.901495","34.11739","54018.02","251351.7"
"","110","165","999999","35","LF","372992.4","0.2811238","21445.91","95750","0","14553.51","29.9035","4.094181","1288","40578.98","14553.51","4250.4","6549.081","","","0","11.97073","13981.39","165.0003","140.2503","1.675435","1.438438","64902.61","-5.240253E-14"
"21.1411241278866","110","62","999999","5.81864512889039","CC","373864.1","0.2779283","22710.58","80272.6","0","17892.52","37.55785","3.197568","1584","49880.91","17892.52","5227.2","8051.636","19027.01","38986.18","0","4.498093","3025.409","62.00013","52.7001","0.1266854","2.002567","56817.14","1422.671"
"","110","110","999999","93.3333333333333","LF","374501.3","0.2822611","21272.55","99500","0","14553.51","28.42018","4.297942","1288","40578.98","14553.51","4250.4","6549.081","","","0","7.980487","13962.14","110.0002","93.50019","1.675435","1.436458","64919.96","-5.240253E-14"
"","110","110","999999","93.3333333333333","LF","374501.3","0.2822611","21272.55","99500","0","14553.51","28.42018","4.297942","1288","40578.98","14553.51","4250.4","6549.081","","","0","7.980487","13962.14","110.0002","93.50019","1.675435","1.436458","64919.96","-5.240253E-14"
"95.175","","414","999999","192.5","CC","374895.8","0.1527686","9900.45","246907.5","63.42819","0","13.00974","6.318319","","","","","","85657.5","175511.5","0","30.03565","29947.37","414.0008","351.9007","2.502711","16.37926","69423.69","87195.4"
"","110","66","999999","140","LF","376544.3","0.283801","21198.53","102500","0","14563.87","27.33972","4.456765","1289","40606.48","14563.87","4253.7","6553.74","","","0","4.788292","13968.31","66.00013","56.10011","1.678029","1.437092","64910.83","-5.240253E-14"
"219.258714586263","","474","999999","204.257521531182","LF","377701.6","0.1009531","45.75303","377110.1","99.88778","0","10.27356","8.144269","","","","","","197332.8","404333.3","0","34.38865","79366.79","474.0009","402.9008","0","33.00063","324.7884","186780.5"
"282","","414","999999","210","LF","377962.7","0.08227689","-3274.976","420300","99.90056","0","9.765271","8.63889","","","","","","253800","520034","0","30.03565","79034.22","414.0008","351.9007","0","40.5247","353.3546","252725.7"
"282","","414","999999","210","CC","378888.3","0.08236605","-3203.378","420300","99.63184","0","9.742233","8.655001","","","","","","253800","520034","0","30.03565","79204.17","414.0008","351.9007","0.119863","40.59698","1310.012","253207.1"
"31.725","110","55","999999","5.83333333333333","CC","379333.6","0.281353","22531.87","88052.5","0","17776.77","31.72186","3.849097","1573","49570.53","17776.77","5190.9","7999.545","28552.5","58503.82","0","3.990244","2899.592","55.00011","46.7501","0.0980595","2.123589","56100.39","1659.846"
"230.3","","499","999999","165.666666666667","LF","380994.9","0.1005541","-56.08614","381720","99.92749","0","10.11751","8.283486","","","","","","207270","424694.4","0","36.20239","79433.32","499.001","424.1508","0","33.43375","212.512","190462.4"
"141","","593","999999","145.833333333333","LF","381414.7","0.1503346","4835.785","318900","99.86452","0","11.06721","7.440178","","","","","","126900","260017","0","43.02208","80052.98","593.0012","504.051","0","22.37333","265.8844","93623.22"
"230.3","","499","999999","165.666666666667","CC","381420.8","0.1005779","-23.14914","381720","99.77184","0","10.10574","8.291187","","","","","","207270","424694.4","0","36.20239","79510.52","499.001","424.1508","0.05673516","33.47079","669.331","190717.3"
"141","","593","999999","145.833333333333","CC","381739.6","0.1502997","4860.918","318900","99.6826","0","11.05627","7.446207","","","","","","126900","260017","0","43.02208","80167.07","593.0012","504.051","0.04994292","22.40936","623.5879","93835.98"
"188","110","221","999999","46.6666666666667","CC","382111.6","0.1549828","7709.263","282450","64.08244","3917.489","11.33674","7.994711","182","13620.45","3917.489","600.6","1762.87","169200","346689.3","0","16.03352","16360.91","221.0004","187.8504","1.216609","15.23232","54880.79","88084.93"
"190.35","","497","999999","210","CC","382442.5","0.1158184","1847.026","358565","99.57086","0","10.39436","7.982114","","","","","","171315","351023","0","36.05729","79661.55","497.001","422.4508","0.09589041","29.13459","1096.154","152797.9"
"82.25","110","165","999999","8.74999999999999","LF","384059","0.277409","17184.97","161900","34.71061","12862.17","16.48348","5.603872","1155","35589.8","12862.17","3811.5","5787.977","74025","151676.6","0","11.97073","24647.88","165.0003","140.2503","0.2282509","5.468415","34330.75","4460.244"
"62.8625","","516","999999","139.027777777778","CC","384158.3","0.1973472","12134.86","227284.6","55.00407","0","13.33106","6.011971","","","","","","56576.25","115924.3","0","37.43574","29257.89","516.001","438.6009","2.139391","11.70685","67754.38","47945.88"
"126.343421052632","","587","999999","166.710526315789","CC","384159.3","0.1660925","5700.016","310472.3","99.58961","0","11.14125","7.343073","","","","","","113709.1","232988.9","0","42.58678","80363.27","587.0012","498.951","0.05709264","20.40035","734.2426","76282.06"
"141","","490","999999","254.479166666667","LF","384160.2","0.1512282","4518.766","325743.8","99.71854","0","10.86802","7.539388","","","","","","126900","260017","0","35.54944","79715.6","490.001","416.5008","0","22.36847","553.0772","93884.69"
"126.9","","641","999999","113.75","CC","384448.7","0.1658741","5868.387","308585","99.73022","0","11.16224","7.336967","","","","","","114210","234015.3","0","46.50447","80445.19","641.0013","544.8511","0.03895548","20.45215","483.6788","76652.3"
"95.175","","579","999999","192.5","CC","384848.6","0.209702","7479.481","288157.5","98.56245","0","11.59712","6.981365","","","","","","85657.5","175511.5","0","42.00638","80899.45","579.0012","492.151","0.1757991","16.1578","2040.776","39329.02"
"","110","166","999999","70","LF","387509.1","0.2920651","21737.29","106500","0","14553.51","24.83328","4.946606","1288","40578.98","14553.51","4250.4","6549.081","","","0","12.04328","13981.74","166.0003","141.1003","1.675435","1.438474","64902.29","-5.240253E-14"
"51.7","","499","999999","165.666666666667","CC","388603.3","0.2148808","12966.4","220980","48.74931","0","13.37988","5.975373","","","","","","46530","95339.57","0","36.20239","28616.51","499.001","424.1508","2.445118","10.3588","71695.75","37259.24"
"","110","99","999999","140","LF","389032.5","0.2932133","21526.37","110750","0","14563.87","23.69558","5.034035","1289","40606.48","14563.87","4253.7","6553.74","","","0","7.182438","13974.6","99.0002","84.15017","1.677397","1.437739","64899.32","-5.240253E-14"
"47","110","5","999999","23.3333333333333","LF","391874.6","0.2360513","22999.36","94550","18.9412","20241.09","27.41177","4.347731","1819","55984.69","20241.09","6002.7","9108.492","42300","86672.34","0","0.3627494","2967.812","5.00001","4.250009","0.2087995","5.824072","48109.31","25784.87"
"80.9240105124473","","431","999999","227.125203399692","CC","392389.5","0.1757032","11113.53","248719.2","59.65806","0","12.23739","6.606566","","","","","","72831.61","149231.3","0","31.269","30071.83","431.0009","366.3507","2.499558","14.39599","69691.42","70118.72"
"","110","110","999999","140","LF","393323.2","0.2964472","21645.55","113500","0","14553.51","22.64613","5.086697","1288","40578.98","14553.51","4250.4","6549.081","","","0","7.980487","13962.14","110.0002","93.50019","1.675435","1.436458","64919.96","-5.240253E-14"
"","110","110","999999","140","LF","393323.2","0.2964472","21645.55","113500","0","14553.51","22.64613","5.086697","1288","40578.98","14553.51","4250.4","6549.081","","","0","7.980487","13962.14","110.0002","93.50019","1.675435","1.436458","64919.96","-5.240253E-14"
"282","110","221","999999","140","LF","394527","0.09709652","-40.45871","395050","94.72847","2570.563","9.537058","8.888768","232","7093.651","2570.563","765.6","1156.753","253800","520034","0","16.03352","64693.71","221.0004","187.8504","0.3462609","34.35317","9475.291","211676.8"
"282","110","110","999999","93.3333333333333","CC","394788","0.1053927","3209.275","353300","74.94757","5087.08","9.816828","9.323616","181","18593.24","5087.08","597.3","2289.186","253800","520034","0","7.980487","18294.13","110.0002","93.50019","1.895167","26.78578","53998.64","187126.9"
"282","110","110","999999","140","LF","394878.7","0.09167338","2133.331","367300","86.70561","6462.818","9.826919","8.843309","553","18330.63","6462.818","1824.9","2908.268","253800","520034","0","7.980487","36511.93","110.0002","93.50019","0.5963564","33.60757","25966.3","230567.2"
"5.76201923076921","110","165","999999","8.80608974358976","LF","399606.6","0.301183","23711.36","93077.64","0","17602.46","27.57195","4.43344","1590","48553.45","17602.46","5247","7921.108","5185.817","10625.7","0","11.97073","11409.92","165.0003","140.2503","1.156255","2.126942","56340.29","5.22915E-15"
"282","110","331","999999","140","LF","399934.3","0.1007574","-1749.422","422550","98.75603","612.6477","9.153996","9.342184","59","1629.933","612.6477","194.7","275.6915","253800","520034","0","24.01401","76327.02","331.0007","281.3506","0.1068781","34.72683","2189.55","204408"
"","110","221","999999","46.6666666666667","LF","400116.6","0.3015673","22190.39","113250","0","14553.51","21.93121","5.132035","1288","40578.98","14553.51","4250.4","6549.081","","","0","16.03352","14000.99","221.0004","187.8504","1.675435","1.440454","64884.95","-5.240253E-14"
"","110","221","999999","46.6666666666667","LF","400116.6","0.3015673","22190.39","113250","0","14553.51","21.93121","5.132035","1288","40578.98","14553.51","4250.4","6549.081","","","0","16.03352","14000.99","221.0004","187.8504","1.675435","1.440454","64884.95","-5.240253E-14"
"47","110","124","999999","5.83333333333331","LF","401194.1","0.298463","21825.08","119050","14.03656","17309.34","20.30341","5.213167","1568","47671.6","17309.34","5174.4","7789.204","42300","86672.34","0","8.996185","19339.6","124.0003","105.4002","0.2712867","3.886537","41713","1346.755"
"63.45","","496","999999","210","CC","407338.6","0.2068768","12626.83","244105","53.94894","0","11.73416","6.754883","","","","","","57105","117007.6","0","35.98474","29348.17","496.001","421.6008","2.410596","11.91757","70140.4","49677.03"
"117.5","","621","999999","198.333333333333","LF","408090.1","0.187939","6775.478","320500","99.75769","0","10.17397","7.828117","","","","","","105750","216680.8","0","45.05348","80327.77","621.0012","527.8511","0","19.12785","407.005","65333.95"
"126.9","","496","999999","315","CC","409453.9","0.1755553","5936.476","332710","98.58517","0","9.955561","7.986737","","","","","","114210","234015.3","0","35.98474","80326.41","496.001","421.6008","0.2517123","20.56904","2552.577","77783.3"
"282","110","221","999999","140","CC","411015.4","0.08999316","1234.997","395050","79.59089","3383.379","8.999864","9.759686","122","12339.72","3383.379","402.6","1522.52","253800","520034","0","16.03352","23292.7","221.0004","187.8504","2.331259","34.55305","59764","250658.7"
"141","","497","999999","315","LF","411357.7","0.1619501","5082.774","345650","99.73079","0","9.722618","8.17939","","","","","","126900","260017","0","36.05729","79745.35","497.001","422.4508","0","22.36909","528.9542","93863.3"
"141","","497","999999","315","CC","412439.9","0.1619942","5166.491","345650","99.18952","0","9.688064","8.201186","","","","","","126900","260017","0","36.05729","80036.4","497.001","422.4508","0.1438356","22.45156","1596.201","94323.48"
"229.125","","496","999999","262.5","LF","412481.4","0.1059722","272.2048","408962.5","99.92616","0","9.020209","8.944399","","","","","","206212.5","422527.6","0","35.98474","79428.3","496.001","421.6008","0","34.3457","222.333","198460.9"
"282","110","221","999999","93.3333333333333","LF","412961.8","0.1244568","2468.512","381050","93.54466","2570.563","9.162264","9.255684","232","7093.651","2570.563","765.6","1156.753","253800","520034","0","16.03352","64693.71","221.0004","187.8504","0.3462609","27.77334","9475.291","154037.5"
"229.125","","496","999999","262.5","CC","413527.4","0.1060969","353.1119","408962.5","99.59068","0","8.992499","8.964611","","","","","","206212.5","422527.6","0","35.98474","79538.95","496.001","421.6008","0.119863","34.40302","1234.094","198866.3"
"169.2","","662","999999","140","CC","414952.7","0.1404757","4267.853","359780","99.8653","0","9.429326","8.48912","","","","","","152280","312020.4","0","48.02802","80030.91","662.0013","562.7011","0.03196347","26.08275","307.8061","125864.9"
"282","110","110","999999","93.3333333333333","LF","416676.3","0.1192186","4902.434","353300","83.61547","6462.818","9.334089","10.1158","553","18330.63","6462.818","1824.9","2908.268","253800","520034","0","7.980487","36511.93","110.0002","93.50019","0.5963564","26.43384","25966.3","167725.3"
"282","110","331","999999","93.3333333333333","LF","416802.8","0.1280447","638.3932","408550","98.48432","612.6477","8.831363","9.699268","59","1629.933","612.6477","194.7","275.6915","253800","520034","0","24.01401","76312.53","331.0007","281.3506","0.1051355","28.41918","2186.533","149166"
"","110","221","999999","93.3333333333333","LF","418938.5","0.3157534","22563.38","127250","0","14553.51","17.84878","5.380431","1288","40578.98","14553.51","4250.4","6549.081","","","0","16.03352","14000.99","221.0004","187.8504","1.675435","1.440454","64884.95","-5.240253E-14"
"","110","221","999999","93.3333333333333","LF","418938.5","0.3157534","22563.38","127250","0","14553.51","17.84878","5.380431","1288","40578.98","14553.51","4250.4","6549.081","","","0","16.03352","14000.99","221.0004","187.8504","1.675435","1.440454","64884.95","-5.240253E-14"
"193.613242574257","","567","999999","232.712458745875","LF","419597","0.1254006","2613.135","385815.7","99.94067","0","9.035929","8.816829","","","","","","174251.9","357040.7","0","41.13578","79706.6","567.0012","481.951","0","29.52948","153.5566","156198.8"
"188","110","331","999999","46.6666666666667","CC","419958","0.1731433","8509.6","309950","66.7662","3784.185","9.62121","9.152354","179","13104.68","3784.185","590.7","1702.883","169200","346689.3","0","24.01401","19383.58","331.0007","281.3506","0.8439975","15.18847","49249.41","84989.52"
"282","110","331","999999","140","CC","426762.6","0.09904109","325.8641","422550","86.59016","1593.269","8.413723","10.05702","58","5801.917","1593.269","191.4","716.9712","253800","520034","0","24.01401","49336.92","331.0007","281.3506","1.904114","34.95167","38895.18","230682.7"
"52.875","","496","999999","262.5","CC","427648.2","0.2341226","13715.75","250337.5","48.77145","0","10.68246","7.234084","","","","","","47587.5","97506.38","0","35.98474","28605.32","496.001","421.6008","2.526664","10.52629","72383.6","38662.4"
"282","110","221","999999","93.3333333333333","CC","433379.1","0.1160607","4047.885","381050","75.20847","3400.938","8.500645","10.14211","124","12381.38","3400.938","409.2","1530.422","253800","520034","0","16.03352","23292.7","221.0004","187.8504","2.277666","27.19632","59228.16","186213.8"
"","110","221","999999","140","LF","437760.4","0.3299394","22936.38","141250","0","14553.51","14.71273","5.628827","1288","40578.98","14553.51","4250.4","6549.081","","","0","16.03352","14000.99","221.0004","187.8504","1.675435","1.440454","64884.95","-5.240253E-14"
"","110","221","999999","140","LF","437760.4","0.3299394","22936.38","141250","0","14553.51","14.71273","5.628827","1288","40578.98","14553.51","4250.4","6549.081","","","0","16.03352","14000.99","221.0004","187.8504","1.675435","1.440454","64884.95","-5.240253E-14"
"282","110","110","999999","46.6666666666667","CC","439196.1","0.1702675","7727.401","339300","64.34998","5440.107","8.647554","10.21501","263","18746.28","5440.107","867.9","2448.048","253800","520034","0","7.980487","14366.73","110.0002","93.50019","1.352791","16.08136","52386.77","96898.55"
"141","","621","999999","262.5","LF","439640.9","0.1733306","6090.95","360900","99.89729","0","8.683831","8.832278","","","","","","126900","260017","0","45.05348","80124.38","621.0012","527.8511","0","22.3747","201.5351","93570.91"
"141","","621","999999","262.5","CC","440314.3","0.1731836","6143.042","360900","99.51386","0","8.662748","8.847195","","","","","","126900","260017","0","45.05348","80206.93","621.0012","527.8511","0.08989726","22.43654","956.0926","94038.18"
"","110","331","999999","46.6666666666667","LF","444153.5","0.3347579","23469.59","140750","0","14553.51","14.16644","5.674984","1288","40578.98","14553.51","4250.4","6549.081","","","0","24.01401","14039.49","331.0007","281.3506","1.675435","1.444415","64850.25","-5.240253E-14"
"","110","331","999999","46.6666666666667","LF","444153.5","0.3347579","23469.59","140750","0","14553.51","14.16644","5.674984","1288","40578.98","14553.51","4250.4","6549.081","","","0","24.01401","14039.49","331.0007","281.3506","1.675435","1.444415","64850.25","-5.240253E-14"
"270.25","","593","999999","210","LF","444204.1","0.09974919","-794.5021","454475","99.99454","0","7.923651","9.857476","","","","","","243225","498365.9","0","43.02208","79464.69","593.0012","504.051","0","39.32151","18.83188","241842.2"
"270.25","","593","999999","210","CC","444353.2","0.09972922","-782.965","454475","99.93427","0","7.920035","9.860538","","","","","","243225","498365.9","0","43.02208","79479.49","593.0012","504.051","0.0239726","39.34412","226.5387","242026.9"
"282","110","331","999999","93.3333333333333","CC","445309.5","0.1268394","2843.508","408550","84.31422","1628.15","8.020149","10.25996","60","5916.975","1628.15","198","732.6674","253800","520034","0","24.01401","50152.79","331.0007","281.3506","1.754433","27.9858","36681.98","168943.8"
"282","110","221","999999","46.6666666666667","LF","447551.7","0.1914892","6227.156","367050","90.56217","3091.897","8.266649","10.25637","296","8254.733","3091.897","976.8","1391.354","253800","520034","0","16.03352","63179.88","221.0004","187.8504","0.2536452","18.95774","8808.279","78160.85"
"84.6","","662","999999","280","CC","450903.5","0.2697629","9689.68","325640","98.29893","0","8.65399","8.575268","","","","","","76140","156010.2","0","48.02802","81209.98","662.0013","562.7011","0.1917808","14.71066","2199.41","26671.24"
"282","110","110","999999","46.6666666666667","LF","453997.4","0.1878405","8872.346","339300","76.30675","6576.642","8.308597","10.54966","580","18370.79","6576.642","1914","2959.489","253800","520034","0","7.980487","36511.93","110.0002","93.50019","0.5963564","16.91349","25926.15","84327.08"
"282","110","331","999999","46.6666666666667","LF","455559.5","0.1968106","4719.351","394550","94.99274","1851.799","7.882117","10.32837","177","4948.516","1851.799","584.1","833.3095","253800","520034","0","24.01401","69543.86","331.0007","281.3506","0.004558265","19.42116","4017.143","76419.97"
"253.8","","662","999999","140","CC","461412","0.1227715","1971.919","435920","100","0","7.578476","10.06142","","","","","","228420","468030.6","0","48.02802","79559.9","662.0013","562.7011","0","33.18733","0","188088"
"","110","331","999999","93.3333333333333","LF","462975.3","0.3489439","23842.58","154750","0","14553.51","11.68071","5.925813","1288","40578.98","14553.51","4250.4","6549.081","","","0","24.01401","14039.49","331.0007","281.3506","1.675435","1.444415","64850.25","-5.240253E-14"
"","110","331","999999","93.3333333333333","LF","462975.3","0.3489439","23842.58","154750","0","14553.51","11.68071","5.925813","1288","40578.98","14553.51","4250.4","6549.081","","","0","24.01401","14039.49","331.0007","281.3506","1.675435","1.444415","64850.25","-5.240253E-14"
"135.125","110","","999999","90.4166666666667","LF","464646","0.153926","21033.31","192737.5","53.23023","22282.64","9.945694","10.05933","2008","61540.79","22282.64","6626.4","10027.19","121612.5","249183","","","","","","0","17.98504","47668.68","130871.4"
"135.125","110","","999999","90.4166666666667","CC","464646","0.153926","21033.31","192737.5","53.23023","22282.64","9.945694","10.05933","2008","61540.79","22282.64","6626.4","10027.19","121612.5","249183","","","","","","0","17.98504","47668.68","130871.4"
"126.9","","745","999999","210","CC","464654.3","0.2004751","7827.824","363460","99.855","0","7.886204","9.316325","","","","","","114210","234015.3","0","54.04966","80540.1","745.0015","633.2513","0.0239726","20.46238","259.9825","76656.3"
"135.125","110","","999999","93.3333333333333","LF","464668.7","0.1527658","20967.38","193612.5","53.58502","22282.64","9.924415","10.05894","2008","61540.79","22282.64","6626.4","10027.19","121612.5","249183","","","","","","0","18.1888","47668.68","132656.3"
"135.125","110","","999999","93.3333333333333","CC","464668.7","0.1527658","20967.38","193612.5","53.58502","22282.64","9.924415","10.05894","2008","61540.79","22282.64","6626.4","10027.19","121612.5","249183","","","","","","0","18.1888","47668.68","132656.3"
"129.25","110","","999999","87.5","LF","464723.8","0.1579307","21516.02","186575","51.70226","22531.16","10.14871","6.994398","2032","62200.86","22531.16","6705.6","10139.02","116325","238348.9","","","","","","0","17.27951","47735.16","124988.4"
"129.25","110","","999999","87.5","CC","464723.8","0.1579307","21516.02","186575","51.70226","22531.16","10.14871","6.994398","2032","62200.86","22531.16","6705.6","10139.02","116325","238348.9","","","","","","0","17.27951","47735.16","124988.4"
"135.125","110","","999999","87.5","LF","464747.7","0.1552745","21108.86","191862.5","52.83083","22282.64","9.959502","10.06138","2008","61540.79","22282.64","6626.4","10027.19","121612.5","249183","","","","","","0","17.75934","47668.68","128894.2"
"135.125","110","","999999","87.5","CC","464747.7","0.1552745","21108.86","191862.5","52.83083","22282.64","9.959502","10.06138","2008","61540.79","22282.64","6626.4","10027.19","121612.5","249183","","","","","","0","17.75934","47668.68","128894.2"
"138.0625","110","","999999","91.875","LF","464756.5","0.152052","20803.51","195818.8","53.95108","22168.74","9.924861","10.0762","1997","61238.25","22168.74","6590.1","9975.934","124256.3","254600","","","","","","0","18.33377","47639.09","133805.4"
"138.0625","110","","999999","91.875","CC","464756.5","0.152052","20803.51","195818.8","53.95108","22168.74","9.924861","10.0762","1997","61238.25","22168.74","6590.1","9975.934","124256.3","254600","","","","","","0","18.33377","47639.09","133805.4"
"129.25","110","","999999","90.4166666666667","LF","464797.8","0.1567813","21454.07","187450","52.06142","22531.16","10.1222","10.02859","2032","62200.86","22531.16","6705.6","10139.02","116325","238348.9","","","","","","0","17.47418","47735.16","126693.8"
"129.25","110","","999999","90.4166666666667","CC","464797.8","0.1567813","21454.07","187450","52.06142","22531.16","10.1222","10.02859","2032","62200.86","22531.16","6705.6","10139.02","116325","238348.9","","","","","","0","17.47418","47735.16","126693.8"
"135.125","110","","999999","84.5833333333333","LF","464955.3","0.1567939","21192.61","190987.5","52.39053","22282.64","9.966876","10.06484","2008","61540.79","22282.64","6626.4","10027.19","121612.5","249183","","","","","","0","17.51491","47668.68","126753"
"135.125","110","","999999","84.5833333333333","CC","464955.3","0.1567939","21192.61","190987.5","52.39053","22282.64","9.966876","10.06484","2008","61540.79","22282.64","6626.4","10027.19","121612.5","249183","","","","","","0","17.51491","47668.68","126753"
"129.25","110","","999999","81.6666666666666","LF","464960.4","0.1608419","21669.7","184825","50.83701","22531.16","10.17764","6.969278","2032","62200.86","22531.16","6705.6","10139.02","116325","238348.9","","","","","","0","16.82219","47735.16","120982.3"
"129.25","110","","999999","81.6666666666666","CC","464960.4","0.1608419","21669.7","184825","50.83701","22531.16","10.17764","6.969278","2032","62200.86","22531.16","6705.6","10139.02","116325","238348.9","","","","","","0","16.82219","47735.16","120982.3"
"129.25","110","","999999","93.3333333333333","LF","465020.2","0.1558532","21403.58","188325","52.36797","22531.16","10.08661","10.0309","2032","62200.86","22531.16","6705.6","10139.02","116325","238348.9","","","","","","0","17.64266","47735.16","128169.7"
"129.25","110","","999999","93.3333333333333","CC","465020.2","0.1558532","21403.58","188325","52.36797","22531.16","10.08661","10.0309","2032","62200.86","22531.16","6705.6","10139.02","116325","238348.9","","","","","","0","17.64266","47735.16","128169.7"
"117.5","110","","999999","81.6666666666666","LF","465493.7","0.166868","22528.97","174250","48.32019","23069.61","10.52714","6.539005","2084","63631","23069.61","6877.2","10381.32","105750","216680.8","","","","","","0","15.85705","47887.42","113154.2"
"117.5","110","","999999","81.6666666666666","CC","465493.7","0.166868","22528.97","174250","48.32019","23069.61","10.52714","6.539005","2084","63631","23069.61","6877.2","10381.32","105750","216680.8","","","","","","0","15.85705","47887.42","113154.2"
"135.125","110","","999999","78.813695132551","LF","465696.2","0.1603619","21383.81","189256.6","51.38461","22282.64","9.960978","10.07617","2008","61540.79","22282.64","6626.4","10027.19","121612.5","249183","","","","","","0","16.97309","47668.68","122006.6"
"135.125","110","","999999","78.813695132551","CC","465696.2","0.1603619","21383.81","189256.6","51.38461","22282.64","9.960978","10.07617","2008","61540.79","22282.64","6626.4","10027.19","121612.5","249183","","","","","","0","16.97309","47668.68","122006.6"
"141","110","","999999","93.3333333333333","LF","465726.3","0.1505047","20640.18","198900","54.58369","22116.96","9.783781","10.1012","1992","61100.71","22116.96","6573.6","9952.633","126900","260017","","","","","","0","18.67774","47611.27","136734.7"
"141","110","","999999","93.3333333333333","CC","465726.3","0.1505047","20640.18","198900","54.58369","22116.96","9.783781","10.1012","1992","61100.71","22116.96","6573.6","9952.633","126900","260017","","","","","","0","18.67774","47611.27","136734.7"
"141","110","","999999","90.4166666666667","LF","465858.2","0.1518311","20718.07","198025","54.1964","22116.96","9.794502","10.1037","1992","61100.71","22116.96","6573.6","9952.633","126900","260017","","","","","","0","18.4467","47611.27","134710.8"
"141","110","","999999","90.4166666666667","CC","465858.2","0.1518311","20718.07","198025","54.1964","22116.96","9.794502","10.1037","1992","61100.71","22116.96","6573.6","9952.633","126900","260017","","","","","","0","18.4467","47611.27","134710.8"
"117.5","110","","999999","87.5","LF","466044.3","0.1649345","22436.2","176000","48.97937","23069.61","10.43757","6.60191","2084","63631","23069.61","6877.2","10381.32","105750","216680.8","","","","","","0","16.17531","47887.42","115942.1"
"117.5","110","","999999","87.5","CC","466044.3","0.1649345","22436.2","176000","48.97937","23069.61","10.43757","6.60191","2084","63631","23069.61","6877.2","10381.32","105750","216680.8","","","","","","0","16.17531","47887.42","115942.1"
"123.375","110","","999999","84.5833333333333","LF","466092","0.1626142","22098.56","180412.5","49.9739","22872.86","10.2546","6.801538","2065","63108.43","22872.86","6814.5","10292.79","111037.5","227514.9","","","","","","0","16.56457","47807.68","119083.5"
"123.375","110","","999999","84.5833333333333","CC","466092","0.1626142","22098.56","180412.5","49.9739","22872.86","10.2546","6.801538","2065","63108.43","22872.86","6814.5","10292.79","111037.5","227514.9","","","","","","0","16.56457","47807.68","119083.5"
"141","110","","999999","87.5","LF","466097.6","0.1533241","20804.28","197150","53.76976","22116.96","9.798894","10.10765","1992","61100.71","22116.96","6573.6","9952.633","126900","260017","","","","","","0","18.19666","47611.27","132520.4"
"141","110","","999999","87.5","CC","466097.6","0.1533241","20804.28","197150","53.76976","22116.96","9.798894","10.10765","1992","61100.71","22116.96","6573.6","9952.633","126900","260017","","","","","","0","18.19666","47611.27","132520.4"
"123.375","110","","999999","80.6999534216911","LF","466141.8","0.1644865","22192.53","179247.5","49.40334","22872.86","10.28275","6.778157","2065","63108.43","22872.86","6814.5","10292.79","111037.5","227514.9","","","","","","0","16.27916","47807.68","116583.2"
"123.375","110","","999999","80.6999534216911","CC","466141.8","0.1644865","22192.53","179247.5","49.40334","22872.86","10.28275","6.778157","2065","63108.43","22872.86","6814.5","10292.79","111037.5","227514.9","","","","","","0","16.27916","47807.68","116583.2"
"123.375","110","","999999","87.5","LF","466225.4","0.1614855","22041.19","181287.5","50.33534","22872.86","10.22236","6.825409","2065","63108.43","22872.86","6814.5","10292.79","111037.5","227514.9","","","","","","0","16.74877","47807.68","120697"
"123.375","110","","999999","87.5","CC","466225.4","0.1614855","22041.19","181287.5","50.33534","22872.86","10.22236","6.825409","2065","63108.43","22872.86","6814.5","10292.79","111037.5","227514.9","","","","","","0","16.74877","47807.68","120697"
"123.375","110","","999999","77.6272544545849","LF","466333.3","0.1662327","22278.65","178325.7","48.8872","22872.86","10.295","6.765308","2065","63108.43","22872.86","6814.5","10292.79","111037.5","227514.9","","","","","","0","16.02646","47807.68","114369.6"
"123.375","110","","999999","77.6272544545849","CC","466333.3","0.1662327","22278.65","178325.7","48.8872","22872.86","10.295","6.765308","2065","63108.43","22872.86","6814.5","10292.79","111037.5","227514.9","","","","","","0","16.02646","47807.68","114369.6"
"131.961538461538","110","","999999","75.0480769230769","LF","466353.7","0.1642694","21742.3","185279.8","50.06652","22437.97","10.05152","10.06714","2023","61953.32","22437.97","6675.9","10097.08","118765.4","243349.3","","","","","","0","16.37709","47703.42","116972.6"
"131.961538461538","110","","999999","75.0480769230769","CC","466353.7","0.1642694","21742.3","185279.8","50.06652","22437.97","10.05152","10.06714","2023","61953.32","22437.97","6675.9","10097.08","118765.4","243349.3","","","","","","0","16.37709","47703.42","116972.6"
"141","110","","999999","105.291666666667","LF","466449.5","0.1468471","20418.62","202487.5","55.7561","22116.96","9.667155","10.10768","1992","61100.71","22116.96","6573.6","9952.633","126900","260017","","","","","","0","19.40182","47611.27","143077.6"
"141","110","","999999","105.291666666667","CC","466449.5","0.1468471","20418.62","202487.5","55.7561","22116.96","9.667155","10.10768","1992","61100.71","22116.96","6573.6","9952.633","126900","260017","","","","","","0","19.40182","47611.27","143077.6"
"123.375","110","","999999","90.4166666666667","LF","466513.8","0.1605977","21995.82","182162.5","50.63895","22872.86","10.18018","6.854982","2065","63108.43","22872.86","6814.5","10292.79","111037.5","227514.9","","","","","","0","16.90558","47807.68","122070.7"
"123.375","110","","999999","90.4166666666667","CC","466513.8","0.1605977","21995.82","182162.5","50.63895","22872.86","10.18018","6.854982","2065","63108.43","22872.86","6814.5","10292.79","111037.5","227514.9","","","","","","0","16.90558","47807.68","122070.7"
"120.4375","110","","999999","71.4583333333333","LF","466726","0.1716298","22656.69","173831.3","47.1098","22986.77","10.42707","6.624371","2076","63410.96","22986.77","6850.8","10344.04","108393.8","222097.9","","","","","","0","15.25215","47846.57","107722.6"
"120.4375","110","","999999","71.4583333333333","CC","466726","0.1716298","22656.69","173831.3","47.1098","22986.77","10.42707","6.624371","2076","63410.96","22986.77","6850.8","10344.04","108393.8","222097.9","","","","","","0","15.25215","47846.57","107722.6"
"141","110","","999999","81.6666666666667","LF","466896","0.1568383","21001.41","195400","52.79103","22116.96","9.788446","10.11986","1992","61100.71","22116.96","6573.6","9952.633","126900","260017","","","","","","0","17.64013","47611.27","127645.2"
"141","110","","999999","81.6666666666667","CC","466896","0.1568383","21001.41","195400","52.79103","22116.96","9.788446","10.11986","1992","61100.71","22116.96","6573.6","9952.633","126900","260017","","","","","","0","17.64013","47611.27","127645.2"
"117.5","110","","999999","93.3333333333333","LF","467168.1","0.1639064","22387.76","177750","49.41936","23069.61","10.31069","6.685514","2084","63631","23069.61","6877.2","10381.32","105750","216680.8","","","","","","0","16.39236","47887.42","117843.5"
"117.5","110","","999999","93.3333333333333","CC","467168.1","0.1639064","22387.76","177750","49.41936","23069.61","10.31069","6.685514","2084","63631","23069.61","6877.2","10381.32","105750","216680.8","","","","","","0","16.39236","47887.42","117843.5"
"126.853193681319","110","","999999","101.315705128205","LF","467203.9","0.1561121","21554.13","188562.6","52.34484","22665.77","9.973205","10.04316","2045","62558.39","22665.77","6748.5","10199.6","114167.9","233929","","","","","","0","17.70659","47764.24","128868.9"
"126.853193681319","110","","999999","101.315705128205","CC","467203.9","0.1561121","21554.13","188562.6","52.34484","22665.77","9.973205","10.04316","2045","62558.39","22665.77","6748.5","10199.6","114167.9","233929","","","","","","0","17.70659","47764.24","128868.9"
"105.260416666667","110","","999999","75.5902777777778","LF","467498.4","0.1778609","23677.16","161411.5","44.2185","23711.6","10.5674","9.642488","2146","65336.14","23711.6","7081.8","10670.22","94734.38","194109.9","","","","","","0","14.34847","48079.95","100689"
"105.260416666667","110","","999999","75.5902777777778","CC","467498.4","0.1778609","23677.16","161411.5","44.2185","23711.6","10.5674","9.642488","2146","65336.14","23711.6","7081.8","10670.22","94734.38","194109.9","","","","","","0","14.34847","48079.95","100689"
"105.75","110","","999999","64.1666666666666","LF","467616.1","0.1844374","23917.29","158425","42.21679","23680.54","10.64929","5.989388","2143","65253.64","23680.54","7071.9","10656.24","95175","195012.8","","","","","","0","13.53077","48071.73","93488.59"
"105.75","110","","999999","64.1666666666666","CC","467616.1","0.1844374","23917.29","158425","42.21679","23680.54","10.64929","5.989388","2143","65253.64","23680.54","7071.9","10656.24","95175","195012.8","","","","","","0","13.53077","48071.73","93488.59"
"141","","745","999999","210","LF","468020.3","0.1846977","7106.571","376150","100","0","7.705314","9.513447","","","","","","126900","260017","0","54.04966","80348","745.0015","633.2513","0","22.37608","0","93381.39"
"141","","745","999999","210","CC","468020.3","0.1846977","7106.571","376150","100","0","7.705314","9.513447","","","","","","126900","260017","0","54.04966","80348","745.0015","633.2513","0","22.37608","0","93381.39"
"149.4453125","110","","999999","113.895833333333","LF","468091.4","0.1412636","19758","212669.5","57.88464","21858.09","9.324566","10.1676","1967","60413.12","21858.09","6491.1","9836.139","134500.8","275590.9","","","","","","0","20.64255","47537.68","153688.7"
"149.4453125","110","","999999","113.895833333333","CC","468091.4","0.1412636","19758","212669.5","57.88464","21858.09","9.324566","10.1676","1967","60413.12","21858.09","6491.1","9836.139","134500.8","275590.9","","","","","","0","20.64255","47537.68","153688.7"
"155.39375","110","","999999","88.8125","LF","468988.6","0.1485341","19995.37","210498.1","56.04506","21650.99","9.304634","10.21664","1947","59863.05","21650.99","6425.1","9742.943","139854.4","286560.4","","","","","","0","19.29368","47493.56","141609.3"
"155.39375","110","","999999","88.8125","CC","468988.6","0.1485341","19995.37","210498.1","56.04506","21650.99","9.304634","10.21664","1947","59863.05","21650.99","6425.1","9742.943","139854.4","286560.4","","","","","","0","19.29368","47493.56","141609.3"
"132.049251715394","110","","999999","112.780608591885","LF","469251.7","0.1520017","21084.73","196678.5","54.08136","22437.96","9.612942","10.09683","2023","61953.32","22437.96","6675.9","10097.08","118844.3","243511","","","","","","0","18.56884","47702.43","136171.4"
"132.049251715394","110","","999999","112.780608591885","CC","469251.7","0.1520017","21084.73","196678.5","54.08136","22437.96","9.612942","10.09683","2023","61953.32","22437.96","6675.9","10097.08","118844.3","243511","","","","","","0","18.56884","47702.43","136171.4"
"164.5","110","","999999","107.916666666667","LF","469273.6","0.1370887","18940.11","224425","59.72661","21402.46","9.013775","10.2555","1923","59202.94","21402.46","6345.9","9631.107","148050","303353.2","","","","","","0","21.66953","47438.86","162161.6"
"164.5","110","","999999","107.916666666667","CC","469273.6","0.1370887","18940.11","224425","59.72661","21402.46","9.013775","10.2555","1923","59202.94","21402.46","6345.9","9631.107","148050","303353.2","","","","","","0","21.66953","47438.86","162161.6"
"","","719","999999","94.4937268126833","CC","469400.6","0.3541023","20212.89","208098.1","0","0","9.460299","7.466005","","","","","","","","0","52.16337","38033.42","719.0015","611.1512","4.60603","3.912967","110736.4","0"
"141","110","","999999","70","LF","469687","0.1661434","21488.04","191900","50.28732","22116.96","9.69297","10.16079","1992","61100.71","22116.96","6573.6","9952.633","126900","260017","","","","","","0","16.3162","47611.27","116047.6"
"141","110","","999999","70","CC","469687","0.1661434","21488.04","191900","50.28732","22116.96","9.69297","10.16079","1992","61100.71","22116.96","6573.6","9952.633","126900","260017","","","","","","0","16.3162","47611.27","116047.6"
"","","718","999999","96.4404551532171","CC","469866.3","0.3544548","20223.07","208432.1","0","0","9.425383","7.487364","","","","","","","","0","52.09082","38033.07","718.0015","610.3012","4.612848","3.912931","110799.2","0"
"164.5","110","","999999","95.9583333333333","LF","470488.7","0.1424698","19311.61","220837.5","58.25387","21402.46","9.003307","10.27553","1923","59202.94","21402.46","6345.9","9631.107","148050","303353.2","","","","","","0","20.60315","47438.86","152820.1"
"164.5","110","","999999","95.9583333333333","CC","470488.7","0.1424698","19311.61","220837.5","58.25387","21402.46","9.003307","10.27553","1923","59202.94","21402.46","6345.9","9631.107","148050","303353.2","","","","","","0","20.60315","47438.86","152820.1"
"169.2","","662","999999","280","CC","470815.2","0.158332","5340.176","401780","99.73805","0","7.493404","9.786736","","","","","","152280","312020.4","0","48.02802","80030.91","662.0013","562.7011","0.06392694","26.25657","602.543","127387.6"
"","","718","999999","98.8061627226665","CC","470824.7","0.3551778","20242.32","209141.8","0","0","9.353399","7.531648","","","","","","","","0","52.09082","38033.07","718.0015","610.3012","4.61321","3.912931","110802.6","0"
"141","110","","999999","122.5","LF","470911","0.1459732","20364.39","207650","56.43609","22116.96","9.311296","10.16196","1992","61100.71","22116.96","6573.6","9952.633","126900","260017","","","","","","0","19.83965","47611.27","146913"
"141","110","","999999","122.5","CC","470911","0.1459732","20364.39","207650","56.43609","22116.96","9.311296","10.16196","1992","61100.71","22116.96","6573.6","9952.633","126900","260017","","","","","","0","19.83965","47611.27","146913"
"102.322916666667","110","","999999","85.7986111111111","LF","471353.2","0.1789773","23942.96","161830.2","44.01921","23929.04","10.31765","9.775563","2167","65913.68","23929.04","7151.1","10768.07","92090.63","188692.9","","","","","","0","14.36734","48130.32","101086.9"
"102.322916666667","110","","999999","85.7986111111111","CC","471353.2","0.1789773","23942.96","161830.2","44.01921","23929.04","10.31765","9.775563","2167","65913.68","23929.04","7151.1","10768.07","92090.63","188692.9","","","","","","0","14.36734","48130.32","101086.9"
"","","724","999999","94.5485710917692","CC","471458.3","0.3556491","20274.09","209364.6","0","0","9.310738","7.557637","","","","","","","","0","52.52612","38035.17","724.0015","615.4012","4.608703","3.913147","110761","0"
"117.5","110","","999999","107.916666666667","LF","471961.3","0.1643327","22420.11","182125","49.80283","23069.61","9.87126","6.967702","2084","63631","23069.61","6877.2","10381.32","105750","216680.8","","","","","","0","16.58463","47887.42","119527.7"
"117.5","110","","999999","107.916666666667","CC","471961.3","0.1643327","22420.11","182125","49.80283","23069.61","9.87126","6.967702","2084","63631","23069.61","6877.2","10381.32","105750","216680.8","","","","","","0","16.58463","47887.42","119527.7"
"","","724","999999","98.4649245383523","CC","473035.6","0.3568391","20305.23","210539.5","0","0","9.193488","7.630721","","","","","","","","0","52.52612","38035.17","724.0015","615.4012","4.608518","3.913147","110759.3","0"
"282","110","221","999999","46.6666666666667","CC","473251.3","0.1843761","8215.134","367050","65.71099","3899.619","7.456416","10.60288","182","13544.73","3899.619","600.6","1754.829","253800","520034","0","16.03352","16217.93","221.0004","187.8504","1.203069","16.16021","54536.46","95918.01"
"","","731","999999","92.0486035935766","CC","473305.7","0.357035","20339.64","210364.6","0","0","9.180323","7.638417","","","","","","","","0","53.03397","38037.62","731.0015","621.3513","4.612938","3.913399","110800.1","0"
"94","110","","999999","46.6666666666667","LF","473733.6","0.2109286","25614.64","142600","33.46264","24457.13","10.96955","5.87645","2218","67316.27","24457.13","7319.4","11005.71","84600","173344.7","","","","","","0","10.87821","48281.45","71100.52"
"94","110","","999999","46.6666666666667","LF","473733.6","0.2109286","25614.64","142600","33.46264","24457.13","10.96955","5.87645","2218","67316.27","24457.13","7319.4","11005.71","84600","173344.7","","","","","","0","10.87821","48281.45","71100.52"
"94","110","","999999","46.6666666666667","CC","473733.6","0.2109286","25614.64","142600","33.46264","24457.13","10.96955","5.87645","2218","67316.27","24457.13","7319.4","11005.71","84600","173344.7","","","","","","0","10.87821","48281.45","71100.52"
"94","110","","999999","46.6666666666667","CC","473733.6","0.2109286","25614.64","142600","33.46264","24457.13","10.96955","5.87645","2218","67316.27","24457.13","7319.4","11005.71","84600","173344.7","","","","","","0","10.87821","48281.45","71100.52"
"164.5","110","","999999","81.6666666666667","LF","473861.8","0.151897","19904.2","216550","55.80838","21402.46","8.886592","10.32569","1923","59202.94","21402.46","6345.9","9631.107","148050","303353.2","","","","","","0","18.98941","47438.86","138683.8"
"164.5","110","","999999","81.6666666666667","CC","473861.8","0.151897","19904.2","216550","55.80838","21402.46","8.886592","10.32569","1923","59202.94","21402.46","6345.9","9631.107","148050","303353.2","","","","","","0","18.98941","47438.86","138683.8"
"","","722","999999","103.069243829901","CC","474135.4","0.3576709","20322.13","211420.8","0","0","9.111384","7.682452","","","","","","","","0","52.38102","38034.47","722.0015","613.7012","4.612231","3.913075","110793.5","0"
"84.6","110","","999999","46.6666666666667","CC","475070.4","0.2166681","26372.46","134140","30.79229","25057.69","11.35803","5.783651","2276","68911.39","25057.69","7510.8","11275.96","76140","156010.2","","","","","","0","10.33451","48470.8","66975.52"
"","","734","999999","96.5648551656441","CC","476267.8","0.3592663","20405.96","212469.5","0","0","8.965069","7.77478","","","","","","","","0","53.25161","38038.67","734.0015","623.9012","4.607775","3.913507","110752.5","0"
"90.0833333333333","110","","999999","79.7222222222222","LF","476505.4","0.1941749","25334.62","148991.7","38.6726","24736.7","10.56094","5.926421","2245","68058.82","24736.7","7408.5","11131.52","81075","166122","","","","","","0","12.68337","48357.57","87194.68"
"90.0833333333333","110","","999999","79.7222222222222","CC","476505.4","0.1941749","25334.62","148991.7","38.6726","24736.7","10.56094","5.926421","2245","68058.82","24736.7","7408.5","11131.52","81075","166122","","","","","","0","12.68337","48357.57","87194.68"
"188","110","","999999","140","CC","476527.6","0.1229128","17120.66","255200","64.92657","20895.04","8.381641","10.43289","1874","57855.16","20895.04","6184.2","9402.77","169200","346689.3","","","","","","0","25.74137","47329.96","197266.7"
"188","110","","999999","140","LF","476527.6","0.1229128","17120.66","255200","64.92657","20895.04","8.381641","10.43289","1874","57855.16","20895.04","6184.2","9402.77","169200","346689.3","","","","","","0","25.74137","47329.96","197266.7"
"188","110","","999999","140","LF","476527.6","0.1229128","17120.66","255200","64.92657","20895.04","8.381641","10.43289","1874","57855.16","20895.04","6184.2","9402.77","169200","346689.3","","","","","","0","25.74137","47329.96","197266.7"
"188","110","","999999","140","CC","476527.6","0.1229128","17120.66","255200","64.92657","20895.04","8.381641","10.43289","1874","57855.16","20895.04","6184.2","9402.77","169200","346689.3","","","","","","0","25.74137","47329.96","197266.7"
"","","724","999999","107.626553622159","CC","476716.3","0.3596156","20377.33","213288","0","0","8.92459","7.801328","","","","","","","","0","52.52612","38035.17","724.0015","615.4012","4.607301","3.913147","110748.1","0"
"","","736","999999","101.08376435251","CC","478848.8","0.3612109","20462.06","214325.1","0","0","8.780453","7.893976","","","","","","","","0","53.39671","38039.37","736.0015","625.6013","4.604158","3.913579","110719.1","0"
"94","110","","999999","93.3333333333333","LF","479078.1","0.190451","24945.09","156600","40.59249","24457.13","10.0133","10.00019","2218","67316.27","24457.13","7319.4","11005.71","84600","173344.7","","","","","","0","13.25844","48281.45","91951.31"
"94","110","","999999","93.3333333333333","LF","479078.1","0.190451","24945.09","156600","40.59249","24457.13","10.0133","10.00019","2218","67316.27","24457.13","7319.4","11005.71","84600","173344.7","","","","","","0","13.25844","48281.45","91951.31"
"94","110","","999999","93.3333333333333","CC","479078.1","0.190451","24945.09","156600","40.59249","24457.13","10.0133","10.00019","2218","67316.27","24457.13","7319.4","11005.71","84600","173344.7","","","","","","0","13.25844","48281.45","91951.31"
"94","110","","999999","93.3333333333333","CC","479078.1","0.190451","24945.09","156600","40.59249","24457.13","10.0133","10.00019","2218","67316.27","24457.13","7319.4","11005.71","84600","173344.7","","","","","","0","13.25844","48281.45","91951.31"
"","","745","999999","96.25","CC","480631.9","0.3625459","20538.12","215125","0","0","8.661833","7.971232","","","","","","","","0","54.04966","38042.52","745.0015","633.2513","4.614726","3.913903","110816.5","0"
"188","110","","999999","93.3333333333333","LF","480899.8","0.1408991","18541.82","241200","60.15964","20895.04","8.321819","10.51072","1874","57855.16","20895.04","6184.2","9402.77","169200","346689.3","","","","","","0","21.64512","47329.96","161383.5"
"188","110","","999999","93.3333333333333","LF","480899.8","0.1408991","18541.82","241200","60.15964","20895.04","8.321819","10.51072","1874","57855.16","20895.04","6184.2","9402.77","169200","346689.3","","","","","","0","21.64512","47329.96","161383.5"
"188","110","","999999","93.3333333333333","CC","480899.8","0.1408991","18541.82","241200","60.15964","20895.04","8.321819","10.51072","1874","57855.16","20895.04","6184.2","9402.77","169200","346689.3","","","","","","0","21.64512","47329.96","161383.5"
"188","110","","999999","93.3333333333333","CC","480899.8","0.1408991","18541.82","241200","60.15964","20895.04","8.321819","10.51072","1874","57855.16","20895.04","6184.2","9402.77","169200","346689.3","","","","","","0","21.64512","47329.96","161383.5"
"282","","662","999999","140","LF","481462.6","0.1222669","1559.663","461300","100","0","6.988039","10.33112","","","","","","253800","520034","0","48.02802","79436.3","662.0013","562.7011","0","34.77238","0","201973.1"
"282","","662","999999","140","CC","481462.6","0.1222669","1559.663","461300","100","0","6.988039","10.33112","","","","","","253800","520034","0","48.02802","79436.3","662.0013","562.7011","0","34.77238","0","201973.1"
"","","722","999999","121.696216673834","CC","481648.2","0.3633383","20471.01","217008.9","0","0","8.573945","8.03029","","","","","","","","0","52.38102","38034.47","722.0015","613.7012","4.612231","3.913075","110793.5","0"
"","110","331","999999","140","LF","481797.3","0.3631299","24215.58","168750","0","14553.51","9.625569","6.834456","1288","40578.98","14553.51","4250.4","6549.081","","","0","24.01401","14039.49","331.0007","281.3506","1.675435","1.444415","64850.25","-5.240253E-14"
"","110","331","999999","140","LF","481797.3","0.3631299","24215.58","168750","0","14553.51","9.625569","6.834456","1288","40578.98","14553.51","4250.4","6549.081","","","0","24.01401","14039.49","331.0007","281.3506","1.675435","1.444415","64850.25","-5.240253E-14"
"","","746","999999","105.57702681108","CC","484809.4","0.365696","20625.49","218173.1","0","0","8.37118","8.165507","","","","","","","","0","54.12222","38042.87","746.0015","634.1013","4.615982","3.913939","110828.1","0"
"84.6","110","","999999","93.3333333333333","CC","484871","0.2043247","26047.62","148140","36.05422","25057.69","9.883848","5.967077","2276","68911.39","25057.69","7510.8","11275.96","76140","156010.2","","","","","","0","11.92773","48470.8","80932.15"
"","","754","999999","114.1875","CC","491469.7","0.3707107","20786.16","222756.3","0","0","7.926267","8.473501","","","","","","","","0","54.70261","38045.67","754.0015","640.9013","4.614426","3.914227","110813.8","0"
"253.8","","662","999999","280","CC","492442.8","0.1154073","1123.402","477920","100","0","6.692914","10.33801","","","","","","228420","468030.6","0","48.02802","79559.9","662.0013","562.7011","0","37.67934","0","227438"
"70.4999999999999","110","","999999","70","LF","494137.4","0.2287798","28287.52","128450","26.94869","26693.72","9.911287","5.815891","2434","73256.71","26693.72","8032.2","12012.17","63450","130008.5","","","","","","0","9.882116","48794.73","64443.3"
"70.4999999999999","110","","999999","70","CC","494137.4","0.2287798","28287.52","128450","26.94869","26693.72","9.911287","5.815891","2434","73256.71","26693.72","8032.2","12012.17","63450","130008.5","","","","","","0","9.882116","48794.73","64443.3"
"","","745","999999","132.125","CC","495108.4","0.3734657","20825.41","225887.5","0","0","7.684556","8.646381","","","","","","","","0","54.04966","38042.52","745.0015","633.2513","4.615325","3.913903","110822.1","0"
"","","785","999999","97.9217718419895","CC","497358.6","0.3751169","21019.66","225626.5","0","0","7.557056","8.740289","","","","","","","","0","56.95166","38056.52","785.0016","667.2513","4.616632","3.915343","110834.1","0"
"94","110","","999999","140","CC","497900","0.1979334","25318.09","170600","40.59249","24457.13","8.211192","10.25354","2218","67316.27","24457.13","7319.4","11005.71","84600","173344.7","","","","","","0","13.25844","48281.45","91951.31"
"94","110","","999999","140","LF","497900","0.1979334","25318.09","170600","40.59249","24457.13","8.211192","10.25354","2218","67316.27","24457.13","7319.4","11005.71","84600","173344.7","","","","","","0","13.25844","48281.45","91951.31"
"94","110","","999999","140","LF","497900","0.1979334","25318.09","170600","40.59249","24457.13","8.211192","10.25354","2218","67316.27","24457.13","7319.4","11005.71","84600","173344.7","","","","","","0","13.25844","48281.45","91951.31"
"94","110","","999999","140","CC","497900","0.1979334","25318.09","170600","40.59249","24457.13","8.211192","10.25354","2218","67316.27","24457.13","7319.4","11005.71","84600","173344.7","","","","","","0","13.25844","48281.45","91951.31"
"282","","662","999999","280","LF","499764.5","0.1063085","-273.4884","503300","100","0","6.480977","10.47194","","","","","","253800","520034","0","48.02802","79436.3","662.0013","562.7011","0","41.51242","0","261015.8"
"282","","662","999999","280","CC","499764.5","0.1063085","-273.4884","503300","100","0","6.480977","10.47194","","","","","","253800","520034","0","48.02802","79436.3","662.0013","562.7011","0","41.51242","0","261015.8"
"423","","497","999999","210","LF","501842.1","0.08843078","-5113.734","567950","100","0","6.359427","10.84116","","","","","","380700","780051","0","36.05729","78945.31","497.001","422.4508","0","50.11231","0","336350.8"
"423","","497","999999","210","CC","501842.1","0.08843078","-5113.734","567950","100","0","6.359427","10.84116","","","","","","380700","780051","0","36.05729","78945.31","497.001","422.4508","0","50.11231","0","336350.8"
"84.6","110","","999999","140","CC","503692.9","0.2122562","26420.62","162140","36.05422","25057.69","7.939675","10.27477","2276","68911.39","25057.69","7510.8","11275.96","76140","156010.2","","","","","","0","11.92773","48470.8","80932.15"
"56.4","110","","999999","46.6666666666667","CC","504843.9","0.2599604","30638.83","108760","15.5167","28371.2","9.284877","10.03176","2596","77712.17","28371.2","8566.8","12767.04","50760","104006.8","","","","","","0","7.795814","49200.7","47589.41"
"188","110","","999999","46.6666666666667","LF","507612.2","0.2028509","21691.11","227200","45.66068","20895.04","7.065","10.91389","1874","57855.16","20895.04","6184.2","9402.77","169200","346689.3","","","","","","0","13.60338","47329.96","90937.86"
"188","110","","999999","46.6666666666667","LF","507612.2","0.2028509","21691.11","227200","45.66068","20895.04","7.065","10.91389","1874","57855.16","20895.04","6184.2","9402.77","169200","346689.3","","","","","","0","13.60338","47329.96","90937.86"
"188","110","","999999","46.6666666666667","CC","507612.2","0.2028509","21691.11","227200","45.66068","20895.04","7.065","10.91389","1874","57855.16","20895.04","6184.2","9402.77","169200","346689.3","","","","","","0","13.60338","47329.96","90937.86"
"188","110","","999999","46.6666666666667","CC","507612.2","0.2028509","21691.11","227200","45.66068","20895.04","7.065","10.91389","1874","57855.16","20895.04","6184.2","9402.77","169200","346689.3","","","","","","0","13.60338","47329.96","90937.86"
"84.6","","662","999999","420","CC","508055.1","0.3026742","10861.72","367640","97.68676","0","6.474182","10.04253","","","","","","76140","156010.2","0","48.02802","81298.77","662.0013","562.7011","0.2876712","14.78226","3003.592","27218.42"
"","","798","999999","114.1875","CC","509102.3","0.3839589","21299.23","233756.3","0","0","6.832275","9.293751","","","","","","","","0","57.89481","38061.07","798.0016","678.3013","4.614426","3.915812","110813.8","0"
"","","827","999999","88.375","CC","510385.7","0.3848925","21436.69","233262.5","0","0","6.76196","9.352082","","","","","","","","0","59.99875","38071.22","827.0016","702.9514","4.62052","3.916856","110870","0"
"282","110","331","999999","46.6666666666667","CC","510575.6","0.2012682","8975.086","394550","68.44635","3766.315","6.314081","11.03842","179","13028.96","3766.315","590.7","1694.842","253800","520034","0","24.01401","19239.67","331.0007","281.3506","0.8304579","16.20677","48889.39","93598.94"
"44.0625","110","","999999","18.4722222222222","CC","520953.3","0.3291529","33398.17","89197.91","0","29945.14","7.29874","11.92989","2748","81892.66","29945.14","9068.4","13475.31","39656.25","81255.31","","","","","","0","4.473885","49714.99","19796.48"
"56.4","110","","999999","93.3333333333333","CC","523376.8","0.2687039","30989.47","122760","15.76738","28371.2","6.471031","10.30542","2596","77712.17","28371.2","8566.8","12767.04","50760","104006.8","","","","","","0","7.846849","49200.7","48036.47"
"84.6","","993","999999","140","CC","525677.6","0.3172769","12321.6","366390","99.56741","0","5.88462","10.23843","","","","","","76140","156010.2","0","72.04204","81543.93","993.002","844.0517","0.04794521","14.61777","554.4221","25556.56"
"282","110","","999999","140","LF","525791.8","0.1145854","14387.28","339800","71.07063","20066.57","5.924651","12.04938","1794","55654.56","20066.57","5920.2","9029.957","253800","520034","","","","","","0","32.12656","47030.71","252318.7"
"282","110","","999999","140","LF","525791.8","0.1145854","14387.28","339800","71.07063","20066.57","5.924651","12.04938","1794","55654.56","20066.57","5920.2","9029.957","253800","520034","","","","","","0","32.12656","47030.71","252318.7"
"282","110","","999999","140","CC","525791.8","0.1145854","14387.28","339800","71.07063","20066.57","5.924651","12.04938","1794","55654.56","20066.57","5920.2","9029.957","253800","520034","","","","","","0","32.12656","47030.71","252318.7"
"282","110","","999999","140","CC","525791.8","0.1145854","14387.28","339800","71.07063","20066.57","5.924651","12.04938","1794","55654.56","20066.57","5920.2","9029.957","253800","520034","","","","","","0","32.12656","47030.71","252318.7"
"169.2","","662","999999","420","CC","527490","0.1771864","6475.334","443780","99.61037","0","5.835043","10.46451","","","","","","152280","312020.4","0","48.02802","80030.91","662.0013","562.7011","0.09589041","26.28693","897.2798","127653.6"
"","110","","999999","","LF","529267.6","0.3989082","37537.57","44000","0","31726.89","","","2920","86626.2","31726.89","9636","14277.1","","","","","","","","","","68415.35","0"
"","110","","999999","","LF","529267.6","0.3989082","37537.57","44000","0","31726.89","","","2920","86626.2","31726.89","9636","14277.1","","","","","","","","","","68415.35","0"
"","110","","999999","","LF","529267.6","0.3989082","37537.57","44000","0","31726.89","","","2920","86626.2","31726.89","9636","14277.1","","","","","","","","","","68415.35","0"
"","110","","999999","","LF","529267.6","0.3989082","37537.57","44000","0","31726.89","","","2920","86626.2","31726.89","9636","14277.1","","","","","","","","","","68415.35","0"
"","110","","999999","","LF","529267.6","0.3989082","37537.57","44000","0","31726.89","","","2920","86626.2","31726.89","9636","14277.1","","","","","","","","","","68415.35","0"
"","110","","999999","","CC","529267.6","0.3989082","37537.57","44000","0","31726.89","","","2920","86626.2","31726.89","9636","14277.1","","","","","","","","","","68415.35","0"
"","110","","999999","","CC","529267.6","0.3989082","37537.57","44000","0","31726.89","","","2920","86626.2","31726.89","9636","14277.1","","","","","","","","","","68415.35","0"
"","110","","999999","","CC","529267.6","0.3989082","37537.57","44000","0","31726.89","","","2920","86626.2","31726.89","9636","14277.1","","","","","","","","","","68415.35","0"
"","110","","999999","","CC","529267.6","0.3989082","37537.57","44000","0","31726.89","","","2920","86626.2","31726.89","9636","14277.1","","","","","","","","","","68415.35","0"
"","110","","999999","","CC","529267.6","0.3989082","37537.57","44000","0","31726.89","","","2920","86626.2","31726.89","9636","14277.1","","","","","","","","","","68415.35","0"
"","","827","999999","140","CC","531185.9","0.4005784","21847.66","248750","0","0","5.589186","10.09082","","","","","","","","0","59.99875","38071.22","827.0016","702.9514","4.618721","3.916856","110853.4","0"
"11.1625","110","","999999","21.875","CC","533344.8","0.3961692","36568.2","60608.75","0","31726.64","3.080264","20.25071","2920","86625.15","31726.64","9636","14276.99","10046.25","20584.68","","","","","","0","1.519539","56610.89","1505.665"
"28.2","110","","999999","46.6666666666667","CC","540441.4","0.3519775","35355.7","83380","0","31457.13","2.54403","21.5178","2894","85908.86","31457.13","9550.2","14155.71","25380","52003.4","","","","","","0","3.848266","50929.97","16140.19"
"56.4","110","","999999","140","CC","542198.8","0.2783672","31362.46","136760","15.76738","28371.2","4.212564","10.58354","2596","77712.17","28371.2","8566.8","12767.04","50760","104006.8","","","","","","0","7.846849","49200.7","48036.47"
"","","910","999999","96.25","CC","546885.4","0.4123125","22472.25","256375","0","0","4.772044","10.29176","","","","","","","","0","66.02039","38100.27","910.0018","773.5015","4.625713","3.919844","110917.9","0"
"169.2","","993","999999","140","CC","547320.6","0.1854373","8106.011","442530","100","0","5.29076","10.68181","","","","","","152280","312020.4","0","72.04204","80045.41","993.002","844.0517","0","26.06307","0","125679.4"
"282","110","","999999","93.3333333333333","CC","548467.6","0.1459199","17224.31","325800","64.68275","20066.57","5.074553","13.44467","1794","55654.56","20066.57","5920.2","9029.957","253800","520034","","","","","","0","24.79772","47030.71","188118.1"
"282","110","","999999","93.3333333333333","LF","548467.6","0.1459199","17224.31","325800","64.68275","20066.57","5.074553","13.44467","1794","55654.56","20066.57","5920.2","9029.957","253800","520034","","","","","","0","24.79772","47030.71","188118.1"
"282","110","","999999","93.3333333333333","LF","548467.6","0.1459199","17224.31","325800","64.68275","20066.57","5.074553","13.44467","1794","55654.56","20066.57","5920.2","9029.957","253800","520034","","","","","","0","24.79772","47030.71","188118.1"
"282","110","","999999","93.3333333333333","CC","548467.6","0.1459199","17224.31","325800","64.68275","20066.57","5.074553","13.44467","1794","55654.56","20066.57","5920.2","9029.957","253800","520034","","","","","","0","24.79772","47030.71","188118.1"
"253.8","","662","999999","420","CC","548908.5","0.1286404","2242.387","519920","100","0","5.353658","10.86119","","","","","","228420","468030.6","0","48.02802","79559.9","662.0013","562.7011","0","37.67934","0","227438"
"282","","662","999999","420","LF","556230.2","0.1183197","845.4962","545300","100","0","5.221184","10.98617","","","","","","253800","520034","0","48.02802","79436.3","662.0013","562.7011","0","41.51242","0","261015.8"
"282","","662","999999","420","CC","556230.2","0.1183197","845.4962","545300","100","0","5.221184","10.98617","","","","","","253800","520034","0","48.02802","79436.3","662.0013","562.7011","0","41.51242","0","261015.8"
"28.2","110","","999999","93.3333333333333","CC","559263.3","0.3642358","35728.69","97380","0","31457.13","","","2894","85908.86","31457.13","9550.2","14155.71","25380","52003.4","","","","","","0","3.848266","50929.97","16140.19"
"","","827","999999","210","CC","559563.7","0.4219786","22418.36","269750","0","0","4.196318","10.44553","","","","","","","","0","59.99875","38071.22","827.0016","702.9514","4.630875","3.916856","110965.5","0"
"28.2","110","","999999","140","CC","578085.2","0.3764941","36101.69","111380","0","31457.13","","","2894","85908.86","31457.13","9550.2","14155.71","25380","52003.4","","","","","","0","3.848266","50929.97","16140.19"
"47","110","55","999999","1.94444444444444","CC","578882","0.4362953","36994.63","100633.3","0","30608.64","","","2827","83410.52","30608.64","9329.1","13773.89","42300","86672.34","0","3.990244","1444.667","55.00011","46.7501","0.09224331","0.7750217","62490.3","1.710232"
"84.6","","993","999999","280","CC","582503.4","0.351187","13468.43","408390","99.29572","0","4.130071","10.84132","","","","","","76140","156010.2","0","72.04204","81646.99","993.002","844.0517","0.09589041","14.64452","903.6404","25697.98"
"","","827","999999","280","CC","587700.9","0.4431975","22970.45","290750","0","0","3.009142","10.79699","","","","","","","","0","59.99875","38071.22","827.0016","702.9514","4.622848","3.916856","110891.4","0"
"282","110","","999999","46.6666666666667","LF","587922.9","0.2267219","21359.31","311800","48.80868","20066.57","3.384068","15.70148","1794","55654.56","20066.57","5920.2","9029.957","253800","520034","","","","","","0","14.50549","47030.71","97958.13"
"282","110","","999999","46.6666666666667","CC","587922.9","0.2267219","21359.31","311800","48.80868","20066.57","3.384068","15.70148","1794","55654.56","20066.57","5920.2","9029.957","253800","520034","","","","","","0","14.50549","47030.71","97958.13"
"282","110","","999999","46.6666666666667","LF","587922.9","0.2267219","21359.31","311800","48.80868","20066.57","3.384068","15.70148","1794","55654.56","20066.57","5920.2","9029.957","253800","520034","","","","","","0","14.50549","47030.71","97958.13"
"282","110","","999999","46.6666666666667","CC","587922.9","0.2267219","21359.31","311800","48.80868","20066.57","3.384068","15.70148","1794","55654.56","20066.57","5920.2","9029.957","253800","520034","","","","","","0","14.50549","47030.71","97958.13"
"253.8","","993","999999","140","CC","594165.1","0.1581843","5839.872","518670","100","0","4.287949","11.8437","","","","","","228420","468030.6","0","72.04204","79559.9","993.002","844.0517","0","33.16841","0","187922.2"
"","","993","999999","140","CC","597899.8","0.4506586","23798.06","290250","0","0","2.51096","10.94317","","","","","","","","0","72.04204","38129.32","993.002","844.0517","4.634703","3.922833","111000.8","0"
"","","993","999999","140","CC","597899.8","0.4506586","23798.06","290250","0","0","2.51096","10.94317","","","","","","","","0","72.04204","38129.32","993.002","844.0517","4.634703","3.922833","111000.8","0"
"","","993","999999","140","CC","597899.8","0.4506586","23798.06","290250","0","0","2.51096","10.94317","","","","","","","","0","72.04204","38129.32","993.002","844.0517","4.634703","3.922833","111000.8","0"
"169.2","","993","999999","280","CC","602957.6","0.2031468","9160.89","484530","100","0","3.915419","11.57897","","","","","","152280","312020.4","0","72.04204","80045.41","993.002","844.0517","0","26.20943","0","126961.5"
"282","","993","999999","140","LF","614215.6","0.1560643","5427.616","544050","100","0","3.91421","12.4637","","","","","","253800","520034","0","72.04204","79436.3","993.002","844.0517","0","34.75347","0","201807.3"
"282","","993","999999","140","CC","614215.6","0.1560643","5427.616","544050","100","0","3.91421","12.4637","","","","","","253800","520034","0","72.04204","79436.3","993.002","844.0517","0","34.75347","0","201807.3"
"253.8","","993","999999","280","CC","625195.8","0.1465925","4991.355","560670","100","0","3.723412","12.38385","","","","","","228420","468030.6","0","72.04204","79559.9","993.002","844.0517","0","37.66042","0","227272.2"
"","","993","999999","210","CC","626037.1","0.4718667","24350.16","311250","0","0","1.506446","12.19641","","","","","","","","0","72.04204","38129.32","993.002","844.0517","4.626683","3.922833","110926.8","0"
"282","","993","999999","280","LF","632517.5","0.1346087","3594.464","586050","100","0","3.67319","12.60825","","","","","","253800","520034","0","72.04204","79436.3","993.002","844.0517","0","41.4935","0","260850.1"
"282","","993","999999","280","CC","632517.5","0.1346087","3594.464","586050","100","0","3.67319","12.60825","","","","","","253800","520034","0","72.04204","79436.3","993.002","844.0517","0","41.4935","0","260850.1"
"423","","827","999999","210","LF","634164.5","0.1117781","-1259.753","650450","100","0","3.903649","13.22536","","","","","","380700","780051","0","59.99875","78945.31","827.0016","702.9514","0","50.09867","0","336231.3"
"423","","827","999999","210","CC","634164.5","0.1117781","-1259.753","650450","100","0","3.903649","13.22536","","","","","","380700","780051","0","59.99875","78945.31","827.0016","702.9514","0","50.09867","0","336231.3"
"84.6","","993","999999","420","CC","638965.2","0.3852574","14587.12","450390","99.3019","0","2.671718","12.1809","","","","","","76140","156010.2","0","72.04204","81655.88","993.002","844.0517","0.09589041","14.64429","895.6323","25687.99"
"564","","662","999999","420","LF","640422.8","0.07259107","-12274.38","799100","100","0","4.212506","13.1331","","","","","","507600","1040068","0","48.02802","78527.49","662.0013","562.7011","0","77.90482","0","579813.3"
"564","","662","999999","420","CC","640422.8","0.07259107","-12274.38","799100","100","0","4.212506","13.1331","","","","","","507600","1040068","0","48.02802","78527.49","662.0013","562.7011","0","77.90482","0","579813.3"
"564","","662","999999","280","LF","653399.6","0.08789949","-8021.679","757100","100","0","3.908477","13.76156","","","","","","507600","1040068","0","48.02802","78527.49","662.0013","562.7011","0","65.64071","0","472379.6"
"564","","662","999999","280","CC","653399.6","0.08789949","-8021.679","757100","100","0","3.908477","13.76156","","","","","","507600","1040068","0","48.02802","78527.49","662.0013","562.7011","0","65.64071","0","472379.6"
"","","993","999999","280","CC","654426.6","0.4932649","24921.77","332250","0","0","0.617699","13.63652","","","","","","","","0","72.04204","38129.32","993.002","844.0517","4.639827","3.922833","111048","0"
"","","993","999999","280","CC","654426.6","0.4932649","24921.77","332250","0","0","0.617699","13.63652","","","","","","","","0","72.04204","38129.32","993.002","844.0517","4.639827","3.922833","111048","0"
"","","993","999999","280","CC","654426.6","0.4932649","24921.77","332250","0","0","0.617699","13.63652","","","","","","","","0","72.04204","38129.32","993.002","844.0517","4.639827","3.922833","111048","0"
"169.2","","993","999999","420","CC","659423.3","0.2221711","10279.87","526530","100","0","2.70188","12.95847","","","","","","152280","312020.4","0","72.04204","80045.41","993.002","844.0517","0","26.20943","0","126961.5"
"253.8","","993","999999","420","CC","681661.5","0.1598323","6110.339","602670","100","0","2.685309","13.59719","","","","","","228420","468030.6","0","72.04204","79559.9","993.002","844.0517","0","37.66042","0","227272.2"
"282","","993","999999","420","LF","688983.2","0.1466254","4713.449","628050","100","0","2.682624","13.77452","","","","","","253800","520034","0","72.04204","79436.3","993.002","844.0517","0","41.4935","0","260850.1"
"282","","993","999999","420","CC","688983.2","0.1466254","4713.449","628050","100","0","2.682624","13.77452","","","","","","253800","520034","0","72.04204","79436.3","993.002","844.0517","0","41.4935","0","260850.1"
"","","993","999999","420","CC","710904.9","0.5358347","26041.73","374250","0","0","","","","","","","","","","0","72.04204","38129.32","993.002","844.0517","4.640886","3.922833","111057.8","0"
"","","993","999999","420","CC","710904.9","0.5358347","26041.73","374250","0","0","","","","","","","","","","0","72.04204","38129.32","993.002","844.0517","4.640886","3.922833","111057.8","0"
"","","993","999999","420","CC","710904.9","0.5358347","26041.73","374250","0","0","","","","","","","","","","0","72.04204","38129.32","993.002","844.0517","4.640886","3.922833","111057.8","0"
"564","","662","999999","140","LF","725944.7","0.1495785","838.8846","715100","100","0","2.501526","20.47478","","","","","","507600","1040068","0","48.02802","78527.49","662.0013","562.7011","0","42.85635","0","272788.6"
"564","","662","999999","140","CC","725944.7","0.1495785","838.8846","715100","100","0","2.501526","20.47478","","","","","","507600","1040068","0","48.02802","78527.49","662.0013","562.7011","0","42.85635","0","272788.6"
"564","","993","999999","420","LF","773175.8","0.08765974","-8406.425","881850","100","0","2.504185","21.08809","","","","","","507600","1040068","0","72.04204","78527.49","993.002","844.0517","0","77.88591","0","579647.5"
"564","","993","999999","420","CC","773175.8","0.08765974","-8406.425","881850","100","0","2.504185","21.08809","","","","","","507600","1040068","0","72.04204","78527.49","993.002","844.0517","0","77.88591","0","579647.5"
"564","","993","999999","280","LF","786152.6","0.1057888","-4153.727","839850","100","0","2.115976","21.75715","","","","","","507600","1040068","0","72.04204","78527.49","993.002","844.0517","0","65.6218","0","472213.9"
"564","","993","999999","280","CC","786152.6","0.1057888","-4153.727","839850","100","0","2.115976","21.75715","","","","","","507600","1040068","0","72.04204","78527.49","993.002","844.0517","0","65.6218","0","472213.9"
"846","","662","999999","420","LF","823247.3","0.07503878","-17764.64","1052900","100","0","2.529263","20.42567","","","","","","761400","1560102","0","48.02802","77892.16","662.0013","562.7011","0","96.87804","0","746018.6"
"846","","662","999999","420","CC","823247.3","0.07503878","-17764.64","1052900","100","0","2.529263","20.42567","","","","","","761400","1560102","0","48.02802","77892.16","662.0013","562.7011","0","96.87804","0","746018.6"
"564","","993","999999","140","LF","858697.7","0.1770099","4706.837","797850","100","0","0.6357713","24.46012","","","","","","507600","1040068","0","72.04204","78527.49","993.002","844.0517","0","42.83744","0","272622.9"
"564","","993","999999","140","CC","858697.7","0.1770099","4706.837","797850","100","0","0.6357713","24.46012","","","","","","507600","1040068","0","72.04204","78527.49","993.002","844.0517","0","42.83744","0","272622.9"
"846","","662","999999","280","LF","890139.3","0.1046754","-9341.369","1010900","100","0","1.498046","22.25773","","","","","","761400","1560102","0","48.02802","77892.16","662.0013","562.7011","0","75.09206","0","555173.4"
"846","","662","999999","280","CC","890139.3","0.1046754","-9341.369","1010900","100","0","1.498046","22.25773","","","","","","761400","1560102","0","48.02802","77892.16","662.0013","562.7011","0","75.09206","0","555173.4"
"846","","993","999999","420","LF","955927.8","0.08713808","-13902.3","1135650","100","0","1.255538","23.61249","","","","","","761400","1560102","0","72.04204","77892.16","993.002","844.0517","0","96.87193","0","745965"
"846","","993","999999","420","CC","955927.8","0.08713808","-13902.3","1135650","100","0","1.255538","23.61249","","","","","","761400","1560102","0","72.04204","77892.16","993.002","844.0517","0","96.87193","0","745965"
"846","","662","999999","140","LF","998087.2","0.1913683","2257.758","968900","100","0","","","","","","","","761400","1560102","0","48.02802","77892.16","662.0013","562.7011","0","46.05527","0","300811.2"
"846","","662","999999","140","CC","998087.2","0.1913683","2257.758","968900","100","0","","","","","","","","761400","1560102","0","48.02802","77892.16","662.0013","562.7011","0","46.05527","0","300811.2"
"846","","993","999999","280","LF","1022820","0.1202877","-5479.023","1093650","100","0","0.1813359","24.8258","","","","","","761400","1560102","0","72.04204","77892.16","993.002","844.0517","0","75.08594","0","555119.8"
"846","","993","999999","280","CC","1022820","0.1202877","-5479.023","1093650","100","0","0.1813359","24.8258","","","","","","761400","1560102","0","72.04204","77892.16","993.002","844.0517","0","75.08594","0","555119.8"
"846","","993","999999","140","LF","1130743","0.2168109","6118.165","1051650","100","0","","","","","","","","761400","1560102","0","72.04204","77892.16","993.002","844.0517","0","46.05358","0","300796.3"
"846","","993","999999","140","CC","1130743","0.2168109","6118.165","1051650","100","0","","","","","","","","761400","1560102","0","72.04204","77892.16","993.002","844.0517","0","46.05358","0","300796.3"