sep=,
"Architecture/PV (kW)","Architecture/Gen (kW)","Architecture/1kWh LI (#)","Architecture/Grid (kW)","Architecture/Converter (kW)","Architecture/Dispatch","Cost/NPC ($)","Cost/LCOE ($/kWh)","Cost/Operating cost ($/yr)","Cost/CAPEX ($)","System/Ren Frac (%)","System/Total Fuel (L/yr)","Project Economics/IRR (%)","Project Economics/Simple Payback (yr)","Gen/Hours","Gen/Production (kWh)","Gen/Fuel (L)","Gen/O&M Cost ($/yr)","Gen/Fuel Cost ($/yr)","PV/CAPEX","PV/Energy Production (kWh/yr)","1kWh LI/Auxiliary Load Percent (%)","1kWh LI/Autonomy (hr)","1kWh LI/Annual Throughput (kWh/yr)","1kWh LI/Nominal Capacity (kWh)","1kWh LI/Accessible Capacity (kWh)","Converter/Rectifier Mean Output (kW)","Converter/Inverter Mean Output (kW)","Grid/Energy Purchased (kWh)","Grid/Energy Sold (kWh)"
"197.59499194998","200","196","999999","142.765264971551","CC","912917","0.1132827","43570","349665.1","46.68784","26309.39","18.47422","5.356913","573","98784.88","26309.39","3438","11839.22","177835.5","364383.4","0","2.60755","73573.73","196.0004","166.6003","7.591604","41.21521","233552.4","63690.25"
"198.680835207339","200","194","999999","144.405642995437","CC","913100.6","0.1130389","43509.22","350634.4","46.8527","26286.11","18.45037","5.36047","573","98686.21","26286.11","3438","11828.75","178812.8","366385.8","0","2.580943","73553.19","194.0004","164.9003","7.608468","41.42887","233404.4","65159.9"
"206.992810691057","200","200","999999","144.366491160587","CC","913307.2","0.1123105","42831.41","359603.5","47.76753","26096.62","18.18438","5.409681","565","98060.63","26096.62","3390","11743.48","186293.5","381713.8","0","2.660766","72909.05","200.0004","170.0003","7.536806","42.23473","230504.8","69354.75"
"195.22792787846","200","205","999999","145.20519958386","CC","913394","0.113423","43541.02","350516.7","46.51622","26101.65","18.55733","5.363641","558","98237.2","26101.65","3348","11745.74","175705.1","360018.3","0","2.727285","74785.78","205.0004","174.2504","7.732804","41.21803","234931.4","63244.23"
"196.788825385188","200","211","999999","143.107820648225","CC","913438.2","0.113483","43368.41","352792.3","46.66553","25866.99","18.41339","5.377731","553","97353.64","25866.99","3318","11640.14","177109.9","362896.8","0","2.807108","74970.83","211.0004","179.3504","7.679573","41.25222","234725.2","62944.88"
"190.611080735018","200","202","999999","143.361054913498","CC","913449.3","0.1140399","43967.53","345058.3","45.92734","26396.78","18.81111","5.336989","570","99221.74","26396.78","3420","11878.55","171550","351504.4","0","2.687373","74487.22","202.0004","171.7003","7.681039","40.57007","235813.3","59911.89"
"196.512498784233","200","203","999999","148.271978620629","CC","913549.6","0.1130713","43431.13","352092.8","46.75764","26115.29","18.51482","5.368801","554","98383.68","26115.29","3324","11751.88","176861.3","362387.2","0","2.700677","75025.66","203.0004","172.5503","7.780656","41.54916","234369.1","65287.96"
"189.03908621866","200","193","999999","144.362874461364","CC","913817.9","0.1141546","44256.29","341694","45.75502","26680.99","18.84565","5.316765","583","100137.8","26680.99","3498","12006.44","170135.2","348605.5","0","2.567639","74189.42","193.0004","164.0503","7.648069","40.39401","235762.7","59539.17"
"192.796544710977","200","206","999999","141.047939878169","CC","914032.9","0.1140882","43836.85","347331.3","46.09811","26267.48","18.65084","5.353418","573","98607.27","26267.48","3438","11820.37","173516.9","355534.6","0","2.740589","74237.69","206.0004","175.1004","7.635581","40.65003","235441.7","60045.53"
"192.597110316506","200","191","999999","140.923523935618","CC","914114","0.1140442","44149.98","343364.5","46.02784","26831.86","18.74511","5.329632","598","100444.6","26831.86","3588","12074.34","173337.4","355166.8","0","2.541031","72753.51","191.0004","162.3503","7.512907","40.48663","234198.5","60339.39"
"209.961716829222","200","194","999999","142.103426815706","CC","914237.8","0.1123675","42865.25","360096.6","47.90231","26165.77","18.17272","5.414297","577","98087.56","26165.77","3462","11774.6","188965.5","387188.8","0","2.580943","72096.16","194.0004","164.9003","7.469063","42.2778","229797.6","69676.38"
"203.267082813367","200","196","999999","140.199033248989","CC","914374.5","0.1131789","43347.41","354000.1","47.14346","26393.02","18.4016","5.386687","586","98850.98","26393.02","3516","11876.86","182940.4","374843.3","0","2.60755","72248.04","196.0004","166.6003","7.455055","41.48006","231474.6","65257.92"
"188.154134744467","200","191","999999","142.618980907166","CC","914406.5","0.1144013","44442.57","339874.4","45.54895","26902.18","18.91821","5.31036","593","100853.4","26902.18","3558","12105.98","169338.7","346973.6","0","2.541031","73716.73","191.0004","162.3503","7.639409","40.1905","235812.9","58602.11"
"202.171376766133","200","183","999999","148.127270416132","CC","914532.5","0.1124715","43503.34","352142.4","47.33435","26981.91","18.41757","5.369875","601","101013.9","26981.91","3606","12141.86","181954.2","372822.7","0","2.434601","71481.44","183.0004","155.5503","7.473157","41.85356","230246","69297.13"
"208.134917026006","200","209","999999","141.985788082539","CC","914563.4","0.1126434","42730.27","362167.2","47.7573","25651.96","18.02284","5.429008","556","96375.9","25651.96","3336","11543.38","187321.4","383820","0","2.7805","73551.4","209.0004","177.6504","7.570723","42.20879","231733.5","68358.73"
"201.736931198624","200","189","999999","141.524359602105","CC","914619.9","0.1131453","43577.54","351270.5","47.02068","26739.82","18.39698","5.369968","596","100098.9","26739.82","3576","12032.92","181563.2","372021.5","0","2.514424","72078.66","189.0004","160.6503","7.468687","41.4258","231181.4","65611.46"
"188.733367116933","200","197","999999","139.100163908321","CC","914723.9","0.1146988","44392.43","340840.1","45.52542","26788.46","18.98958","5.320596","595","100327.2","26788.46","3570","12054.8","169860","348041.8","0","2.620854","73629.63","197.0004","167.4503","7.547284","40.00469","235727.5","57212.28"
"196.806488984592","200","187","999999","152.866995566809","CC","914729.1","0.1128124","43704.7","349735.9","46.86221","26819.6","18.50752","5.355168","583","100725.3","26819.6","3498","12068.82","177125.8","362929.3","0","2.487816","73236.13","187.0004","158.9503","7.636803","41.59234","232566","67531.16"
"204.198005425706","200","184","999999","143.167541497492","CC","914773.9","0.1127311","43476.68","352728.5","47.31682","26863.43","18.36887","5.375835","601","100511.8","26863.43","3606","12088.54","183778.2","376560","0","2.447905","71430.58","184.0004","156.4003","7.475422","41.77406","230182.5","68014.18"
"197.611575563218","200","183","999999","144.928733135288","CC","914777.4","0.1132273","43913.96","347079","46.70309","27108.45","18.62406","5.345762","606","101439.3","27108.45","3636","12198.8","177850.4","364414","0","2.434601","71750.17","183.0004","155.5503","7.496681","41.21014","231642.7","65265.85"
"215.754862188943","200","210","999999","145.361866690814","CC","914979.7","0.11169","42134.29","370287.9","48.64346","25348.89","17.70707","5.467221","540","95446.39","25348.89","3240","11407","194179.4","397871.9","0","2.793804","73967.52","210.0004","178.5004","7.610363","43.19954","229998.7","74007.87"
"200.201487299249","200","192","999999","161.184929005057","CC","915017","0.1120486","43200.89","356536.8","47.49881","26363.31","18.20559","5.387066","561","99279.5","26363.31","3366","11863.49","180181.3","369190","0","2.554335","73999.66","192.0004","163.2003","7.71331","42.37131","232368.1","72005.79"
"209.239116255624","200","217","999999","148.620590897984","CC","915036.4","0.1119711","42381.3","367151.4","48.19093","25288.09","17.80541","5.450783","533","95343.96","25288.09","3198","11379.64","188315.2","385856.2","0","2.886931","75260.16","217.0004","184.4504","7.719609","42.90183","232165.1","72456.5"
"215.259441356052","200","187","999999","143.877706679877","CC","915039.7","0.1117777","42652.66","363646.8","48.45086","26478.92","17.88645","5.431866","585","99237.18","26478.92","3510","11915.51","193733.5","396958.3","0","2.487816","71096.13","187.0004","158.9503","7.405564","42.81944","227193.6","73552.35"
"181.621661078872","200","200","999999","142.860478430657","CC","915194.6","0.1152318","44778.67","336317.6","44.74124","26800.45","19.00044","5.296609","580","100710.6","26800.45","3480","12060.2","163459.5","334927.1","0","2.660766","75190.14","200.0004","170.0003","7.748959","39.53515","238779.6","54674.95"
"219.282832460624","200","215","999999","156.438485060328","CC","915658.8","0.1103333","41587.47","378036.1","49.4418","24998.35","17.42406","5.499315","513","94559.64","24998.35","3078","11249.26","197354.5","404377.8","0","2.860323","75848.15","215.0004","182.7504","7.850414","44.4964","230006.7","82276.1"
"213.746455076473","200","187","999999","169.832551227934","CC","915997.1","0.1100411","42229.73","370071.6","49.25711","26371.21","17.66652","5.454653","569","99135.55","26371.21","3414","11867.04","192371.8","394168.2","0","2.487816","71781.22","187.0004","158.9503","7.504945","44.10663","227602.1","84218.66"
"185.508499609372","200","219","999999","147.14185622203","CC","916799.2","0.114845","44165.4","345850.2","45.41253","25926.16","18.64586","5.350501","550","97670.91","25926.16","3300","11666.77","166957.7","342094.8","0","2.913538","77258.98","219.0004","186.1504","7.900975","40.32925","239414.5","57824.68"
"182.684463321762","200","209","999999","150.019959061596","CC","916844.8","0.1150353","44492.13","341672","45.00323","26316.33","18.88068","5.324971","551","99302.18","26316.33","3306","11842.35","164416","336887","0","2.7805","77306.41","209.0004","177.6504","7.977603","40.07047","239765.8","56833.77"
"206.808173625831","200","180","999999","141.215644452555","CC","917067.1","0.1129839","43595","353492.1","47.44057","27074.47","18.3115","5.385125","618","101029.1","27074.47","3708","12183.51","186127.4","381373.3","0","2.394689","70403.95","180.0004","153.0003","7.361305","41.75159","228975.5","68179.89"
"237.566978876808","200","189","999999","163.858890282073","CC","917362.9","0.1080481","40776.97","390217.9","51.36001","25870.67","17.04187","5.558907","555","97324.88","25870.67","3330","11641.8","213810.3","438095.4","0","2.514424","70742.75","189.0004","160.6503","7.408704","46.30478","222124.9","97073.95"
"188.777208156892","200","179","999999","142.069614034637","CC","917635.3","0.1147187","44893.77","337270.4","45.53257","27588.21","19.03473","5.302073","632","102895.8","27588.21","3792","12414.7","169899.5","348122.6","0","2.381385","71508.84","179.0004","152.1503","7.449724","40.0035","234125.7","59068.29"
"220.4112636848","200","165","999999","155.859875436339","CC","917806.2","0.1103527","42655.38","366378.1","49.48074","27045.35","17.8189","5.443959","642","100373.5","27045.35","3852","12170.41","198370.1","406458.7","0","2.195132","66270.03","165.0003","140.2503","6.957227","43.66341","224646.4","83668.77"
"187.451104369603","200","221","999999","141.813268422756","CC","918366.7","0.1151638","44236.39","346500","45.53911","26096.88","18.53593","5.362895","576","97817.8","26096.88","3456","11743.59","168706","345677.1","0","2.940146","75918.7","221.0004","187.8504","7.735785","40.21045","238128.3","57167.88"
"201.093106878185","200","228","999999","145.739457318796","CC","918767.6","0.1134822","43091.18","361705.6","47.19723","25608.94","18.01166","5.439584","551","96304.45","25608.94","3306","11524.02","180983.8","370834.3","0","3.033273","75741.79","228.0005","193.8004","7.770555","41.92189","234384.5","66582.31"
"209.315888702771","200","181","999999","138.013362499314","CC","918830.8","0.1133755","43611.81","355038.3","47.49299","27075.68","18.17156","5.399746","625","100879","27075.68","3750","12184.06","188384.3","385997.8","0","2.407993","69961.73","181.0004","153.8503","7.307157","41.67983","228289.7","67214.78"
"171.555535665833","200","213","999999","145.083030393998","CC","918964.5","0.1169639","45468.1","331174.9","43.33862","26671.97","19.27272","5.283051","565","100498.8","26671.97","3390","12002.39","154400","316364.2","0","2.833715","77675.3","213.0004","181.0504","7.963882","38.45091","243866","48069.82"
"235.93112526093","200","181","999999","150.207504401177","CC","919020.1","0.109838","41490.55","382650.3","50.49072","26250.38","17.11342","5.534704","589","98179.98","26250.38","3534","11812.67","212338","435078.8","0","2.407993","68818.03","181.0004","153.8503","7.232668","44.91814","222258","87538.53"
"202.204516425981","200","169","999999","165.525373123944","CC","919387.1","0.1120733","43743.55","353891.7","47.78421","27345.25","18.28933","5.382704","638","101733.1","27345.25","3828","12305.36","181984.1","372883.8","0","2.248347","68532.1","169.0003","143.6503","7.196356","42.18988","229613.9","74882.72"
"198.600657548989","200","220","999999","137.941543549077","CC","919716.3","0.1145379","43673.76","355123.1","46.6238","26101.44","18.09865","5.414848","594","97437.95","26101.44","3564","11745.65","178740.6","366237.9","0","2.926842","73525.82","220.0004","187.0004","7.513553","40.96827","234103.1","61450.63"
"200.621227881427","200","231","999999","160.638286656354","CC","919766.3","0.1127169","42797.53","366500.6","47.50114","25431.09","17.67297","5.457812","516","96326.94","25431.09","3096","11443.99","180559.1","369964.1","0","3.073184","77790.48","231.0005","196.3504","8.048004","42.69893","235050.6","71519.42"
"175.884435846797","200","186","999999","146.510226515528","CC","920227.6","0.1163998","45753.45","328749.1","43.89624","27760.68","19.32363","5.264733","615","104003.6","27760.68","3690","12492.3","158296","324347.1","0","2.474512","74586.3","186.0004","158.1003","7.745045","38.79708","239095.8","51854.73"
"225.749784192046","200","234","999999","164.471461216372","CC","920593.8","0.1096602","40965.14","391016.3","50.37803","24471.62","16.91891","5.576762","500","92615.78","24471.62","3000","11012.23","203174.8","416303.4","0","3.113096","76703.27","234.0005","198.9004","7.922338","45.68503","229623.1","89697.81"
"249.050267492328","200","186","999999","157.141657894433","CC","920743.5","0.1082028","40452.92","397787.8","51.88897","25812.68","16.70936","5.608542","559","96990.45","25812.68","3354","11615.71","224145.2","459271.7","0","2.474512","69632.01","186.0004","158.1003","7.328831","46.70482","219696.3","98551.81"
"175.097746877826","200","195","999999","157.231654906054","CC","920817.6","0.1164019","45431.01","333507.5","43.91404","26926.82","19.06994","5.288472","572","101423.6","26926.82","3432","12117.07","157588","322896.4","0","2.594247","76922.7","195.0004","165.7503","7.973931","39.06953","241780.6","52235.6"
"164.99970818259","200","209","999999","141.007266814547","CC","920939.3","0.1181782","46249.21","323051.9","42.22285","27055.34","19.63815","5.249222","588","101613.4","27055.34","3528","12174.9","148499.7","304274.7","0","2.7805","77126.7","209.0004","177.6504","7.887575","37.35779","246671.6","43117.89"
"182.718289213397","200","239","999999","145.155643182744","CC","922818.8","0.1160564","44484.61","347743.2","45.02949","25935.17","18.44218","5.384597","567","97332.11","25935.17","3402","11670.83","164446.5","336949.4","0","3.179615","77541.18","239.0005","203.1504","7.926538","39.96104","240780.9","55391.07"
"185.209204028869","200","222","999999","166.814101649407","CC","923014.1","0.1151071","44152.45","352232.5","45.48917","25789.62","18.20852","5.391386","524","97668.89","25789.62","3144","11605.33","166688.3","341542.8","0","2.95345","79350.28","222.0004","188.7004","8.240747","40.88478","240453.4","60595.04"
"196.422683299985","200","245","999999","153.34360001144","CC","923858.1","0.1141839","43304.88","364033.5","46.94844","25437.46","17.73759","5.464582","546","95688.67","25437.46","3276","11446.86","176780.4","362221.5","0","3.259438","77881.38","245.0005","208.2504","7.963775","41.92594","236345.9","66181.77"
"213.70800693093","200","235","999999","143.047642680384","CC","923865.8","0.1132054","42534.41","374001.5","48.34904","25577","17.35384","5.519866","569","95769.92","25577","3414","11509.65","192337.2","394097.3","0","3.1264","74320.71","235.0005","199.7504","7.608189","42.8512","230295.5","71596.84"
"208.205291780601","200","152","999999","149.443775739241","CC","924004.9","0.112826","44384.94","350217.9","47.96254","27965.76","18.37614","5.377326","721","102522","27965.76","4326","12584.59","187384.8","383949.8","0","2.022182","63239.88","152.0003","129.2003","6.655861","41.69168","227137.9","73815.43"
"243.045086898381","200","218","999999","144.35019766755","CC","924125","0.1108927","40810.57","396545.6","50.77045","24782.44","16.64915","5.625474","533","93201.14","24782.44","3198","11152.1","218740.6","448197.6","0","2.900235","72426.95","218.0004","185.3004","7.456328","45.20995","224148.8","84943.47"
"175.673451645603","200","172","999999","137.663419187351","CC","925143.6","0.1173186","46624.46","322405.1","43.55458","28504.61","19.57311","5.243256","683","105648.2","28504.61","4098","12827.07","158106.1","323958.1","0","2.288259","70879.06","172.0004","146.2003","7.394342","38.11243","238666.7","50306.57"
"242.212148365258","200","236","999999","150.407250250761","CC","925181.1","0.1103562","40461.6","402113.1","51.19776","24250.42","16.42142","5.653556","516","91323.61","24250.42","3096","10912.69","217990.9","446661.5","0","3.139704","74419.13","236.0005","200.6004","7.567464","45.86773","225162.5","88817.8"
"183.283238198107","200","162","999999","149.132557950858","CC","925635.7","0.1158927","46059.96","330194.7","44.98069","28633.37","19.23729","5.280805","707","105661.6","28633.37","4242","12885.02","164954.9","337991.2","0","2.15522","67377.11","162.0003","137.7003","7.04915","39.14437","234264.1","58140.21"
"220.979488119051","200","149","999999","143.681136253392","CC","926703.9","0.112659","43896.14","359235.9","48.85828","27791.63","17.92542","5.43338","731","101562.3","27791.63","4386","12506.23","198881.5","407506.6","0","1.98227","61390.49","149.0003","126.6503","6.461424","42.29053","223851","76607.59"
"231.059287265673","200","189","999999","133.424483044309","CC","926967.3","0.113556","42679.25","375230.7","48.90115","26579.02","17.2654","5.531787","621","98863.03","26579.02","3726","11960.56","207953.4","426094.6","0","2.514424","68836.69","189.0004","160.6503","7.139777","42.76516","223800.9","71760.88"
"242.107701181901","200","172","999999","139.451273635319","CC","927122.9","0.1118585","42111","382732.3","50.14402","26677.2","16.95008","5.561201","630","99079.52","26677.2","3780","12004.74","217896.9","446468.9","0","2.288259","66544.54","172.0004","146.2003","7.004342","44.07319","220567.4","81451.06"
"189.116516630578","200","154","999999","157.601519776222","CC","928196.4","0.1151434","45810.13","335985.3","45.90675","28578.98","18.93161","5.3134","731","104898.9","28578.98","4386","12860.54","170204.9","348748.3","0","2.04879","64977.5","154.0003","130.9003","6.815824","39.85275","232410.7","63881.01"
"159.803009018375","200","215","999999","152.857878640403","CC","928632.4","0.1197693","46815.05","323430.1","41.28795","27174.52","19.42991","5.265754","563","102672.8","27174.52","3378","12228.54","143822.7","294691.5","0","2.860323","80422.43","215.0004","182.7504","8.271754","36.97559","249463.2","40078.29"
"164.824582138856","200","192","999999","163.528142051615","CC","929175.4","0.1190029","46704.62","325400.6","42.13942","27715.23","19.21632","5.270089","594","104276.7","27715.23","3564","12471.85","148342.1","303951.7","0","2.554335","77225.1","192.0004","163.2003","8.034397","37.5115","245191.5","44293.76"
"167.242536555898","200","232","999999","160.017607852715","CC","930033.3","0.1188611","45910.58","336523.6","42.60331","26360.17","18.6859","5.337995","540","99731.92","26360.17","3240","11862.08","150518.3","308410.7","0","3.086488","81383.01","232.0005","197.2004","8.364895","38.24142","247668.6","45572.53"
"223.04697797954","200","145","999999","163.6780491789","CC","930825.9","0.1109762","43684.36","366095.7","49.90744","28157.08","17.59477","5.468895","757","102534.4","28157.08","4542","12670.68","200742.3","411319.2","0","1.929055","60027.54","145.0003","123.2502","6.328702","43.62628","222475.6","89129.25"
"163.352984420147","200","192","999999","171.791666666667","CC","933738.4","0.1197976","46968.28","326555.2","41.8731","27862.81","19.03891","5.28704","598","104813.4","27862.81","3588","12538.26","147017.7","301238","0","2.554335","77380.68","192.0004","163.2003","8.045065","37.28842","245647.1","43233.53"
"272.889690259167","200","195","999999","142.000502598945","CC","935306.3","0.110788","40097.05","416950.9","52.35054","25197.06","15.71533","5.755702","555","94470.3","25197.06","3330","11338.67","245600.7","503233.8","0","2.594247","68882.7","195.0004","165.7503","7.197167","46.60278","216704.2","93359.73"
"162.939808881746","200","165","999999","152.034449003397","CC","935594.3","0.1199995","48121.23","313506.2","41.7548","29340.75","19.81675","5.220555","716","108459.8","29340.75","4296","13203.34","146645.8","300476","0","2.195132","70271.13","165.0003","140.2503","7.321919","36.45447","242820","43415.45"
"188.486003656316","200","141","999999","144.184103419666","CC","935634.9","0.1167319","46992.19","328142.6","45.41737","29643.79","18.97457","5.293521","825","107326.7","29643.79","4950","13339.71","169637.4","347585.6","0","1.87584","60561.82","141.0003","119.8502","6.368223","38.84892","231093.5","60324.74"
"293.596409510458","200","206","999999","171.791666666667","CC","936014.7","0.1051743","37806.21","447274.3","55.49382","24362.69","14.98001","5.878509","497","92220.7","24362.69","2982","10963.21","264236.8","541418.9","0","2.740589","71302.5","206.0004","175.1004","7.459258","51.46309","214171.7","128737.2"
"238.028980267911","200","249","999999","139.634932687904","CC","936734.8","0.1135053","41645.14","398366.6","50.18817","25437.86","16.28467","5.68476","595","94603.69","25437.86","3570","11447.04","214226.1","438947.4","0","3.312653","72522.35","249.0005","211.6504","7.316139","44.27606","223389.6","78699.45"
"174.66700732947","200","151","999999","165.789700982811","CC","939131.3","0.1185892","47529.94","324687.2","43.73378","29284.87","19.00996","5.282845","765","107136.3","29284.87","4590","13178.19","157200.3","322102.1","0","2.008878","65126.5","151.0003","128.3503","6.80686","37.74805","237542","52895.11"
"255.666666666667","200","301","999999","155.166666666667","CC","939754.6","0.1106544","39284.78","431900","52.77279","23323.78","15.26466","5.855428","507","87596.34","23323.78","3042","10495.7","230100","471472.9","0","4.004452","76796.77","301.0006","255.8505","7.54823","47.52192","222661.6","97257.7"
"247.489135386121","200","139","999999","146.815768945835","CC","939878","0.1119201","43190.28","381534.9","50.9649","27955.02","16.80601","5.579122","780","101168.1","27955.02","4680","12579.76","222740.2","456392.8","0","1.849232","56962.82","139.0003","118.1502","6.03292","44.14381","217365.7","89914.04"
"255.666666666667","200","301","999999","188.416666666667","CC","940556.1","0.1073946","38575.16","441875","54.17131","23386.15","15.05808","5.885643","503","87949.38","23386.15","3018","10523.77","230100","471472.9","0","4.004452","77567.59","301.0006","255.8505","7.680695","49.979","222524.2","117776"
"221.074692121737","200","134","999999","138.349532854646","CC","940789.9","0.1150234","45392.93","353972.1","48.36621","29227.2","17.80377","5.444224","846","105095.6","29227.2","5076","13152.24","198967.2","407682.1","0","1.782713","56031.91","134.0003","113.9002","5.909475","41.15298","221586.7","73001.21"
"163.904032185732","200","289","999999","152.802915219071","CC","941026.1","0.1209914","46058.46","345604.5","42.28832","25872.35","18.02263","5.438302","564","97132.41","25872.35","3384","11642.56","147513.6","302254.2","0","3.844806","82383.69","289.0006","245.6505","8.288502","37.7682","250080.4","41943.92"
"295.673111451149","200","196","999999","151.43454127197","CC","941509.3","0.1087299","38752.46","440536.2","54.27458","24635.55","14.99564","5.876884","523","92800.43","24635.55","3138","11086","266105.8","545248.5","0","2.60755","69411.22","196.0004","166.6003","7.282367","49.1661","213479.2","110133.9"
"194.625135842363","200","241","999999","123.763888888889","CC","943535.1","0.1194335","45715.92","352541.8","45.21041","27530.38","17.74115","5.479552","717","100765.7","27530.38","4302","12388.67","175162.6","358906.7","0","3.206223","70058.66","241.0005","204.8504","7.102119","39.01576","234057","51416.85"
"159.791666666667","200","222","999999","191.816871337581","CC","944297.8","0.1217683","46988.16","336857.6","41.26168","26849.45","18.32554","5.372477","549","101605.7","26849.45","3294","12082.25","143812.5","294670.6","0","2.95345","81099.44","222.0004","188.7004","8.382623","37.07929","250750","40184.07"
"151.460887260021","200","168","999999","158.446217928797","CC","944824.9","0.122891","49427.61","305848.7","39.62803","29745.48","19.76902","5.204204","714","110219.2","29745.48","4284","13385.47","136314.8","279307.8","0","2.235043","72756.5","168.0003","142.8003","7.545897","34.84691","248828.1","35035.53"
"175.210095492839","200","345","999999","171.791666666667","CC","948428.4","0.1203103","44320.34","375476.6","44.20665","23965.04","16.74767","5.62013","492","90646.48","23965.04","2952","10784.27","157689.1","323103.6","0","4.589821","85824.96","345.0007","293.2506","8.589765","39.8149","249580.9","50109.56"
"255.666666666667","200","301","999999","221.666666666667","CC","949073.9","0.1070624","38462.44","451850","54.65012","23279.43","14.67492","5.945158","501","87541.45","23279.43","3006","10475.74","230100","471472.9","0","4.004452","77660.95","301.0006","255.8505","7.726763","50.91285","223432.6","126032.1"
"216.020875968373","200","126","999999","154.520718959726","CC","949747.6","0.1146771","46217.12","352275","48.61375","30217.93","17.69914","5.451659","930","107431.2","30217.93","5580","13598.07","194418.8","398362.4","0","1.676282","52554.8","126.0003","107.1002","5.535944","41.3801","221771.5","80953.89"
"134.410658355857","200","192","999999","147.614761947582","CC","950245.8","0.125995","50821.19","293254","36.02085","29606.87","20.44853","5.158769","647","111117.6","29606.87","3882","13323.09","120969.6","247865.7","0","2.554335","81474.7","192.0004","163.2003","8.401198","32.83266","262137.7","23711.87"
"238.519602961595","200","417","999999","132.919006760431","CC","956074.8","0.1176569","40013.99","438793.3","50.56633","19965.63","14.6833","5.97849","471","74163.76","19965.63","2826","8984.532","214667.6","439852.2","0","5.547697","81582.19","417.0008","354.4507","7.287473","43.95514","236565.5","68888.48"
"278.594215454579","200","143","999999","135.237074738147","CC","956849.3","0.1141841","42528.92","407055.9","51.8278","27551.28","15.56179","5.761785","755","100011.6","27551.28","4530","12398.07","250734.8","513753.4","0","1.902447","57602.8","143.0003","121.5502","6.12212","44.79574","212250.4","88530.61"
"165.521901615639","200","121","999999","150.64916142125","CC","965578.8","0.1233489","51143.95","304414.5","41.97567","32247.24","19.31635","5.251179","1041","113569.3","32247.24","6246","14511.26","148969.7","305237.7","0","1.609763","52207.48","121.0002","102.8502","5.431991","34.7339","237786.7","45842.68"
"255.666666666667","200","526","999999","188.416666666667","CC","978708.1","0.1127715","37175.2","498125","55.09405","16133.61","13.12129","6.686516","325","61162.49","16133.61","1950","7260.125","230100","471472.9","0","6.997814","90747.05","526.001","447.1009","7.916353","50.55505","240306.4","111644.4"
"265.808840573542","200","514","999999","156.941087211146","CC","981744.9","0.1155353","37666.53","494810.3","54.49179","17105.79","13.10029","6.721469","352","64683.54","17105.79","2112","7697.605","239228","490176","0","6.838168","88630.51","514.001","436.9009","7.715015","49.00906","234445.5","97618.23"
"351.541666666667","200","413","999999","205.041666666667","CC","981811.3","0.1032161","32539.99","561150","61.04218","17636.52","12.17255","7.341296","349","66999.16","17636.52","2094","7936.434","316387.5","648275.3","0","5.494481","81895.08","413.0008","351.0507","7.428745","59.09303","219656.1","176119.8"
"116.52916643009","200","251","999999","140.029062268527","CC","981881.6","0.1324866","53548.3","289635","31.88299","30710.07","19.49076","5.25069","695","114728.3","30710.07","4170","13819.53","104876.3","214890.5","0","3.339261","86110.61","251.0005","213.3504","8.815768","30.14516","275777.6","13597.15"
"106.771504837957","200","211","999999","158.295766192896","CC","988985.2","0.1342928","55126.76","276333.1","29.16348","31473.18","20.16529","5.176339","658","118782.6","31473.18","3948","14162.93","96094.35","196896.5","0","2.807108","89611.92","211.0004","179.3504","9.263295","28.71603","284750.5","9978.57"
"156.081579426306","200","103","999999","161.600169467619","CC","1003874","0.1297454","54857.48","294703.5","39.98835","35101.91","18.65331","5.304623","1285","120255.6","35101.91","7710","15795.86","140473.4","287828.8","0","1.370294","42664.24","103.0002","87.55018","4.468262","32.02615","238921","38821.79"
"349.725164952557","200","277","999999","131.931185642461","CC","1008720","0.1189177","39074.64","503582","54.80042","24112.67","12.4947","7.135664","598","88921.39","24112.67","3588","10850.7","314752.7","644925.4","0","3.685161","67970.28","277.0005","235.4505","6.734645","48.13704","207659.8","96469.54"
"271.966367681712","200","90","999999","157.370153212978","CC","1019968","0.1179998","48384.14","394480.8","52.11688","33629.55","14.47849","5.863765","1332","112973.8","33629.55","7992","15133.3","244769.7","501531.1","0","1.197345","32450.04","90.00018","76.50015","3.469641","43.43704","207190.1","108946.6"
"101.671364379085","200","120","999999","148.103758169935","CC","1029181","0.1400138","60587.47","245935.4","28.53037","36878.54","20.87199","5.113368","1212","129403.3","36878.54","7272","16595.34","91504.23","187491.4","0","1.596459","57740.11","120.0002","102.0002","5.857835","24.68478","276972","8908.916"
"104.071755822776","200","504","999999","142.520763229084","CC","1030494","0.1407442","53225.46","342420.8","28.18095","24447.79","15.44742","5.775923","509","92315.24","24447.79","3054","11001.51","93664.58","191917.9","0","6.70513","103907.7","504.001","428.4008","10.74483","29.53048","314445.9","6679.836"
"447.416666666667","200","301","999999","188.416666666667","CC","1036669","0.1063468","32660.51","614450","62.72348","21298.12","10.73614","8.302267","456","80143.13","21298.12","2736","9584.152","402675","825077.6","0","4.004452","72030.11","301.0006","255.8505","6.94747","61.30511","200940.7","194361"
"255.666666666667","200","714","999999","133","CC","1037377","0.1278831","39363.83","528500","53.48559","10339.37","11.56785","7.514184","265","37938.67","10339.37","1590","4652.718","230100","471472.9","0","9.498934","93108.77","714.0014","606.9012","6.812456","45.48353","253935.5","67802.27"
"255.666666666667","200","301","999999","92.3611111111111","CC","1039265","0.1352266","48439.8","413058.3","44.87285","28484.3","13.41645","6.379609","962","99374.92","28484.3","5772","12817.93","230100","471472.9","0","4.004452","59220.55","301.0006","255.8505","5.312364","36.04485","228353.7","34806.34"
"430.578405017921","200","423","999999","158.08646953405","CC","1055332","0.1159142","33620.96","620696.5","60.63869","16910.68","10.33271","8.653456","343","64056.29","16910.68","2058","7609.804","387520.6","794026.3","0","5.62752","80049.73","423.0009","359.5507","7.085932","56.2098","213152.4","144577.2"
"428.160695434151","200","122","999999","142.520763229084","CC","1057079","0.1191512","40106.54","538600.9","57.68932","26836.38","11.14365","8.466031","826","95407.48","26836.38","4956","12076.37","385344.6","789567.8","0","1.623067","46486.56","122.0002","103.7002","4.917048","50.37157","194957.1","126578.2"
"199.939185960965","200","76","999999","143.515295505056","CC","1057170","0.1304554","56868.66","321999.8","44.79224","38718.73","15.45635","5.593157","1702","126335.1","38718.73","10212","17423.43","179945.3","368706.3","0","1.011091","25445.29","76.00015","64.60013","2.681406","34.88507","219738.2","67166.52"
"76.6239913359948","200","320","999999","157.370153212978","CC","1061557","0.146379","60752.91","276172.6","20.21933","33304.75","17.4093","5.43266","699","125635.1","33304.75","4194","14987.14","68961.59","141301.7","0","4.257225","102363.5","320.0006","272.0005","11.0493","24.57912","321920.6","1293.006"
"255.666666666667","200","75","999999","188.416666666667","CC","1062393","0.1206098","52370.28","385375","51.71868","37161.79","13.6399","5.915929","1638","121156.5","37161.79","9828","16722.8","230100","471472.9","0","0.9977871","24200.37","75.00015","63.75013","2.537818","42.91186","207821.3","121687.2"
"244.748049749047","200","189","999999","160.895503563109","LF","1071070","0.1315098","52235.74","395791.9","56.77924","33133.96","13.11584","5.89123","1696","102801.4","33133.96","10176","14910.28","220273.3","451338","0","2.514424","63172.46","189.0004","160.6503","1.256716","42.15766","169492.1","70316.73"
"253.724733708138","200","188","999999","158.916383240709","LF","1071335","0.1307982","51696.53","403027.2","57.40413","32842.91","12.93977","5.928425","1682","101878.5","32842.91","10092","14779.31","228352.3","467891.8","0","2.50112","63113.96","188.0004","159.8003","1.256477","42.84166","168004.7","73900.41"
"235.233358399101","200","192","999999","161.52402111182","LF","1071406","0.1326668","52851.49","388167.2","56.06764","33373.05","13.41379","5.853606","1710","103504.1","33373.05","10260","15017.87","211710","433792","0","2.554335","63760.79","192.0004","163.2003","1.256313","41.30629","170944.5","65017.6"
"252.938259891155","200","185","999999","161.019662635827","LF","1071425","0.1305506","51767.44","402200.3","57.33506","32967.52","12.96536","5.924767","1688","102273.5","32967.52","10128","14835.38","227644.4","466441.5","0","2.461208","62275.39","185.0004","157.2503","1.258291","42.87574","168582.8","75155.34"
"244.47133888222","200","190","999999","163.913552807273","LF","1071752","0.1313427","52218.38","396698.3","56.87559","33140.11","13.08056","5.895857","1697","102805.3","33140.11","10182","14913.05","220024.2","450827.7","0","2.527727","63435.1","190.0004","161.5003","1.255103","42.30336","169400","71519.77"
"234.685571582849","200","165","999999","157.044923883659","LF","1071833","0.1323955","53548.75","379580.5","55.05812","34214.59","13.55539","5.82353","1752","106139","34214.59","10512","15396.57","211217","432781.8","0","2.195132","56705.49","165.0003","140.2503","1.26941","40.69631","175303.8","66547.52"
"226.382945359447","200","167","999999","158.934808692984","LF","1071835","0.1332403","54044.37","373175.1","54.40359","34422.49","13.72055","5.791119","1761","106820.4","34422.49","10566","15490.12","203744.7","417471","0","2.221739","56960.07","167.0003","141.9503","1.272064","39.98576","176911.3","62577.98"
"241.274219497278","200","193","999999","159.190724491994","LF","1071975","0.1323113","52509.8","393154","56.51825","33209.71","13.27419","5.879885","1701","103011.5","33209.71","10206","14944.37","217146.8","444931.9","0","2.567639","64237.17","193.0004","164.0503","1.259381","41.76067","169496.9","67029.43"
"247.298191577176","200","187","999999","162.50545463238","LF","1072027","0.1311101","52133.55","398070","56.97686","33173.21","13.04843","5.904688","1698","102923.4","33173.21","10188","14927.94","222568.4","456040.7","0","2.487816","62748.86","187.0004","158.9503","1.263556","42.46862","169194.4","72801.98"
"250.239987578404","200","192","999999","161.808863250075","LF","1072065","0.1310164","51851.12","401758.7","57.34055","32912.8","12.951","5.921166","1686","102086","32912.8","10116","14810.76","225216","461465.6","0","2.554335","64153.18","192.0004","163.2003","1.260811","42.75938","167933.8","73276.38"
"228.995104956544","200","189","999999","160.027296426089","LF","1072112","0.133549","53433.19","381353.8","55.31554","33734.23","13.57419","5.824316","1727","104657.7","33734.23","10362","15180.4","206095.6","422288.1","0","2.514424","62780.47","189.0004","160.6503","1.264814","40.54417","172828.4","61300.42"
"240.431024576038","200","188","999999","157.632033300952","LF","1072137","0.1324448","52713.88","390677.5","56.24345","33394.5","13.21798","5.870559","1711","103572.9","33394.5","10266","15027.53","216387.9","443377","0","2.50112","62898.73","188.0004","159.8003","1.262794","41.53315","170422.5","66491.88"
"214.214109667249","200","169","999999","151.205562452337","LF","1072140","0.1354612","55055.87","360404.4","52.96372","34847.33","13.99345","5.732207","1782","108155","34847.33","10692","15681.3","192792.7","395030.6","0","2.248347","56846.78","169.0003","143.6503","1.272471","38.356","179819.8","52550.15"
"244.478646041166","200","179","999999","160.375377074853","LF","1072199","0.1314362","52547.22","392893.4","56.42568","33470.48","13.18308","5.883679","1716","103784","33470.48","10296","15061.72","220030.8","450841.2","0","2.381385","60552.84","179.0004","152.1503","1.263217","41.97571","171180.1","71333.43"
"235.476978295663","200","186","999999","162.424531287157","LF","1072206","0.1324758","52991.56","387156.6","55.93551","33576.47","13.31335","5.852151","1721","104122.3","33576.47","10326","15109.41","211929.3","434241.3","0","2.474512","62289.8","186.0004","158.1003","1.262719","41.30616","171754.6","66385.66"
"244.703019827218","200","163","999999","154.255185776075","LF","1072350","0.1316701","52994.77","387259.3","55.70563","33956.37","13.34176","5.865462","1739","105333","33956.37","10434","15280.37","220232.7","451254.9","0","2.168524","56255.08","163.0003","138.5503","1.267697","41.39693","173717.5","70301.14"
"253.334779951806","200","181","999999","158.913292461137","LF","1072352","0.1307724","51937.77","400925.3","57.15308","33105.41","12.981","5.923495","1698","102636.1","33105.41","10188","14897.44","228001.3","467172.7","0","2.407993","61182.49","181.0004","153.8503","1.258697","42.70979","169149","74626.69"
"239.807057880924","200","162","999999","159.933880394856","LF","1072371","0.131489","53224.82","384306.5","55.50538","34158.39","13.42731","5.848484","1749","105967.3","34158.39","10494","15371.28","215826.4","442226.3","0","2.15522","55906.8","162.0003","137.7003","1.268981","41.30973","174736.3","71181.34"
"222.595901786506","200","163","999999","155.234240332657","LF","1072411","0.1339774","54515.85","367656.6","53.77503","34718.84","13.80444","5.768349","1777","107721.4","34718.84","10662","15623.48","200336.3","410487.4","0","2.168524","55755.2","163.0003","138.5503","1.277745","39.3555","178492.9","59487.1"
"238.614361881713","200","185","999999","160.068794432372","LF","1072463","0.1323407","52867","389023.6","56.08974","33537.6","13.26214","5.863115","1719","104001.9","33537.6","10314","15091.92","214752.9","440026.9","0","2.461208","62136.14","185.0004","157.2503","1.262696","41.46689","171256","67174.78"
"222.978339273022","200","193","999999","158.471916674179","LF","1072469","0.134568","53838.41","376472.1","54.76469","33848.8","13.68021","5.801875","1733","105010.2","33848.8","10398","15231.96","200680.5","411192.6","0","2.567639","63385.43","193.0004","164.0503","1.263149","39.87075","173862.1","56802.93"
"230.522832498193","200","161","999999","150.393769610252","LF","1072487","0.1335355","54120.86","372838.7","54.26831","34562.08","13.66148","5.796504","1769","107234.5","34562.08","10614","15552.94","207470.5","425105.4","0","2.141917","55506.17","161.0003","136.8503","1.276733","39.83277","176882.7","61580.29"
"258.141426257804","200","189","999999","162.039020624889","LF","1072488","0.1301548","51386.4","408189","57.88392","32715.3","12.80089","5.954668","1677","101448.6","32715.3","10062","14721.89","232327.3","476036.6","0","2.514424","63467.95","189.0004","160.6503","1.25453","43.43886","167002.3","77717.55"
"249.503897957766","200","191","999999","156.217828270241","LF","1072499","0.1317678","52085.06","399168.8","57.02282","33006.12","12.99736","5.912729","1692","102348.4","33006.12","10152","14852.75","224553.5","460108.2","0","2.541031","63850.43","191.0004","162.3503","1.258536","42.30905","168241","69921.96"
"215.075965134125","200","172","999999","153.856512730721","LF","1072526","0.1352808","54906.18","362725.3","53.22841","34725.19","13.91261","5.742758","1777","107748.3","34725.19","10662","15626.33","193568.4","396619.9","0","2.288259","57676.16","172.0004","146.2003","1.274183","38.60579","179090.9","53586.95"
"227.481517253818","200","157","999999","155.313430922406","LF","1072528","0.133238","54298.97","370577.4","54.05736","34733.49","13.73494","5.785009","1778","107761.3","34733.49","10668","15630.07","204733.4","419496.9","0","2.088701","54331.67","157.0003","133.4503","1.277489","39.77102","178314.7","62991.13"
"255.971138137721","200","166","999999","165.191944220808","LF","1072564","0.1293459","51915","401431.6","57.14596","33439.3","12.99937","5.929458","1713","103718.4","33439.3","10278","15047.69","230374","472034.4","0","2.208436","57201.33","166.0003","141.1003","1.261988","43.17274","171164.1","81749.19"
"227.636038480081","200","162","999999","159.881739701803","LF","1072579","0.1329428","54089.41","373337","54.39081","34565.25","13.65191","5.795228","1769","107247.9","34565.25","10614","15554.36","204872.4","419781.8","0","2.15522","55676.41","162.0003","137.7003","1.276733","40.09494","177395.9","64403.54"
"222.538113531995","200","156","999999","148.477843636364","LF","1072581","0.134454","54825.15","363827.7","53.30603","34972.35","13.91896","5.75474","1791","108485.2","34972.35","10746","15737.56","200284.3","410380.8","0","2.075397","53882.17","156.0003","132.6003","1.277302","38.89592","179653.7","57389.94"
"230.724004937127","200","189","999999","152.597575880689","LF","1072618","0.1341084","53524.32","380680.9","55.21465","33761.38","13.57727","5.824798","1731","104684.1","33761.38","10386","15192.62","207651.6","425476.3","0","2.514424","62851.46","189.0004","160.6503","1.264814","40.32772","172398.8","59001.2"
"229.154114981531","200","195","999999","156.815610924069","LF","1072727","0.1340618","53428.2","382033.4","55.39539","33613.72","13.53237","5.828269","1724","104213.6","33613.72","10344","15126.17","206238.7","422581.3","0","2.594247","64339.35","195.0004","165.7503","1.26309","40.47118","171875.3","59279.8"
"256.373662257295","200","193","999999","160.004119974901","LF","1072752","0.1307164","51499.82","406987.5","57.79321","32686.16","12.81425","5.94871","1677","101325.1","32686.16","10062","14708.77","230736.3","472776.7","0","2.567639","64548.66","193.0004","164.0503","1.259396","43.20764","166614.3","75135.78"
"238.925013892673","200","186","999999","153.185648808416","LF","1072789","0.1331185","53011.04","387488.2","55.88111","33556.11","13.28469","5.858958","1721","104036","33556.11","10326","15100.25","215032.5","440599.8","0","2.474512","62412.76","186.0004","158.1003","1.262608","41.09596","170997.5","63701.81"
"226.018080573584","200","188","999999","156.774273784476","LF","1072798","0.1342405","53788.3","377448.6","54.89038","33921.67","13.66143","5.808599","1739","105185.9","33921.67","10434","15264.75","203416.3","416798.2","0","2.50112","62366.68","188.0004","159.8003","1.267015","40.0694","173675.5","58496.5"
"241.273504845077","200","195","999999","162.546898779023","LF","1072818","0.1321349","52458.46","394660.2","56.68662","33182.81","13.22072","5.8872","1701","102897.5","33182.81","10206","14932.26","217146.2","444930.6","0","2.594247","64802.04","195.0004","165.7503","1.262602","41.97057","169131.6","68359.21"
"239.747485213327","200","180","999999","156.777289940092","LF","1072833","0.1324598","52989.85","387805.9","55.90374","33670.08","13.29035","5.86149","1727","104385.9","33670.08","10362","15151.54","215772.7","442116.5","0","2.394689","60769.14","180.0004","153.0003","1.264759","41.3138","171884.8","66827.49"
"251.342290359925","200","162","999999","157.209439143804","LF","1072854","0.1306946","52522.29","393870.9","56.33172","33762.05","13.17091","5.898586","1730","104709.1","33762.05","10380","15192.92","226208.1","463498.4","0","2.15522","56037.96","162.0003","137.7003","1.266918","42.16711","172580.7","75301.73"
"222.955825910165","200","191","999999","150.669633382214","LF","1072863","0.1352269","54090.21","373611.1","54.44601","34004.55","13.75044","5.791786","1743","105448.4","34004.55","10458","15302.05","200660.3","411151.1","0","2.541031","62918.66","191.0004","162.3503","1.265553","39.47632","174122.8","54024.47"
"230.501392999295","200","200","999999","158.801111179004","LF","1072873","0.1338881","53202.87","385091.6","55.74088","33438.7","13.44426","5.841098","1715","103671.4","33438.7","10290","15047.41","207451.3","425065.8","0","2.660766","65681.3","200.0004","170.0003","1.270272","40.77928","170671.4","60166.49"
"259.187812101253","200","192","999999","164.480567147561","LF","1072883","0.1298957","51229.48","410613.2","58.15821","32606.03","12.73804","5.964863","1673","101074.2","32606.03","10038","14672.71","233269","477966.2","0","2.554335","64319.35","192.0004","163.2003","1.258703","43.7429","166259","79224.8"
"225.835845805084","200","190","999999","162.800360186776","LF","1072903","0.1338424","53630.63","379592.4","55.10145","33820.16","13.5991","5.817142","1732","104911","33820.16","10392","15219.07","203252.3","416462.1","0","2.527727","62847","190.0004","161.5003","1.265283","40.336","173498.5","60395.93"
"230.521454042326","200","168","999999","162.150953078332","LF","1072905","0.1326152","53745.05","378114.6","54.91708","34300.37","13.56598","5.81651","1757","106391.6","34300.37","10542","15435.17","207469.3","425102.8","0","2.235043","57339.24","168.0003","142.8003","1.269716","40.57104","175748.4","66135.04"
"230.794697641753","200","166","999999","145.285689732293","LF","1072914","0.134299","54156.79","372800.9","54.21989","34459.14","13.63587","5.797939","1765","106887","34459.14","10590","15506.61","207715.2","425606.7","0","2.208436","56814.49","166.0003","141.1003","1.271964","39.59","176026.6","58294"
"217.948637419519","200","169","999999","160.833170251571","LF","1072917","0.1343582","54632.54","366653.7","53.63076","34674.89","13.80204","5.76207","1773","107623.8","34674.89","10638","15603.7","196153.8","401917.4","0","2.248347","57004.72","169.0003","143.6503","1.271861","39.15702","178805.1","58023.6"
"230.982618733101","200","174","999999","155.027362831081","LF","1072959","0.1334238","53766.42","377892.6","54.88289","34182.27","13.55233","5.816123","1752","106002","34182.27","10512","15382.02","207884.4","425953.3","0","2.314866","58917.13","174.0004","147.9003","1.267484","40.30861","174655","62373.7"
"246.559436889946","200","169","999999","158.086487870152","LF","1072986","0.1312635","52709.77","391579.4","56.1797","33758.65","13.21269","5.884521","1730","104694.7","33758.65","10380","15191.39","221903.5","454678.3","0","2.248347","57823.19","169.0003","143.6503","1.261558","41.88012","172388.6","72627.47"
"236.748276508644","200","183","999999","164.391051061725","LF","1073022","0.1321549","52978.52","388140.8","56.00923","33632.84","13.27899","5.859428","1726","104250.2","33632.84","10356","15134.78","213073.5","436585.7","0","2.434601","61510.1","183.0004","155.5503","1.26139","41.48519","172044","68383.45"
"231.802560895075","200","155","999999","146.480975382854","LF","1073026","0.1337606","54280.33","371316.6","54.01313","34719.25","13.69687","5.79455","1778","107701","34719.25","10668","15623.66","208622.3","427465.3","0","2.062093","53900.54","155.0003","131.7503","1.276914","39.60733","177664.1","60846.41"
"231.171844942092","200","168","999999","152.06527210401","LF","1073047","0.1335579","53944.79","375674.3","54.60004","34361.91","13.61935","5.808729","1761","106563.7","34361.91","10566","15462.86","208054.7","426302.2","0","2.235043","57361.82","168.0003","142.8003","1.269716","40.07434","175592.5","61800.13"
"217.886475664152","200","175","999999","146.287804529876","LF","1073056","0.1357674","54869.12","363734.2","53.31464","34664.73","13.86074","5.7506","1776","107514.3","34664.73","10656","15599.13","196097.8","401802.8","0","2.32817","58536.7","175.0004","148.7503","1.272271","38.54876","177911","51691.02"
"258.659475915092","200","169","999999","156.351297080122","LF","1073088","0.1303819","51915.52","401948.9","57.0684","33269.83","12.95773","5.936807","1706","103155.4","33269.83","10236","14971.42","232793.5","476991.9","0","2.248347","58065.63","169.0003","143.6503","1.256649","42.79855","170169.8","76963.27"
"239.829045522169","200","175","999999","154.815748130794","LF","1073098","0.1325444","53146.9","386040.9","55.6819","33836.31","13.33631","5.856307","1736","104890.7","33836.31","10416","15226.34","215846.1","442266.9","0","2.32817","59383.55","175.0004","148.7503","1.265613","41.14045","172661.1","66582.2"
"255.061989260636","200","196","999999","165.071961478782","LF","1073132","0.1303803","51444.88","408077.4","57.98181","32656.71","12.78453","5.951129","1677","101200.3","32656.71","10062","14695.52","229555.8","470357.8","0","2.60755","65364.53","196.0004","166.6003","1.263028","43.47136","166324","76997.31"
"242.407777742943","200","197","999999","154.706937145977","LF","1073149","0.1329378","52548.33","393829.1","56.56061","33144.24","13.22532","5.886322","1701","102734.1","33144.24","10206","14914.91","218167","447022.3","0","2.620854","65398.85","197.0004","167.4503","1.264646","41.64989","168522.4","64758.54"
"229.155682083719","200","182","999999","160.367223519634","LF","1073156","0.1334101","53630.2","379850.3","55.13996","33968.29","13.48391","5.821431","1742","105317","33968.29","10452","15285.73","206240.1","422584.2","0","2.421297","61024.89","182.0004","154.7003","1.27017","40.5042","173820.7","62551.69"
"218.241589812476","200","153","999999","154.536761574374","LF","1073179","0.1343521","55087.98","361028.5","53.00763","35204.69","13.99669","5.741426","1801","109248","35204.69","10806","15842.11","196417.4","402457.6","0","2.035486","52961.15","153.0003","130.0503","1.283958","38.74188","181114.1","58202.41"
"209.478064256019","200","160","999999","147.294990176842","LF","1073195","0.1362175","55732","352718.8","52.04943","35335.27","14.21725","5.701059","1808","109646.2","35335.27","10848","15900.87","188530.3","386296.9","0","2.128613","54256.91","160.0003","136.0003","1.281465","37.56057","182583.5","49749.9"
"242.523590914709","200","183","999999","164.158206017146","LF","1073197","0.1315096","52595.43","393268.7","56.49592","33471.77","13.14943","5.884972","1717","103767.3","33471.77","10302","15062.3","218271.2","447235.9","0","2.434601","61632.89","183.0004","155.5503","1.260239","42.03831","170855.6","71568.11"
"245.560784824173","200","197","999999","167.862060224193","LF","1073207","0.1312232","52028.05","400613.3","57.30414","32967.33","13.07305","5.914009","1691","102206.2","32967.33","10146","14835.3","221004.7","452836.8","0","2.620854","65440.66","197.0004","167.4503","1.265216","42.71648","167905.5","72951.74"
"244.388537415624","200","166","999999","153.344624520297","LF","1073216","0.1320034","53046.78","387453.1","55.71497","33936.41","13.31119","5.868035","1740","105226.2","33936.41","10440","15271.38","219949.7","450675","0","2.208436","57022.03","166.0003","141.1003","1.265513","41.33213","173285.9","69218.29"
"251.536258183175","200","669","999999","157.303682248421","LF","1073256","0.1420366","42733.07","520823.8","69.49081","21760.42","11.33913","7.073034","1141","66911.37","21760.42","6846","9792.188","226382.6","463856.1","0","8.900261","160124.8","669.0013","568.6511","0.7720393","47.17994","111416.3","24815.29"
"243.455676189853","200","170","999999","160.846481912566","LF","1073268","0.1313374","52864.25","389864.1","56.05915","33845.4","13.25224","5.874937","1735","104951.4","33845.4","10410","15230.43","219110.1","448954.7","0","2.261651","58103.71","170.0003","144.5003","1.261004","41.78002","172810.7","72437.69"
"247.078899533644","200","168","999999","169.299329856605","LF","1073308","0.1299942","52457.63","395160.8","56.61359","33738.55","13.1332","5.898285","1729","104631.7","33738.55","10374","15182.35","222371","455636.3","0","2.235043","57562.48","168.0003","142.8003","1.261413","42.60469","172469.7","78992.86"
"235.725269419566","200","175","999999","149.249344268495","LF","1073326","0.1336376","53579.4","380677.5","55.11042","34021.09","13.46489","5.832593","1746","105452","34021.09","10476","15309.49","212152.8","434699.1","0","2.32817","59372.07","175.0004","148.7503","1.266193","40.4185","173438.3","61591.08"
"248.20488553153","200","184","999999","156.229545724763","LF","1073393","0.1318125","52379.7","396253.3","56.69816","33309.78","13.06159","5.903415","1709","103258.2","33309.78","10254","14989.4","223384.4","457712.7","0","2.447905","61917.9","184.0004","156.4003","1.261586","42.09904","169509.8","70232.77"
"288.913124358956","200","737","999999","166.935185650048","LF","1073425","0.1387798","38605.47","574352.4","75.89731","18020.43","10.73771","7.399649","959","55098.46","18020.43","5754","8109.195","260021.8","532782.4","0","9.804922","187025.5","737.0015","626.4512","0.6200294","52.4912","89111.76","38626.14"
"217.377191979173","200","178","999999","154.505844103802","LF","1073463","0.1352424","54687.34","366491.2","53.63902","34542.36","13.89601","5.761654","1770","107128.8","34542.36","10620","15544.06","195639.5","400863.6","0","2.368082","59271.43","178.0004","151.3003","1.274177","38.93673","177521.5","54297.19"
"280.281816858601","200","682","999999","155.961136292528","LF","1073492","0.1394528","40529.86","549542","73.68182","19727.58","11.05302","7.196308","1055","60203.93","19727.58","6330","8877.411","252253.6","516865.5","0","9.073211","176210.3","682.0013","579.7012","0.7118486","50.83493","96511.81","35776.09"
"254.300687835818","200","197","999999","157.595087091944","LF","1073535","0.1314177","51683.27","405399.2","57.64931","32701.95","12.9449","5.942428","1680","101325.5","32701.95","10080","14715.88","228870.6","468953.9","0","2.620854","65624.27","197.0004","167.4503","1.263397","42.91495","166287.8","72208.8"
"213.173826706233","200","183","999999","146.526800281262","LF","1073536","0.1365533","55074.08","361564.5","53.07901","34617.55","14.01993","5.738988","1775","107336.5","34617.55","10650","15577.9","191856.4","393112.2","0","2.434601","60316.02","183.0004","155.5503","1.273952","38.18934","178005.9","48444.32"
"216.742006543138","200","155","999999","159.254095165029","LF","1073536","0.1342696","55071.83","361594","53.04952","35163.96","13.96679","5.743367","1798","109142","35163.96","10788","15823.78","195067.8","399692.3","0","2.062093","53431.61","155.0003","131.7503","1.281274","38.80406","181236.1","58787.79"
"93.6878064293057","200","110","999999","195.85466152696","CC","1073541","0.146762","63659.96","250575.4","26.50261","38771.45","18.70881","5.259817","1357","134209.4","38771.45","8142","17447.15","84319.02","172769","0","1.463421","52249.95","110.0002","93.50019","5.299385","22.69715","281664.7","6145.509"
"253.53392965954","200","155","999999","161.376307729568","LF","1073546","0.1298564","52461.93","395343.4","56.43104","33920.35","13.13739","5.90863","1737","105224.7","33920.35","10422","15264.16","228180.5","467539.9","0","2.062093","54206.1","155.0003","131.7503","1.271306","42.53431","173399.7","79812.56"
"258.21724622722","200","638","999999","158.963183611976","LF","1073643","0.140863","42858.84","519584.5","69.97912","21858.38","11.2421","6.999686","1155","67016.05","21858.38","6930","9836.272","232395.5","476176.4","0","8.487843","160344.8","638.0013","542.3011","0.8187534","47.96089","109983.1","29897.11"
"224.109804334859","200","149","999999","151.812431088063","LF","1073653","0.1338695","54856.66","364492.6","53.36381","35176.81","13.89581","5.761774","1802","109107.7","35176.81","10812","15829.56","201698.8","413279.2","0","1.98227","52112.13","149.0003","126.6503","1.282102","39.14413","180220.2","60703.96"
"258.004524162277","200","165","999999","174.978949423892","LF","1073656","0.1281546","51650.18","405947.8","57.63231","33426.36","12.88715","5.949984","1714","103641.4","33426.36","10284","15041.86","232204.1","475784.1","0","2.195132","56983.72","165.0003","140.2503","1.262775","43.96537","170927.1","88371.42"
"218.870121597992","200","178","999999","157.181591377724","LF","1073662","0.1348728","54536.7","368637.6","53.8787","34474.63","13.70987","5.771646","1767","106908.3","34474.63","10602","15513.58","196983.1","403616.7","0","2.368082","59374.29","178.0004","151.3003","1.272564","39.21353","177099.1","56093.89"
"262.762819832325","200","670","999999","153.571911284809","LF","1073701","0.1411212","42053.15","530058.1","71.16466","21054.8","11.32471","7.09582","1120","64386.88","21054.8","6720","9474.662","236486.5","484558.9","0","8.913566","166596.8","670.0013","569.5012","0.7506773","48.60211","105320.6","28850.32"
"243.461345225534","200","153","999999","157.783079359664","LF","1073720","0.131247","53298.72","384700.1","55.39532","34385.24","13.39958","5.858891","1760","106684.7","34385.24","10560","15473.36","219115.2","448965.2","0","2.035486","53544.66","153.0003","130.0503","1.274269","41.36065","175586.9","73140.01"
"246.698563965872","200","205","999999","157.175197616953","LF","1073756","0.1325059","52084.65","400431.3","57.26297","32775.85","13.04789","5.915683","1685","101527.8","32775.85","10110","14749.13","222028.7","454934.9","0","2.727285","67682.79","205.0004","174.2504","1.265706","42.3079","166364.2","67148.38"
"274.221642863945","200","665","999999","160.984039274497","LF","1073784","0.1395827","41186.49","541344.7","72.68447","20355.11","11.08985","7.138767","1084","62220.13","20355.11","6504","9159.8","246799.5","505690","0","8.847046","171401.9","665.0013","565.2512","0.7536137","50.16835","100327.2","35383.37"
"217.351385711906","200","181","999999","159.073783251776","LF","1073857","0.1350576","54555.57","368588.4","53.85802","34418.89","13.88474","5.770713","1764","106738.6","34418.89","10584","15488.5","195616.3","400816","0","2.407993","60073.66","181.0004","153.8503","1.274476","39.15606","177058.8","55362.87"
"207.849634379644","200","162","999999","151.967847608563","LF","1073860","0.1361996","55749.71","353155","52.0596","35314.63","14.17967","5.703684","1807","109580.9","35314.63","10842","15891.58","187064.7","383293.9","0","2.15522","54580.91","162.0003","137.7003","1.281756","37.5948","182806.4","50207.97"
"218.975220892554","200","153","999999","159.312390799506","LF","1073892","0.1339567","54981.18","363121.4","53.22283","35179.76","13.92151","5.752199","1800","109164.6","35179.76","10800","15830.89","197077.7","403810.5","0","2.035486","52996.34","153.0003","130.0503","1.283958","39.0295","180913.5","60437.91"
"284.208676697207","200","748","999999","154.146020621142","LF","1073893","0.140122","39053.26","569031.6","75.37833","18371.01","10.93464","7.39116","982","56074.05","18371.01","5892","8266.955","255787.8","524107","0","9.951263","186183.9","748.0015","635.8013","0.6229363","51.66888","89893.91","33153.59"
"211.696541044066","200","169","999999","149.410799483049","LF","1073953","0.136137","55413.02","357600.1","52.58849","35062.31","14.029","5.724122","1795","108777.8","35062.31","10770","15778.04","190526.9","390387.9","0","2.248347","56682.25","169.0003","143.6503","1.273844","37.97457","180541.8","50540.96"
"248.652487712009","200","201","999999","161.294180702203","LF","1073955","0.1317429","51945.71","402425.5","57.45769","32816.6","13.00637","5.925588","1687","101656.1","32816.6","10122","14767.47","223787.2","458538.1","0","2.67407","66618.11","201.0004","170.8503","1.263733","42.69092","166609.2","70895.23"
"235.001221606349","200","148","999999","161.150186818101","LF","1074002","0.1316774","53928.06","376846.2","54.68574","34787.96","13.55868","5.820507","1784","107859.1","34787.96","10704","15654.58","211501.1","433363.9","0","1.968967","52123.41","148.0003","125.8003","1.27866","40.73386","178040.6","71236.87"
"245.419681666368","200","211","999999","162.94242954098","LF","1074034","0.1322438","51945.25","402510.4","57.53412","32654.34","12.99083","5.92186","1678","101168.1","32654.34","10068","14694.45","220877.7","452576.5","0","2.807108","69281.53","211.0004","179.3504","1.270946","42.59972","165620.8","68553.3"
"272.881219378549","200","763","999999","163.396660293978","LF","1074064","0.1410209","39350.33","565362.1","74.16388","18651.1","10.83788","7.431547","984","57216.65","18651.1","5904","8392.996","245593.1","503218.1","0","10.15082","181619.7","763.0015","648.5513","0.6171543","50.52888","94998.83","29468"
"218.812116199179","200","202","999999","155.479035559248","LF","1074107","0.1357639","54150.53","374074.6","54.49762","33869.22","13.68884","5.792994","1738","104985.8","33869.22","10428","15241.15","196930.9","403509.7","0","2.687373","65432.48","202.0004","171.7003","1.272646","39.413","173486.4","52305.39"
"201.558476564309","200","158","999999","148.048414554693","LF","1074185","0.1371692","56381.14","345317.2","51.12717","35653.97","14.42463","5.667963","1824","110642","35653.97","10944","16044.29","181402.6","371692.4","0","2.102005","53160.21","158.0003","134.3003","1.281049","36.70382","185414.8","46080.01"
"250.390197875091","200","171","999999","148.807937769643","LF","1074209","0.1323331","52714.36","392743.6","56.11472","33630.02","13.13922","5.89765","1725","104260.5","33630.02","10350","15133.51","225351.2","461742.6","0","2.274955","58442.73","171.0003","145.3503","1.261641","41.55137","171304.6","68231.74"
"255.113560747776","200","205","999999","157.057890652676","LF","1074210","0.1317035","51536.64","407969.6","57.93126","32488.6","12.86314","5.95364","1671","100621","32488.6","10026","14619.87","229602.2","470452.9","0","2.727285","67837.35","205.0004","174.2504","1.264872","43.05544","164800.8","71234.27"
"212.466043278805","200","200","999999","153.428443453065","LF","1074229","0.1366358","54688.07","367248","53.66821","34157.16","13.86351","5.763077","1751","105917.8","34157.16","10506","15370.72","191219.4","391807","0","2.660766","64303.13","200.0004","170.0003","1.274148","38.60012","175853.3","48469.52"
"202.179908661174","200","175","999999","149.358136635223","LF","1074236","0.1374785","55982.63","350519.3","51.68581","35221.63","14.33032","5.690694","1801","109319.8","35221.63","10806","15849.73","181961.9","372838.4","0","2.32817","57231.82","175.0004","148.7503","1.277274","37.00741","182708","44745.35"
"259.341019105653","200","699","999999","152.77936396779","LF","1074270","0.141945","41792.93","533990.8","71.10245","20843.27","11.15337","7.18168","1104","63845.3","20843.27","6624","9379.473","233406.9","478248.8","0","9.299376","167851.8","699.0014","594.1512","0.732245","48.28881","105330.8","25744.43"
"217.148915055873","200","201","999999","162.047945389305","LF","1074320","0.1355316","54149.75","374298.4","54.45724","33879.23","13.67521","5.793976","1736","105072.6","33879.23","10416","15245.65","195434","400442.6","0","2.67407","65000.55","201.0004","170.8503","1.272499","39.45744","174180.2","53476.58"
"246.341645712223","200","210","999999","163.40334598322","LF","1074328","0.1320977","51912.5","403228.5","57.59246","32653.13","12.97006","5.926248","1679","101140.8","32653.13","10074","14693.91","221707.5","454276.7","0","2.793804","69035.86","210.0004","178.5004","1.269713","42.69727","165649.4","69420.55"
"256.977601005788","200","158","999999","152.172881069158","LF","1074385","0.130973","52442.66","396431.7","56.36393","33740.77","13.07148","5.920232","1729","104641.1","33740.77","10374","15183.34","231279.8","473890.4","0","2.102005","55038.89","158.0003","134.3003","1.266193","42.16103","172249.8","74856.18"
"211.459261077317","200","160","999999","157.117759644506","LF","1074388","0.1353835","55458.43","357448.7","52.53744","35238.82","14.04892","5.725013","1803","109348.4","35238.82","10818","15857.47","190313.3","389950.4","0","2.128613","54386.68","160.0003","136.0003","1.281276","38.16614","182012.7","54185.96"
"237.438264688705","200","146","999999","153.992382500535","LF","1074436","0.1321917","53996.75","376392.2","54.52979","34821.68","13.52816","5.823527","1786","107957.6","34821.68","10716","15669.76","213694.4","437858.1","0","1.942359","51606.16","146.0003","124.1003","1.278859","40.48475","177925.2","69035.98"
"210.761514450583","200","170","999999","159.567614285005","LF","1074446","0.1356353","55261.24","360055.7","52.80739","34964.98","13.9421","5.734926","1788","108520.5","34964.98","10728","15734.24","189685.4","388663.7","0","2.261651","56862.02","170.0003","144.5003","1.27381","38.28006","180661.2","53079.56"
"270.107297442494","200","729","999999","163.273698593425","LF","1074470","0.1409237","40235.2","554328.7","73.26187","19448.74","10.97537","7.323462","1028","59621.05","19448.74","6168","8751.933","243096.6","498102.8","0","9.698491","177071.5","729.0015","619.6512","0.6668108","50.02711","98076.88","30097.13"
"248.574495478906","200","643","999999","154.279349276821","LF","1074544","0.1421929","43611.89","510750.8","68.55395","22554.47","11.42976","6.983139","1187","69256.22","22554.47","7122","10149.51","223717","458394.3","0","8.554361","155747.3","643.0013","546.5511","0.8178627","46.6076","114565.8","24873.48"
"297.417518669999","200","738","999999","160.72249352491","LF","1074572","0.138404","38226.94","580392.5","76.76633","17682.45","10.70428","7.430346","949","53887.94","17682.45","5694","7957.102","267675.8","548465.3","0","9.818226","190469.6","738.0015","627.3013","0.6137038","53.27661","85649.07","40891.45"
"213.326768309389","200","155","999999","161.598413859027","LF","1074599","0.1347036","55337.41","359223.6","52.74269","35264.7","14.01027","5.734002","1805","109413.6","35264.7","10830","15869.11","191994.1","393394.3","0","2.062093","53276.36","155.0003","131.7503","1.282394","38.50537","182208.8","57405.3"
"246.43362623642","200","154","999999","143.763000331493","LF","1074717","0.133018","53474.93","383419.2","54.99203","34295.59","13.38311","5.862566","1756","106393.5","34295.59","10536","15433.01","221790.3","454446.3","0","2.04879","53827.7","154.0003","130.9003","1.271775","40.57415","174899","65294.16"
"217.731726399933","200","164","999999","166.191367845511","LF","1074737","0.1341092","54760.8","366816","53.58957","34872.43","13.77025","5.767591","1784","108217","34872.43","10704","15692.59","195958.5","401517.4","0","2.181828","55780.15","164.0003","139.4003","1.277893","39.26924","179485.9","60220.5"
"214.684322408732","200","181","999999","162.515788131344","LF","1074747","0.1353042","54730.25","367220.6","53.65047","34494.1","13.8392","5.765922","1768","106968.6","34494.1","10608","15522.34","193215.9","395897.7","0","2.407993","59944.06","181.0004","153.8503","1.273087","38.9714","177821.7","54750.89"
"274.655816346452","200","702","999999","166.334357182136","LF","1074809","0.1399507","40395.87","552590.6","73.45699","19649.49","10.90101","7.26513","1041","60183.48","19649.49","6246","8842.271","247190.2","506490.7","0","9.339288","176240.6","702.0014","596.7012","0.7079378","50.56132","97501.8","34384.89"
"225.933309399224","200","145","999999","158.262876034533","LF","1074814","0.1330456","54747.18","367068.8","53.61671","35259.09","13.81058","5.776654","1806","109367.7","35259.09","10836","15866.59","203340","416641.9","0","1.929055","51111.86","145.0003","123.2502","1.281475","39.59962","180486.3","65220.85"
"206.919982404879","200","174","999999","140.80597844099","LF","1074818","0.1376333","55915.48","351969.8","51.89674","35240.94","14.28283","5.700533","1805","109313","35240.94","10830","15858.42","186228","381579.5","0","2.314866","57485.1","174.0004","147.9003","1.276028","37.13078","181270.5","44393.12"
"251.125417790514","200","693","999999","160.402258983057","LF","1074859","0.1425155","42349.59","527383.6","69.77924","21372.97","11.16778","7.164672","1114","65868.25","21372.97","6684","9617.838","226012.9","463098.4","0","9.219553","162126.2","693.0014","589.0512","0.7387425","47.25016","110442.8","23720.93"
"209.492223372989","200","178","999999","159.322308273786","LF","1074903","0.1361163","55235.88","360839.7","52.86514","34800.94","14.01094","5.73842","1781","107980.6","34800.94","10686","15660.42","188543","386323","0","2.368082","58693.96","178.0004","151.3003","1.275303","38.20699","179948.8","51173.41"
"262.294713852213","200","170","999999","184.121767527744","LF","1074949","0.1270884","51142.61","413801.8","58.40284","33179.54","12.68617","5.98547","1702","102861.5","33179.54","10212","14930.79","236065.3","483695.7","0","2.261651","58385.14","170.0003","144.5003","1.258923","44.94626","169302.3","94594.8"
"261.161598937332","200","638","999999","163.883182268445","LF","1074983","0.1405449","42643.34","523710.4","70.43235","21679.34","11.25709","7.030899","1146","66456.92","21679.34","6876","9755.704","235045.4","481606.1","0","8.487843","161907.3","638.0013","542.3011","0.8145042","48.42807","108482.8","31969.36"
"229.257272710588","200","158","999999","139.596443822496","LF","1075056","0.1352123","54716.29","367710.5","53.50499","34882.02","13.73404","5.78423","1788","108169","34882.02","10728","15696.91","206331.5","422771.6","0","2.102005","54640.37","158.0003","134.3003","1.276875","38.91081","177791.7","55345.64"
"287.311797261247","200","743","999999","145.365737300306","LF","1075061","0.1405041","39228.02","567940.3","75.55374","18416.83","10.77146","7.374989","994","56002.09","18416.83","5964","8287.573","258580.6","529829.4","0","9.884745","187248.4","743.0015","631.5513","0.6219815","51.70298","88688.95","32184.23"
"240.056108145282","200","220","999999","152.081900653115","LF","1075085","0.1343418","52477.97","396675.1","56.93492","32710.73","13.08329","5.89775","1685","101251.8","32710.73","10110","14719.83","216050.5","442685.6","0","2.926842","71483.75","220.0004","187.0004","1.266913","41.56739","165336.9","59347.07"
"262.638299563558","200","653","999999","150.269358246976","LF","1075094","0.141237","42574.96","524705.3","70.77781","21515.28","11.22435","7.046442","1150","65672.97","21515.28","6900","9681.877","236374.5","484329.3","0","8.6874","164501","653.0013","555.0511","0.7856984","48.40171","106393.2","29130.63"
"277.604704925808","200","701","999999","160.623606109233","LF","1075103","0.1399474","40365.16","553281.3","73.75959","19580.67","10.91847","7.259559","1044","59825.33","19580.67","6264","8811.304","249844.2","511928.7","0","9.325984","177604.2","701.0014","595.8512","0.7068837","50.78028","96108.53","34561.3"
"262.196578670806","200","178","999999","150.307103420755","LF","1075123","0.1314455","51792.91","405569.1","57.26651","33002.7","12.804","5.960164","1693","102311.7","33002.7","10158","14851.22","235976.9","483514.7","0","2.368082","60588.77","178.0004","151.3003","1.254979","42.68229","168062.7","73009.44"
"220.364254717744","200","193","999999","167.164037738109","LF","1075156","0.1346601","54026.57","376727","54.67364","33996.91","13.61","5.808564","1741","105460.4","33996.91","10446","15298.61","198327.8","406372","0","2.567639","63200.46","193.0004","164.0503","1.267123","39.88088","174481.8","57924.87"
"234.399210069065","200","145","999999","167.849241839673","LF","1075261","0.1311837","53969.89","377564.1","54.73172","34943.95","13.49391","5.826349","1791","108364.9","34943.95","10746","15724.78","210959.3","432253.8","0","1.929055","51262.51","145.0003","123.2502","1.277844","40.96084","178655.5","74353.39"
"300.360552015907","200","781","999999","161.095498950762","LF","1075263","0.1387367","37235.29","593903.1","77.91817","16806.08","10.51113","7.558642","902","51216.4","16806.08","5412","7562.734","270324.5","553892.6","0","10.39029","197015.9","781.0016","663.8513","0.5725114","53.92913","81170.01","39836.85"
"204.906714306326","200","195","999999","149.072766450451","LF","1075361","0.1378662","55499.67","357887.9","52.52192","34665.43","14.03903","5.7247","1777","107495","34665.43","10662","15599.44","184416","377866.9","0","2.594247","62298.07","195.0004","165.7503","1.272697","37.51546","178972","43677.23"
"271.094701512942","200","183","999999","159.510379933876","LF","1075370","0.1295186","50882.3","417588.3","58.49709","32558.16","12.54146","6.034925","1670","100937.9","32558.16","10020","14651.17","243985.2","499923.6","0","2.434601","62112.25","183.0004","155.5503","1.255778","44.21037","165618.5","82570.06"
"267.883207997712","200","188","999999","160.003232094424","LF","1075413","0.1298658","51001.05","416095.8","58.44175","32538.47","12.56639","6.007052","1671","100832.3","32538.47","10026","14642.31","241094.9","494001.3","0","2.50112","63418.19","188.0004","159.8003","1.257016","44.05825","165376.6","80878.51"
"256.483377489637","200","233","999999","167.628763429695","LF","1075414","0.1313207","50747.55","419373.7","59.25033","31677.2","12.75285","5.996119","1633","98025.18","31677.2","9798","14254.74","230835","472979","0","3.099792","75438.7","233.0005","198.0504","1.255525","44.16795","160112.4","73781.95"
"279.430600829343","200","762","999999","170.935849188093","LF","1075440","0.1401671","38845.16","573268.3","75.12296","18264.07","10.77948","7.469668","965","55997.88","18264.07","5790","8218.833","251487.5","515295.8","0","10.13752","185162.7","762.0015","647.7013","0.6115395","51.54086","91648.77","33815.96"
"209.244127079823","200","192","999999","159.231963652233","LF","1075442","0.1366373","55026.25","364089.3","53.19967","34474.71","13.87162","5.752698","1765","106953","34474.71","10590","15513.62","188319.7","385865.5","0","2.554335","62014.62","192.0004","163.2003","1.272872","38.31482","177985.9","49149.82"
"249.107105140696","200","665","999999","161.643332009065","LF","1075489","0.1423683","43051.57","518939.4","69.04836","22067.28","11.24577","7.082191","1154","67923.47","22067.28","6924","9930.275","224196.4","459376.5","0","8.847046","158160.3","665.0013","565.2512","0.7808174","46.88223","112944.3","24666.58"
"243.371834342891","200","614","999999","156.614966925418","LF","1075506","0.1423265","44555.11","499519.2","67.26345","23417.69","11.60375","6.884131","1227","72027.26","23417.69","7362","10537.96","219034.7","448800.1","0","8.16855","149556.6","614.0012","521.9011","0.8582821","45.78696","119329.9","24847.13"
"310.174290992607","200","757","999999","164.675105324015","LF","1075523","0.1372301","36953.22","597809.4","78.40911","16664.43","10.5597","7.551889","895","50771.39","16664.43","5370","7498.996","279156.9","571990","0","10.071","196979.9","757.0015","643.4513","0.5753933","54.87038","80124.36","46564.92"
"231.828388201573","200","191","999999","176.939746124737","LF","1075530","0.1324361","53069.14","389477.5","56.05189","33613.77","13.29486","5.867083","1722","104258.1","33613.77","10332","15126.2","208645.5","427512.9","0","2.541031","63409.95","191.0004","162.3503","1.265316","41.52828","171825.7","68514.45"
"267.546046562176","200","186","999999","156.508750489665","LF","1075550","0.1303518","51154.91","414244.1","58.18717","32608.5","12.59961","5.996891","1674","101062.5","32608.5","10044","14673.83","240791.4","493379.6","0","2.474512","62838.21","186.0004","158.1003","1.253953","43.71564","165812.6","78571.72"
"287.537671889601","200","674","999999","150.883234842185","LF","1075576","0.1392288","40458.42","552548.9","74.2058","19692.25","10.99851","7.213147","1060","59943.34","19692.25","6360","8861.512","258783.9","530246","0","8.966781","177766.2","674.0013","572.9011","0.7238479","51.38293","94197.93","37891.42"
"242.829712968968","200","148","999999","150.61080447271","LF","1075608","0.1323107","53751.89","380730","54.85358","34648.66","13.40317","5.849504","1778","107401.8","34648.66","10668","15591.9","218546.7","447800.4","0","1.968967","52219.43","148.0003","125.8003","1.277069","40.72276","176499.4","69155.93"
"272.197170662748","200","782","999999","157.232212475995","LF","1075633","0.1417621","39294.95","567647.1","74.27768","18535.34","10.74951","7.479943","981","56792.6","18535.34","5886","8340.902","244977.5","501956.7","0","10.40359","182929.3","782.0016","664.7014","0.610432","50.40976","94180.34","27243.98"
"221.596327648005","200","186","999999","139.451029450147","LF","1075748","0.136749","54765","367772","53.6587","34449.65","13.78438","5.776655","1770","106735.9","34449.65","10620","15502.34","199436.7","408644.1","0","2.474512","61562.9","186.0004","158.1003","1.267253","38.60806","175257.8","48825.29"
"239.119092509719","200","229","999999","150.200691595442","LF","1075756","0.1349453","52464.69","397517.4","57.0515","32582.91","13.0347","5.901166","1679","100843.2","32582.91","10074","14662.31","215207.2","440957.7","0","3.046577","73811.91","229.0005","194.6504","1.263987","41.49143","163999.8","56963.07"
"235.896497169572","200","171","999999","182.865575495108","LF","1075837","0.1308596","53058.93","389916.5","56.04058","34002.42","13.20343","5.874382","1742","105461.6","34002.42","10452","15301.09","212306.8","435014.9","0","2.274955","58275.41","171.0003","145.3503","1.263134","42.01368","174100.1","76264.42"
"274.313686375489","200","178","999999","174.793117965394","LF","1075850","0.1271348","50437.38","423820.3","59.19925","32621.32","12.43264","6.106151","1674","101116.9","32621.32","10044","14679.59","246882.3","505859.8","0","2.368082","60745.05","178.0004","151.3003","1.253316","45.55614","165962.6","94904.8"
"261.8993859403","200","187","999999","145.747391120281","LF","1075865","0.1324747","51802.74","406183.7","57.29244","32802.9","12.75095","5.964189","1684","101664.6","32802.9","10104","14761.3","235709.5","482966.6","0","2.487816","62999.53","187.0004","158.9503","1.254523","42.4074","166631.6","68527.31"
"243.255635778992","200","204","999999","142.998430204887","LF","1075891","0.1348314","52837.77","392829.6","56.30189","33109.45","13.1687","5.891398","1704","102520.1","33109.45","10224","14899.25","218930.1","448585.8","0","2.713981","67374.12","204.0004","173.4003","1.265496","41.0038","167207","57561.56"
"197.904720284833","200","180","999999","153.419296841684","LF","1075969","0.1381756","56223.39","349140","51.35623","35241.75","14.30412","5.688307","1802","109382.9","35241.75","10812","15858.79","178114.3","364954.6","0","2.394689","57913.39","180.0004","153.0003","1.27523","36.65627","183625.8","42666.41"
"299.248514487339","200","730","999999","171.208013659829","LF","1075974","0.1376155","38119.34","583186.1","76.90695","17677.05","10.67712","7.448582","947","53909.4","17677.05","5682","7954.672","269323.7","551841.9","0","9.711795","189997.7","730.0015","620.5012","0.6184313","53.74932","85759.77","45120.96"
"271.039111365277","200","191","999999","161.091974579289","LF","1075976","0.1295854","50741.66","420012.8","58.80507","32362.37","12.65362","6.060307","1663","100263.4","32362.37","9978","14563.06","243935.2","499821.1","0","2.541031","64302.79","191.0004","162.3503","1.255751","44.43822","164327.8","82601.09"
"307.031242653724","200","783","999999","170.002529212603","LF","1076020","0.1375983","36584.07","603078.9","78.71263","16333.24","10.46938","7.612826","874","49833.59","16333.24","5244","7349.958","276328.1","566193.9","0","10.4169","199640.8","783.0016","665.5513","0.5439394","54.92668","78936.24","45222.2"
"272.811864503155","200","725","999999","172.158041979528","LF","1076026","0.1404454","40038.44","558428.1","73.6385","19346.92","10.9306","7.350525","1019","59389.16","19346.92","6114","8706.114","245530.7","503090.3","0","9.645276","177946.5","725.0015","616.2512","0.6778056","50.53316","96842.91","32962.88"
"274.136046724911","200","159","999999","170.50611439109","LF","1076031","0.1271601","50930.63","417624.3","58.43639","33184.58","12.5828","6.052313","1701","102905","33184.58","10206","14933.06","246722.4","505532.2","0","2.115309","55545.32","159.0003","135.1503","1.261416","44.99326","169159.5","94884.34"
"274.170111857803","200","685","999999","145.006918372021","LF","1076071","0.1410668","41351.01","541505.2","72.84189","20320.62","11.0133","7.172127","1097","61785.67","20320.62","6582","9144.279","246753.1","505595","0","9.113123","174199.3","685.0013","582.2512","0.7181418","49.82166","98465.3","30377.07"
"200.361981210107","200","155","999999","150.947042836783","LF","1076147","0.1372955","56606.93","344359.9","50.95077","35852.59","14.4183","5.668257","1835","111239.7","35852.59","11010","16133.66","180325.8","369486","0","2.062093","52359.55","155.0003","131.7503","1.287073","36.6208","186154.4","46627.89"
"249.10504308487","200","190","999999","191.295857406807","LF","1076260","0.1291087","51609.04","409083.3","57.99269","33015.46","12.71871","5.957942","1692","102388","33015.46","10152","14856.96","224194.5","459372.7","0","2.527727","63544.09","190.0004","161.5003","1.255674","44.01074","168488.6","85142.33"
"231.726533434069","200","187","999999","138.832295538698","LF","1076271","0.136007","54095.27","376953.6","54.56266","34098.61","13.4544","5.823174","1751","105669.6","34098.61","10506","15344.38","208553.9","427325.1","0","2.487816","62343.69","187.0004","158.9503","1.266737","39.46077","172467","52442.79"
"259.139572985683","200","211","999999","185.432686451716","LF","1076288","0.1288039","50642.59","421605.4","59.35225","32166.93","12.72846","6.028893","1654","99634.8","32166.93","9924","14475.12","233225.6","477877.3","0","2.807108","69558.12","211.0004","179.3504","1.263614","45.1244","163102","86685.16"
"276.839963998907","200","773","999999","149.300162588963","LF","1076331","0.1416437","39383.85","567196","74.71204","18664.89","10.80052","7.453618","998","56964.62","18664.89","5988","8399.202","249156","510518.4","0","10.28386","185059.6","773.0015","657.0513","0.6125768","50.77742","91679.45","28115.98"
"282.859721914933","200","645","999999","156.662584060323","LF","1076335","0.138924","41269.54","542822.5","73.1254","20539.53","11.08258","7.135767","1101","62624.62","20539.53","6606","9242.786","254573.8","521619.4","0","8.58097","171734","645.0013","548.2511","0.7929416","50.86338","98438.91","39625.37"
"269.049497197623","200","684","999999","172.205846897746","LF","1076386","0.1402733","41120.03","544806.3","72.4262","20295.98","10.91181","7.221186","1072","62235.68","20295.98","6432","9133.193","242144.5","496152.1","0","9.099819","171449.7","684.0013","581.4012","0.7265567","49.84084","101436.4","33888.6"
"267.638009737372","200","152","999999","169.996831743925","LF","1076518","0.1276889","51567.91","409873.3","57.70691","33672.32","12.75334","5.984928","1726","104417.5","33672.32","10356","15152.54","240874.2","493549.2","0","2.022182","53568.18","152.0003","129.2003","1.268395","44.29641","171400.5","92469"
"304.705552595609","200","785","999999","154.625815869103","LF","1076583","0.1389748","37107.71","596872.8","78.33819","16682.88","10.47731","7.582902","899","50760.84","16682.88","5394","7507.294","274235","561905.1","0","10.44351","199167.1","785.0016","667.2513","0.5534739","54.17041","79044.14","39544.5"
"206.975066469102","200","147","999999","153.553195824093","LF","1076585","0.1360948","56274.62","349093.5","51.52955","35890.25","14.29128","5.693298","1837","111354.9","35890.25","11022","16150.61","186277.6","381681.1","0","1.955663","50876.73","147.0003","124.9502","1.286894","37.35084","185243.2","52225.8"
"223.402192440878","200","236","999999","162.226067189736","LF","1076632","0.1359896","53212.26","388729.8","56.08123","32857.57","13.23029","5.858572","1692","101718.8","32857.57","10152","14785.91","201062","411974.3","0","3.139704","74257.1","236.0005","200.6004","1.268688","40.54214","167246.8","52726.44"
"294.794273657475","200","715","999999","156.254778043212","LF","1076660","0.1388727","39119.55","570941.3","75.93958","18517.86","10.81607","7.366685","997","56363.7","18517.86","5982","8333.036","265314.8","543627.8","0","9.512238","186308.7","715.0014","607.7512","0.6737203","52.69809","87930.82","40027.73"
"268.575098311825","200","192","999999","158.277173575175","LF","1076705","0.1303073","51015.51","417200.8","58.51854","32471.42","12.50829","6.0301","1670","100570.3","32471.42","10020","14612.14","241717.6","495277.3","0","2.554335","64541.08","192.0004","163.2003","1.258717","44.02243","164564.5","79474.95"
"239.20880938045","200","220","999999","173.177778878067","LF","1076750","0.1327185","52176.18","402241.3","57.50586","32688.46","12.92951","5.921566","1682","101224","32688.46","10092","14709.81","215287.9","441123.1","0","2.926842","71429.41","220.0004","187.0004","1.267721","42.53244","165460.1","67888.91"
"217.902001624527","200","233","999999","140.860710196154","LF","1076828","0.1381666","54164.14","376620","54.76446","33412.48","13.52432","5.808944","1723","103382.9","33412.48","10338","15035.61","196111.8","401831.4","0","3.099792","72907.99","233.0005","198.0504","1.267332","39.02375","169331.3","43186.5"
"255.666666666666","200","271","999999","160.708333333333","LF","1077068","0.1333601","50358.16","426062.5","60.11193","30810.79","12.55905","6.059105","1596","95174.12","30810.79","9576","13864.86","230100","471472.9","0","3.605338","85509.13","271.0005","230.3505","1.257689","44.19441","154024.3","65054.59"
"265.464340858225","200","237","999999","164.448658971742","LF","1077105","0.1310364","50249.61","427502.5","59.9368","31356.23","12.54003","6.110042","1619","96975.45","31356.23","9714","14110.3","238917.9","489540.7","0","3.153007","76778.55","237.0005","201.4504","1.253426","44.82454","157764.3","76155.23"
"197.848825982649","200","158","999999","151.252915941492","LF","1077122","0.1378036","56792.23","342939.8","50.72058","35892.43","14.42493","5.663696","1838","111342","35892.43","11028","16151.59","178063.9","364851.5","0","2.102005","52799.05","158.0003","134.3003","1.284224","36.36063","186616","44940.06"
"264.479988670609","200","212","999999","179.741862158482","LF","1077130","0.1287756","50448.65","424954.6","59.63747","32066.95","12.63899","6.083716","1651","99277.66","32066.95","9906","14430.13","238032","487725.5","0","2.820412","70001.2","212.0004","180.2004","1.263251","45.37859","161877.1","87333.04"
"305.579379043364","200","668","999999","159.123895522569","LF","1077160","0.1370222","39249.75","569758.6","75.81089","18853.59","10.84643","7.331084","1015","57387.27","18853.59","6090","8484.116","275021.4","563516.6","0","8.886957","181547","668.0013","567.8011","0.7054876","53.3688","89706.5","48409.49"
"267.206013063782","200","225","999999","159.563765053527","LF","1077224","0.1311608","50482.97","424604.5","59.50016","31656.54","12.60519","6.093233","1632","97959.81","31656.54","9792","14245.44","240485.4","492752.5","0","2.993361","73554.66","225.0004","191.2504","1.256431","44.47454","159340.4","75621.91"
"293.357335294657","200","749","999999","175.823895097229","LF","1077334","0.1384892","38160.1","584018.8","76.67666","17691.62","10.57252","7.492832","943","54059.84","17691.62","5658","7961.227","264021.6","540978","0","9.964567","190355","749.0015","636.6512","0.6155239","53.31977","86289.44","42065.05"
"264.509991890472","200","748","999999","167.128180033143","LF","1077359","0.1420249","40391.5","555197.4","72.71187","19553.01","10.82852","7.396997","1026","60107.27","19553.01","6156","8798.854","238059","487780.8","0","9.951263","175586.7","748.0015","635.8013","0.651333","49.39156","100016.1","27097.86"
"204.970593460126","200","141","999999","146.412441547209","LF","1077459","0.1368111","56763.55","343647.3","50.86717","36270.9","14.45702","5.672235","1856","112546.7","36270.9","11136","16321.91","184473.5","377984.7","0","1.87584","49088.59","141.0003","119.8502","1.288303","36.73232","186773.6","49516.67"
"279.399095051553","200","812","999999","151.784639190036","LF","1077522","0.1418664","38485.92","579994.6","75.62903","17808.71","10.57513","7.585623","949","54422.98","17808.71","5694","8013.917","251459.2","515237.7","0","10.80271","189730.7","812.0016","690.2014","0.5599889","51.31373","88764.25","27842.17"
"255.666666666667","200","301","999999","155.166666666667","LF","1077606","0.1347369","49948.2","431900","60.82878","30050.56","12.42532","6.118005","1562","92706.46","30050.56","9372","13522.75","230100","471472.9","0","4.004452","93238.1","301.0006","255.8505","1.247199","44.27276","149633.8","58979.49"
"228.233193156109","200","138","999999","138.684273502128","LF","1077687","0.135222","55399.06","361515.2","52.68555","35629.55","13.86914","5.76753","1827","110471.9","35629.55","10962","16033.3","205409.9","420883.1","0","1.835928","49206.95","138.0003","117.3002","1.281853","38.4298","181219.8","56806.38"
"270.404859824846","200","195","999999","153.577653961206","LF","1077857","0.1310523","51028.29","418187.7","58.51063","32377.04","12.63659","6.057235","1666","100259.1","32377.04","9996","14569.67","243364.4","498651.5","0","2.594247","65409.01","195.0004","165.7503","1.259785","43.82051","163700.8","76521.38"
"275.488423343478","200","170","999999","194.937855193953","LF","1077860","0.1248913","50198.3","428920.9","59.7096","32878.63","12.32557","6.171809","1688","101896.8","32878.63","10128","14795.38","247939.6","508026.1","0","2.261651","58561.92","170.0003","144.5003","1.259777","46.83067","167081.2","107908.6"
"270.401574248829","200","149","999999","160.883801701701","LF","1077905","0.1287604","51752.27","408876.6","57.37007","33737.51","12.70857","5.990722","1728","104649.5","33737.51","10368","15181.88","243361.4","498645.4","0","1.98227","52775.38","149.0003","126.6503","1.271052","43.74757","171406.9","87875.02"
"247.270925597843","200","171","999999","139.438798878526","LF","1077953","0.1344315","53438.51","387125.5","55.29944","33987.48","13.17919","5.885408","1746","105309.6","33987.48","10476","15294.36","222543.8","455990.4","0","2.274955","58362.16","171.0003","145.3503","1.261835","40.48461","171956.3","60584.27"
"301.137686303007","200","700","999999","169.753359610256","LF","1078025","0.1372369","38760.38","576949.9","76.36456","18362.95","10.73533","7.398846","986","55951.18","18362.95","5916","8263.326","271023.9","555325.7","0","9.31268","186030.2","700.0014","595.0012","0.6862028","53.6924","87666.12","47945.55"
"278.063113581386","200","193","999999","166.719891711178","LF","1078110","0.1284979","50248.39","428522.8","59.55393","32182.82","12.4374","6.181517","1655","99679.97","32182.82","9930","14482.27","250256.8","512774","0","2.567639","64997.98","193.0004","164.0503","1.258496","45.44703","162819.3","89320.99"
"295.622451109425","200","602","999999","172.340466447044","LF","1078135","0.1359115","40987.96","548262.4","73.44558","20756.09","10.90761","7.164607","1109","63364.94","20756.09","6654","9340.239","266060.2","545155.1","0","8.008904","167239.3","602.0012","511.701","0.8373896","52.32884","99579.13","53933.47"
"266.19756043005","200","160","999999","145.811563878576","LF","1078144","0.131768","52200.5","403321.3","56.68933","33506.26","12.81009","5.968201","1719","103869","33506.26","10314","15077.82","239577.8","490892.8","0","2.128613","55762.24","160.0003","136.0003","1.261416","42.28678","170254.8","73234.8"
"204.986132230591","200","139","999999","143.604011590279","LF","1078144","0.137081","56919.34","342318.7","50.69261","36395.6","14.48996","5.668527","1863","112919.9","36395.6","11178","16378.02","184487.5","378013.3","0","1.849232","48615.02","139.0003","118.1502","1.291555","36.56733","187063.2","48704.03"
"264.93324556505","200","148","999999","196.134248374611","LF","1078160","0.125454","51354","414280.2","58.24613","33872.63","12.63126","6.001801","1736","105044.6","33872.63","10416","15242.68","238439.9","488561.3","0","1.968967","52419.2","148.0003","125.8003","1.269593","45.53889","172530.4","105099.1"
"248.149191486475","200","140","999999","147.304349439629","LF","1078195","0.1324162","53813.06","382525.6","54.77433","34858.93","13.27511","5.871644","1788","108071.1","34858.93","10728","15686.52","223334.3","457610","0","1.862536","50003.07","140.0003","119.0002","1.278545","40.73085","176785.4","70166.09"
"195.511872950512","200","172","999999","157.143934660995","LF","1078202","0.1384172","56631","346103.9","50.88139","35596.36","14.36308","5.680407","1819","110508.7","35596.36","10914","16018.36","175960.7","360541.9","0","2.288259","55828.49","172.0004","146.2003","1.274979","36.34126","185456.9","42863.14"
"196.139313879203","200","206","999999","147.255715529204","LF","1078205","0.1397154","56159.48","352202.1","51.60682","34868.79","14.11034","5.706829","1788","108112.9","34868.79","10728","15690.95","176525.4","361699","0","2.740589","63535.94","206.0004","175.1004","1.278114","36.51314","180772.7","37265.57"
"210.860488556408","200","139","999999","138.426339248298","LF","1078236","0.1369756","56637.61","346052.3","51.0889","36252.74","14.366","5.688992","1857","112447.5","36252.74","11142","16313.73","189774.4","388846.2","0","1.849232","49019.89","139.0003","118.1502","1.289084","36.87076","185378.6","49223.53"
"192.015303148838","200","153","999999","141.538075174943","LF","1078374","0.1391225","57617.33","333525.2","49.55425","36419.65","14.71759","5.623966","1864","112999.6","36419.65","11184","16388.84","172813.8","354093.9","0","2.035486","51020.42","153.0003","130.0503","1.290147","35.27696","189469.9","39904.03"
"196.533319334775","200","193","999999","149.895000765631","LF","1078389","0.1392098","56336.45","350098.5","51.38226","35158.29","14.20678","5.698282","1802","109029.3","35158.29","10812","15821.23","176880","362425.6","0","2.567639","60703.44","193.0004","164.0503","1.273176","36.4881","182300.8","39536.09"
"202.713765908244","200","243","999999","144.892185188472","LF","1078391","0.140017","55055.47","366660","53.35238","33739.53","13.82354","5.769434","1738","104436.2","33739.53","10428","15182.79","182442.4","373822.9","0","3.23283","72653.67","243.0005","206.5504","1.272382","37.62457","173477.3","36082.43"
"266.735073035849","200","183","999999","205.79416973663","LF","1078491","0.1257545","50353.14","427549.8","59.64898","32692.49","12.31783","6.135153","1677","101351.9","32692.49","10062","14711.62","240061.6","491884.1","0","2.434601","62015.06","183.0004","155.5503","1.255778","46.49465","166338.3","103714.1"
"265.447707258187","200","239","999999","181.657573777728","LF","1078493","0.1294897","49920.11","433150.2","60.54073","31296.01","12.41079","6.171247","1617","96764.6","31296.01","9702","14083.2","238902.9","489510.1","0","3.179615","77308.31","239.0005","203.1504","1.250492","45.84197","157459.1","84578.91"
"252.916598491029","200","742","999999","149.842474297384","LF","1078510","0.1437264","41804.79","538077.7","70.62875","20708.75","11.03884","7.316908","1089","63607.86","20708.75","6534","9318.937","227624.9","466401.5","0","9.871441","167772.6","742.0015","630.7012","0.6707409","47.50647","106880.5","20770.49"
"274.893314182038","200","228","999999","171.791666666667","LF","1078626","0.1291559","49714.43","435941.5","60.59055","31341.79","12.35762","6.232911","1617","96958.61","31341.79","9702","14103.8","247404","506928.6","0","3.033273","74592.1","228.0005","193.8004","1.253819","46.00279","157631.6","86323.48"
"313.722025586967","200","665","999999","166.403649749948","LF","1078626","0.1357183","38685.31","578520.9","76.47752","18551.63","10.60128","7.398947","997","56506.8","18551.63","5982","8348.232","282349.8","578532.4","0","8.847046","182680.2","665.0013","565.2512","0.7077381","54.41689","88103.84","55086.91"
"191.366751775265","200","194","999999","143.122633678101","LF","1078693","0.1402521","56857.51","343666.9","50.56268","35440.22","14.38304","5.670647","1815","109935.7","35440.22","10890","15948.1","172230.1","352897.9","0","2.580943","60045.97","194.0004","164.9003","1.275655","35.68272","184186.9","35250.72"
"254.540850000026","200","137","999999","160.963847248605","LF","1078715","0.1299134","53149.36","391625.9","55.80282","34750.02","13.06374","5.91237","1783","107720.5","34750.02","10698","15637.51","229086.8","469396.8","0","1.822625","49251.42","137.0003","116.4502","1.278039","42.26159","176158","82610.27"
"267.499453456428","200","245","999999","155.355966076729","LF","1078735","0.1323993","50290.29","428606.3","59.96249","31166.57","12.46377","6.14163","1613","96304.8","31166.57","9678","14024.96","240749.5","493293.7","0","3.259438","78924.55","245.0005","208.2504","1.248157","44.45479","156032.3","70562.06"
"277.052693379274","200","168","999999","156.296084278802","LF","1078738","0.1295203","51092.66","418236.3","58.20541","32923.43","12.47327","6.09716","1690","102042.3","32923.43","10140","14815.54","249347.4","510910.7","0","2.235043","58017.57","168.0003","142.8003","1.257951","44.13187","167224.5","84572.72"
"261.50776132461","200","188","999999","140.762267731321","LF","1078751","0.1336804","52149.61","404585.7","56.96053","32962.72","12.71502","5.966931","1694","102120.1","32962.72","10164","14833.22","235357","482244.4","0","2.50112","63282.56","188.0004","159.8003","1.256307","41.9114","166541.1","64531.02"
"303.285516802461","200","709","999999","164.190739238931","LF","1078766","0.1376547","38623.19","579464.2","76.6757","18204.29","10.68742","7.426364","981","55389.7","18204.29","5886","8191.929","272957","559286.4","0","9.432414","187910.5","709.0014","602.6512","0.6780409","53.77465","86003.88","46517.62"
"213.010349124414","200","192","999999","175.153866906953","LF","1078779","0.1358455","54652.68","372255.5","53.90585","34288.78","13.63163","5.797364","1756","106364.6","34288.78","10536","15429.95","191709.3","392810.7","0","2.554335","62455.94","192.0004","163.2003","1.269595","39.13746","176786.2","54598.28"
"239.469225869109","200","672","999999","152.391649261357","LF","1078858","0.1441178","44062.45","509239.8","67.43452","22832.82","11.37096","7.075454","1194","70280.56","22832.82","7164","10274.77","215522.3","441603.3","0","8.940173","152817.3","672.0013","571.2012","0.7892566","45.40766","118296.5","19380.81"
"320.804387495205","200","745","999999","169.244202982228","LF","1078974","0.1361144","36606.15","605747.2","79.02856","16512.08","10.43645","7.613233","890","50236.65","16512.08","5340","7430.437","288723.9","591592.9","0","9.911352","197795","745.0015","633.2513","0.5809024","55.93013","78357.13","53495.54"
"218.7821095538","200","216","999999","174.651855903381","LF","1079000","0.135729","53815.45","383299.5","55.22989","33490.57","13.30522","5.843082","1720","103780.4","33490.57","10320","15070.76","196903.9","403454.4","0","2.873627","68925.13","216.0004","183.6004","1.279035","40.11704","171529.4","55251.4"
"258.825411176003","200","321","999999","149.073026986402","LF","1079143","0.1357767","49601.8","437914.8","61.48195","29515.19","12.24518","6.195522","1541","90903.41","29515.19","9246","13281.84","232942.9","477297.9","0","4.270529","98389.76","321.0006","272.8506","1.232182","44.44717","145908.2","55117.19"
"303.380220703336","200","690","999999","154.461580608381","LF","1079369","0.1382122","39256.41","571880.7","76.06486","18710.11","10.75027","7.370291","1012","56845.75","18710.11","6072","8419.548","273042.2","559461.1","0","9.179642","184996","690.0014","586.5012","0.705005","53.19727","87746.27","44409.57"
"274.50150649985","200","142","999999","181.6263066713","LF","1079421","0.1256649","51238.15","417039.3","58.29514","33902.72","12.54429","6.075723","1739","105105.6","33902.72","10434","15256.22","247051.4","506206.1","0","1.889144","50807.91","142.0003","120.7002","1.274391","45.55856","172002.1","104759.8"
"313.382889025245","200","744","999999","151.066491682744","LF","1079599","0.1384059","37612.39","593364.6","78.13058","17165.51","10.53673","7.543627","931","52096.45","17165.51","5586","7724.477","282044.6","577906.9","0","9.898048","195945","744.0015","632.4012","0.595321","54.44245","79859.86","43693.02"
"282.048467119783","200","199","999999","160.871664651958","LF","1079622","0.1293388","50107.57","431855.1","59.72096","31920.64","12.32037","6.240984","1642","98857.2","31920.64","9852","14364.29","253843.6","520123.4","0","2.647462","66822.5","199.0004","169.1503","1.262031","45.34848","161222.6","86005.66"
"265.808840573542","200","514","999999","156.941087211146","LF","1079645","0.1385722","45239.49","494810.3","68.00069","24421.34","11.50516","6.735312","1302","74617.22","24421.34","7812","10989.6","239228","490176","0","6.838168","143106.4","514.001","436.9009","1.02854","47.86684","118237.5","42994.3"
"302.167351916452","200","706","999999","150.711666844217","LF","1079718","0.1389168","39145.46","573664.1","76.29153","18518.72","10.69288","7.394774","1005","56189.95","18518.72","6030","8333.425","271950.6","557224.4","0","9.392503","187210.4","706.0014","600.1012","0.6767982","53.07396","86352.36","41539.82"
"273.223827370743","200","808","999999","174.073280455992","LF","1079727","0.1419338","38646.54","580123.4","74.85451","17984.4","10.63858","7.626657","940","55367.1","17984.4","5640","8092.979","245901.4","503849.9","0","10.74949","185586","808.0016","686.8014","0.570969","50.88471","92602.78","28765.38"
"248.463611683703","200","724","999999","167.663444530974","LF","1079884","0.1436416","42155.64","534916.3","69.74039","21101.57","11.03531","7.312751","1093","65183.82","21101.57","6558","9495.706","223617.3","458189.8","0","9.631972","162846.9","724.0015","615.4012","0.6990633","47.03383","110788.8","21853.24"
"207.364607189658","200","140","999999","158.518385899638","LF","1079941","0.1359163","56527.31","349183.7","51.40987","36241.68","14.22718","5.70355","1855","112445","36241.68","11130","16308.75","186628.1","382399.5","0","1.862536","49001","140.0003","119.0002","1.288161","37.42797","186204.4","54940.04"
"250.132945295662","200","333","999999","169.47360463134","LF","1079961","0.1351721","49564.75","439211.7","61.63708","29453.39","12.1814","6.194209","1534","90796.75","29453.39","9204","13254.03","225119.7","461268.2","0","4.430175","100507.8","333.0007","283.0506","1.24314","44.794","146295.5","58335.04"
"281.867305575757","200","212","999999","172.82298924332","LF","1079966","0.1280958","49618.1","438527.5","60.60612","31625.05","12.29946","6.294227","1629","97892.88","31625.05","9774","14231.27","253680.6","519789.3","0","2.820412","70451.66","212.0004","180.2004","1.262649","46.44947","159021.8","92479.45"
"264.693514838907","200","151","999999","140.931502293176","LF","1079967","0.1327116","52733.52","398253.6","55.94408","33917.7","12.88942","5.955823","1738","105191.3","33917.7","10428","15262.97","238224.2","488119.3","0","2.008878","53261.83","151.0003","128.3503","1.271052","41.53894","172134.9","69797.26"
"191.993043226098","200","150","999999","131.719541076879","LF","1080085","0.1399846","58037.1","329809.6","49.06041","36737.89","14.48191","5.612583","1881","113971.3","36737.89","11286","16532.05","172793.7","354052.9","0","1.995574","50353.19","150.0003","127.5003","1.293774","34.78891","190060","37156.97"
"190.730008389472","200","162","999999","154.865230962004","LF","1080131","0.1391406","57359.4","338616.6","49.91778","36110.01","14.57991","5.651557","1847","112064.5","36110.01","11082","16249.51","171657","351723.7","0","2.15522","52884.28","162.0003","137.7003","1.284254","35.5708","188675.5","40802.78"
"213.0951674808","200","135","999999","149.784753375522","LF","1080135","0.1357113","56442.67","350471.1","51.59123","36349.2","14.17433","5.713526","1862","112745.4","36349.2","11172","16357.14","191785.7","392967.2","0","1.796017","48030.06","135.0003","114.7502","1.28741","37.61661","185291.9","55978.4"
"188.826486525075","200","173","999999","154.527864794208","LF","1080143","0.1397414","57287.92","339552.2","49.91242","35920.16","14.50025","5.656448","1835","111526","35920.16","11010","16164.07","169943.8","348213.5","0","2.301562","54965.23","173.0004","147.0503","1.28019","35.41547","187956.1","38227.29"
"208.410356444595","200","171","999999","178.314580350338","LF","1080162","0.1360289","55412.64","363813.7","52.79533","35017.09","13.79972","5.766742","1790","108697","35017.09","10740","15757.69","187569.3","384327.9","0","2.274955","56835.55","171.0003","145.3503","1.274913","38.36179","181255.9","54556.51"
"225.129422363928","200","146","999999","184.31899151686","LF","1080287","0.1322002","54602.51","374412.2","54.14711","35253.52","13.48396","5.820557","1806","109344.1","35253.52","10836","15864.08","202616.5","415159.4","0","1.942359","51366.7","146.0003","124.1003","1.281642","40.42294","180496.1","72419.18"
"329.373375394872","200","730","999999","163.718299613963","LF","1080358","0.1357739","36534.99","608051.5","79.22943","16447.25","10.4384","7.632055","893","49895.38","16447.25","5358","7401.263","296436","607394.9","0","9.711795","197111","730.0015","620.5012","0.5837595","56.28418","77949.92","55822.2"
"203.278186791455","200","213","999999","168.262175604334","LF","1080427","0.1384163","55211.5","366679","53.11242","34203.33","13.70116","5.775284","1754","106046.9","34203.33","10524","15391.5","182950.4","374863.7","0","2.833715","66304.73","213.0004","181.0504","1.278314","37.95435","177060.3","44110.17"
"282.849361068767","200","151","999999","165.562003720236","LF","1080454","0.1274133","50935.57","421983","58.45861","33329.68","12.37661","6.169009","1710","103320.4","33329.68","10260","14998.36","254564.4","521600.3","0","2.008878","53427.88","151.0003","128.3503","1.268215","45.10939","169173.8","96268.49"
"235.243816588093","200","591","999999","163.888330915958","LF","1080571","0.143262","45788.8","488635.9","65.58124","24507.48","11.55511","6.839302","1280","75470.14","24507.48","7680","11028.37","211719.4","433811.3","0","7.862563","142044.5","591.0012","502.351","0.9218969","44.65045","125347.9","23765.49"
"314.060529622289","200","664","999999","153.211726739155","LF","1080645","0.1372121","39143.41","574618","76.23071","18763.92","10.56697","7.390803","1017","56962.91","18763.92","6102","8443.764","282654.5","579156.6","0","8.833742","182592.5","664.0013","564.4011","0.7082279","53.76085","87844.86","49532.54"
"324.010914785654","200","778","999999","148.546331561658","LF","1080696","0.1383888","36358.28","610673.8","79.71264","16041.27","10.34571","7.683779","873","48618.49","16041.27","5238","7218.572","291609.8","597506","0","10.35038","203401.4","778.0015","661.3013","0.5313069","55.52734","73931.41","44380.59"
"255.666666666667","200","209","999999","206.260833333333","LF","1080847","0.1285559","50792.36","424228.3","59.37418","32338.06","12.58308","6.08568","1662","100182.6","32338.06","9972","14552.13","230100","471472.9","0","2.7805","68946.57","209.0004","177.6504","1.265149","45.41267","164033.6","90675.55"
"330.661516048392","200","754","999999","155.978521162164","LF","1080875","0.1368323","36200.75","612888.9","79.77673","16024.68","10.3802","7.68222","873","48548.17","16024.68","5238","7211.106","297595.4","609770.3","0","10.03109","201130.2","754.0015","640.9013","0.5524108","56.22872","75024.69","51353.03"
"302.651060960321","200","690","999999","180.673964210307","LF","1080913","0.1365406","38818.35","579088.1","76.3633","18550.96","10.69037","7.426242","995","56548.32","18550.96","5970","8347.931","272386","558116.5","0","9.179642","184793.5","690.0014","586.5012","0.7052247","54.1243","88195.8","52680.46"
"285.957531431326","200","214","999999","192.497489958986","LF","1080964","0.125627","48915.27","448611","61.62553","31432.75","12.10935","6.399313","1620","97277.55","31432.75","9720","14144.74","257361.8","527332.1","0","2.847019","71113.15","214.0004","181.9004","1.26317","48.15377","158142.7","105909.9"
"186.071731401212","200","174","999999","150.203127076729","LF","1081119","0.1404096","57636.2","336025.5","49.45087","36106.58","14.61156","5.643017","1846","112072.1","36106.58","11076","16247.96","167464.6","343133.4","0","2.314866","54721.05","174.0004","147.9003","1.282763","34.97287","189003.1","35919.42"
"289.9319921875","200","191","999999","167.676979166667","LF","1081327","0.1276868","49687.46","438991.9","60.25616","31936.84","12.16771","6.348543","1644","98881.51","31936.84","9864","14371.58","260938.8","534661.3","0","2.541031","64688.99","191.0004","162.3503","1.255954","46.38229","161473.5","95392.98"
"328.956802793689","200","821","999999","156.157251025546","LF","1081333","0.13772","35055.01","628158.3","81.11889","14996.8","10.18253","7.824045","816","45456.35","14996.8","4896","6748.56","296061.1","606626.7","0","10.92244","210460","821.0016","697.8514","0.4785593","56.74631","69220.25","47671.8"
"255.666666666667","200","301","999999","188.416666666667","LF","1081397","0.1324774","49469.8","441875","61.63678","29978.15","12.16822","6.243018","1555","92554.82","29978.15","9330","13490.17","230100","471472.9","0","4.004452","93238.1","301.0006","255.8505","1.247199","45.74159","149683.8","71744.84"
"190.805651665086","200","195","999999","135.747934041095","LF","1081557","0.1411156","57269.91","341199.5","50.24226","35740.6","14.39584","5.666729","1834","110787.3","35740.6","11004","16083.27","171725.1","351863.2","0","2.594247","60226.93","195.0004","165.7503","1.276422","35.34716","184211.3","33180.14"
"254.402466887604","200","130","999999","164.445792261083","LF","1081921","0.1296636","53461.51","390796","55.61623","35194.59","13.03374","5.918171","1805","109116.6","35194.59","10830","15837.57","228962.2","469141.6","0","1.729498","47305.61","130.0003","110.5002","1.274413","42.32151","177358.2","85759.8"
"189.632278945609","200","161","999999","160.37993674662","LF","1081955","0.1393618","57468.25","339033","49.79905","36163.77","14.51315","5.658684","1849","112247.9","36163.77","11094","16273.7","170669","349699.4","0","2.141917","52517.54","161.0003","136.8503","1.284254","35.49276","189234.7","40861.84"
"254.105909712881","200","156","999999","214.579795991102","LF","1081989","0.1269145","51821.22","412069.3","57.83042","33850.66","12.60154","5.993955","1734","104995.9","33850.66","10404","15232.8","228695.3","468594.7","0","2.075397","54515.52","156.0003","132.6003","1.270579","44.87346","173100.7","99782.33"
"340.21777538517","200","775","999999","177.022489323829","LF","1082008","0.1343538","34728.69","633052.8","81.23167","15053.38","10.19121","7.818064","816","45696.11","15053.38","4896","6774.019","306196","627392.9","0","10.31047","206269","775.0015","658.7513","0.524673","58.32023","71224.58","63278.21"
"245.843102898835","200","745","999999","161.031320533703","LF","1082109","0.1445522","42257.98","535818.2","69.46611","21168.54","10.92227","7.375347","1096","65401.09","21168.54","6576","9525.843","221258.8","453357.3","0","9.911352","162578.5","745.0015","633.2513","0.6860597","46.64198","111411.6","19380.54"
"255.666666666667","200","352","999999","180.6875","LF","1082214","0.1345309","48726.14","452306.3","62.92208","28707.15","11.87642","6.345431","1501","88366.2","28707.15","9006","12918.22","230100","471472.9","0","4.682948","105657","352.0007","299.2006","1.226272","45.98747","142357.1","62576.44"
"214.746219715752","200","253","999999","172.950920503767","LF","1082315","0.1379535","53676.82","388406.9","55.64945","32816.72","13.04562","5.870523","1693","101523.6","32816.72","10158","14767.53","193271.6","396011.8","0","3.365869","77161.59","253.0005","215.0504","1.268271","39.8884","167632.9","47194.45"
"302.769982987921","200","799","999999","139.858699853702","LF","1082335","0.1411884","37759.33","594200.6","78.11329","17147.47","10.38834","7.622858","933","51975.68","17147.47","5598","7716.363","272493","558335.8","0","10.62976","200522.5","799.0016","679.1514","0.5350638","53.44043","77810.4","33300.74"
"185.711040684607","200","212","999999","145.3548183596","LF","1082343","0.1417278","57133.7","343746.4","50.16097","35392.07","14.3286","5.68373","1813","109776","35392.07","10878","15926.43","167139.9","342468.3","0","2.820412","62406.71","212.0004","180.2004","1.286142","35.18031","184642","31048.33"
"345.104464952952","200","778","999999","165.473562496581","LF","1082480","0.1351322","34634.97","634736.1","81.4613","14869.4","10.1703","7.840005","808","45093.86","14869.4","4848","6691.228","310594","636404.4","0","10.35038","207635.6","778.0015","661.3013","0.5111011","58.16068","69781.08","59959.93"
"332.547194086886","200","714","999999","172.705256605168","LF","1082503","0.1346127","36580.78","609604.1","79.1832","16739.78","10.22783","7.647039","907","50824.56","16739.78","5442","7532.899","299292.5","613247.7","0","9.498934","194919.5","714.0014","606.9012","0.6215808","56.88283","78667.06","62363.97"
"262.128940687622","200","132","999999","154.360728512963","LF","1082572","0.1305179","53169.34","395224.3","55.79132","34843.62","12.88669","5.947494","1788","108006.3","34843.62","10728","15679.63","235916","483389.9","0","1.756105","47902.41","132.0003","112.2002","1.272859","42.20382","175641.4","81921.12"
"255.666666666667","200","714","999999","133","LF","1082604","0.1444017","42862.39","528500","70.49578","21648.05","10.99233","7.21648","1163","65947.31","21648.05","6978","9741.623","230100","471472.9","0","9.498934","168707.2","714.0014","606.9012","0.7173818","47.42553","105159.2","20249.57"
"323.041027395713","200","700","999999","157.519382592859","LF","1082670","0.1367705","37878.66","592992.8","77.88417","17633.91","10.55258","7.53952","959","53460.46","17633.91","5754","7935.257","290736.9","595717.4","0","9.31268","190801.7","700.0014","595.0012","0.6622138","55.13902","81962.33","52644.61"
"340.769055412852","200","872","999999","173.923416692254","LF","1082730","0.1358468","32942.18","656869.2","83.27897","13392.03","9.897985","8.031957","726","40651.68","13392.03","4356","6026.415","306692.2","628409.6","0","11.60094","220222.1","872.0018","741.2015","0.3974853","59.03045","62438.84","56842.42"
"195.835401560466","200","226","999999","163.310248250039","LF","1083027","0.1403142","55794.32","361744.9","52.27101","34371.81","13.84329","5.762491","1763","106561.3","34371.81","10578","15467.32","176251.9","361138.5","0","3.006665","67702.42","226.0005","192.1004","1.278281","36.97256","178412.4","37376.62"
"190.404576614264","200","147","999999","156.571653579207","LF","1083034","0.1390575","57857.11","335085.6","49.43494","36681.67","14.2272","5.643831","1876","113843.9","36681.67","11256","16506.75","171364.1","351123.6","0","1.955663","49306.76","147.0003","124.9502","1.296031","35.36361","190793.6","42776.79"
"253.983371651713","200","776","999999","167.910149352123","LF","1083240","0.1441193","41019.61","552958.1","71.27425","20048.04","10.75678","7.511475","1039","61916.8","20048.04","6234","9021.619","228585","468368.8","0","10.32377","170448.1","776.0015","659.6013","0.6430954","47.98293","105099.5","21727.04"
"255.666666666667","200","153","999999","133","LF","1083247","0.1351547","53761.03","388250","54.78426","34418.64","12.98319","5.918935","1766","106693.2","34418.64","10596","15488.39","230100","471472.9","0","2.035486","53692.33","153.0003","130.0503","1.27028","40.11044","173637.6","60295.21"
"218.386311640252","200","262","999999","177.706330104191","LF","1083296","0.137632","53214.89","395359.6","56.3704","32458.32","12.84707","5.902411","1675","100403.9","32458.32","10050","14606.24","196547.7","402724.5","0","3.485603","79644.58","262.0005","222.7004","1.26116","40.50709","165236.3","49163.49"
"297.128976500673","200","167","999999","169.433936618676","LF","1083356","0.1264638","49766.66","439996.3","59.96832","32483.71","11.96756","6.410545","1667","100688.9","32483.71","10002","14617.67","267416.1","547933.3","0","2.221739","58005.08","167.0003","141.9503","1.263265","46.69336","164584.4","102968.9"
"217.09006339687","200","136","999999","175.482054827287","LF","1083389","0.1338925","55800.61","362025.7","52.70585","36088.75","13.75304","5.773081","1848","111952.2","36088.75","11088","16239.94","195381.1","400334.1","0","1.809321","48463.28","136.0003","115.6002","1.284088","39.01296","184067.4","66222.11"
"248.929755016965","200","274","999999","194.649411764706","LF","1083393","0.1325812","50470.72","430931.6","60.32526","30961.56","12.33088","6.141994","1603","95657.79","30961.56","9618","13932.7","224036.8","459049.4","0","3.645249","85929.5","274.0005","232.9005","1.256527","44.8522","155128","72414.93"
"183.469762757594","200","170","999999","139.87210012963","LF","1083650","0.1413687","58330.29","329584.4","48.71122","36609.89","14.45391","5.619469","1877","113517.5","36609.89","11262","16474.45","165122.8","338335.2","0","2.261651","53479.63","170.0003","144.5003","1.286028","34.32573","190601.1","33263.85"
"388.826388888889","200","457","999999","123.763888888889","CC","1083746","0.1297491","38864.63","581322.9","56.01845","19377.69","10.19565","8.708742","518","70629.95","19377.69","3108","8719.961","349943.8","717031.8","0","6.07985","75644.69","457.0009","388.4508","6.352072","48.00397","213540.3","86422.63"
"287.603127478698","200","302","999999","177.225370785219","LF","1083760","0.1299101","47669.59","467510.4","63.86677","29032.54","11.68653","6.572358","1514","89456.84","29032.54","9084","13064.64","258842.8","530366.7","0","4.017756","95108.19","302.0006","256.7005","1.239019","48.35275","143718.1","85630.4"
"285.30946026605","200","146","999999","151.928083820796","LF","1083845","0.1297514","51439.73","418856.9","57.66255","33479.96","12.34637","6.190156","1716","103824.1","33479.96","10296","15065.98","256778.5","526136.9","0","1.942359","52042.11","146.0003","124.1003","1.270154","43.87038","169743.5","86470.41"
"255.666666666667","200","526","999999","188.416666666667","LF","1083885","0.1392158","45311.06","498125","67.51506","24380.16","11.47273","6.81818","1285","74819.72","24380.16","7710","10971.07","230100","471472.9","0","6.997814","142387","526.001","447.1009","1.015308","47.48564","120822","42564.12"
"235.223525632266","200","684","999999","164.01816636831","LF","1083893","0.1450509","44245.64","511906.6","66.84376","22961.24","11.16526","7.18126","1191","70891.29","22961.24","7146","10332.56","211701.2","433773.9","0","9.099819","150416","684.0013","581.4012","0.7801647","44.92824","120761.9","18341"
"300.242177528044","200","191","999999","181.309133024265","LF","1083916","0.1252076","48853.59","452360.7","61.42468","31745.98","11.88949","6.518106","1635","98272.3","31745.98","9810","14285.69","270218","553674.3","0","2.541031","64821.76","191.0004","162.3503","1.254487","48.27624","160048.5","109963.3"
"223.601666668124","200","176","999999","200.487762176221","LF","1084026","0.1336225","54042.68","385387.8","54.96849","34300.74","13.09143","5.873286","1756","106415.3","34300.74","10536","15435.33","201241.5","412342.1","0","2.341474","59156.72","176.0004","149.6003","1.269981","40.71508","176177.6","67855.09"
"304.208045637092","200","151","999999","186.244359494884","LF","1084041","0.123119","49246.16","447410.6","60.62891","32796.74","11.84335","6.50414","1682","101682.8","32796.74","10092","14758.53","273787.3","560987.7","0","2.008878","53487.19","151.0003","128.3503","1.263497","48.46909","166470.4","121402.1"
"218.036247872289","200","127","999999","149.243630218366","LF","1084468","0.1354881","56601.16","352755.7","51.68547","36738.57","13.72221","5.739269","1883","113929.7","36738.57","11298","16532.35","196232.6","402078.9","0","1.689586","46004.03","127.0003","107.9502","1.285175","37.88707","185212.9","59466.96"
"291.8842083684","200","198","999999","156.29044611537","LF","1084521","0.1298637","49927.43","439082.9","60.00371","31788.41","12.07264","6.388049","1638","98385.59","31788.41","9828","14304.79","262695.8","538261.4","0","2.634158","66782.24","198.0004","168.3003","1.261876","45.57783","159991.8","86313.77"
"282.898028013236","200","399","999999","157.696819045023","LF","1084777","0.1350308","46653.15","481667.3","65.97482","26825.43","11.47122","6.673504","1415","82299.16","26825.43","8490","12071.44","254608.2","521690.1","0","5.308228","119948.6","399.0008","339.1507","1.190411","48.05529","129143.6","61740.64"
"294.457939209009","200","154","999999","155.813493178865","LF","1084898","0.1287669","50639.38","430256.2","58.67953","32910.67","12.11185","6.339828","1689","102010.4","32910.67","10134","14809.8","265012.2","543007.6","0","2.04879","54339.08","154.0003","130.9003","1.265853","44.98928","167288.5","92042.81"
"180.338024060919","200","166","999999","135.821481683938","LF","1085100","0.1420138","58831.8","324550.7","48.01917","36940.8","14.59347","5.600323","1894","114542.8","36940.8","11364","16623.36","162304.2","332559.9","0","2.208436","52172.65","166.0003","141.1003","1.28943","33.75652","192689.8","31360.21"
"305.602077517956","200","182","999999","180.645336794344","LF","1085354","0.1247729","48781.11","454735.5","61.41081","31877.79","11.82822","6.574811","1640","98719.98","31877.79","9840","14345","275041.9","563558.4","0","2.421297","62330.79","182.0004","154.7003","1.256396","48.49372","160938.1","113188.1"
"256.789853260829","200","813","999999","161.424087752431","LF","1085489","0.1446102","40433.16","562788.1","72.10555","19502.54","10.5586","7.632769","1016","60115.14","19502.54","6096","8776.141","231110.9","473544.2","0","10.81601","174748.9","813.0016","691.0514","0.6017628","48.42771","101852.8","20956.16"
"216.090156971951","200","215","999999","192.41051803436","LF","1085508","0.1365672","54113.55","385954.3","55.00863","33604.77","13.07323","5.872794","1726","104131.3","33604.77","10356","15122.15","194481.1","398490.2","0","2.860323","68434.9","215.0004","182.7504","1.277258","39.95435","172499.7","55163.8"
"229.14548541122","200","647","999999","161.099745067342","LF","1085634","0.1454773","45586.72","496310.9","65.2239","24141.35","11.2978","7.040358","1252","74539.51","24141.35","7512","10863.61","206230.9","422565.4","0","8.607577","143429.7","647.0013","549.9511","0.8490125","43.87461","126209.7","17572.38"
"258.411423024867","200","306","999999","137.78053086278","LF","1085866","0.1377868","50702.8","430404.4","60.40611","30300.76","12.23405","6.176252","1592","93101.45","30300.76","9552","13635.34","232570.3","476534.5","0","4.070971","94786.96","306.0006","260.1005","1.244319","43.34667","148267.7","49922.38"
"246.085750404108","200","778","999999","145.476633729532","LF","1085945","0.1456925","42260.62","539620.2","69.71767","21093.91","10.89226","7.473339","1107","64840.89","21093.91","6642","9492.259","221477.2","453804.8","0","10.35038","164916.6","778.0015","661.3013","0.6640323","46.58646","109759.3","16884.94"
"328.428705039589","200","712","999999","197.399530554056","LF","1085968","0.1334362","36601.14","612805.7","79.12293","17000.54","10.34265","7.681749","916","51730.02","17000.54","5496","7650.244","295585.8","605652.8","0","9.472326","193853.4","712.0014","605.2012","0.6369624","57.53304","79700.93","69857.3"
"203.351319784123","200","277","999999","129.056891025641","LF","1086234","0.1426878","55327.8","370983.3","53.714","33566.2","13.46099","5.808891","1748","103480","33566.2","10488","15104.79","183016.2","374998.6","0","3.685161","80279.13","277.0005","235.4505","1.269125","37.44406","169085.9","29183.47"
"227.810688855631","200","674","999999","147.40780604302","LF","1086363","0.1462035","45531.62","497752","65.20881","24056.7","11.19788","7.096389","1253","74158.62","24056.7","7518","10825.51","205029.6","420103.9","0","8.966781","144478.1","674.0013","572.9011","0.811768","43.64072","125814.3","15090.68"
"182.374681269028","200","191","999999","156.208669149148","LF","1086961","0.1419581","57877.39","338749.8","49.28488","36040.29","14.28624","5.673018","1845","111813.4","36040.29","11070","16218.13","164137.2","336315.7","0","2.541031","57534.67","191.0004","162.3503","1.280131","34.67082","188570.2","32606.17"
"194.625135842363","200","241","999999","123.763888888889","LF","1087090","0.1432571","56820.52","352541.8","51.4073","34933.41","13.93998","5.732452","1809","107921","34933.41","10854","15720.03","175162.6","358906.7","0","3.206223","71063.99","241.0005","204.8504","1.274764","35.78915","177315.6","27305.31"
"174.825480018157","200","165","999999","148.471477050564","LF","1087251","0.1424958","59107.73","323134.4","47.38292","37021.14","14.53823","5.602191","1891","114949.8","37021.14","11346","16659.52","157342.9","322394.3","0","2.195132","50832.53","165.0003","140.2503","1.289372","33.28218","195605.7","30528.44"
"256.071023184954","200","239","999999","133.224355792006","LF","1087272","0.1374586","52375.89","410181.2","57.68956","32303.94","12.46733","5.999006","1681","99616.67","32303.94","10086","14536.77","230463.9","472218.6","0","3.179615","77024.44","239.0005","203.1504","1.255425","41.61586","159263.4","52169.02"
"265.05250242267","200","125","999999","147.338535448216","LF","1087448","0.1318447","53641.34","393998.8","55.24416","35204.23","12.80453","5.963165","1806","109135.3","35204.23","10836","15841.91","238547.3","488781.3","0","1.662979","45929.48","125.0003","106.2502","1.271251","41.57446","176413.6","78325.03"
"274.868724155595","200","135","999999","141.937598512058","LF","1087506","0.1324432","52894.39","403713.1","55.95621","34375.14","12.54148","6.036315","1766","106508.8","34375.14","10596","15468.81","247381.9","506883.3","0","1.796017","48867.11","135.0003","114.7502","1.274231","41.91372","173242.1","75475.75"
"313.30552160983","200","188","999999","196.039307898679","LF","1087556","0.1224987","47941.85","467786.8","62.62423","31601.32","11.57962","6.717515","1628","97814.5","31601.32","9768","14220.59","281975","577764.3","0","2.50112","64122.34","188.0004","159.8003","1.255945","50.41772","158867.3","127070.2"
"231.096567362405","200","706","999999","157.771173605134","LF","1087590","0.1462146","44538.48","511818.3","66.2123","23244.69","11.14344","7.264614","1202","71848.56","23244.69","7212","10460.11","207986.9","426163.4","0","9.392503","148758.9","706.0014","600.1012","0.7656077","44.29638","122561.3","15696.78"
"232.732559749294","200","120","999999","155.906100365248","LF","1087872","0.1333476","55822.07","366231.1","52.9627","36667.07","13.28589","5.817064","1879","113715.5","36667.07","11274","16500.18","209459.3","429180.3","0","1.596459","44311.7","120.0002","102.0002","1.279914","39.50407","183122.8","71380.37"
"241.704704616981","200","777","999999","154.00259493952","LF","1088141","0.1461375","42557","537985","68.91941","21393.79","10.82299","7.509654","1111","66022.98","21393.79","6666","9627.204","217534.2","445725.8","0","10.33708","161289.5","777.0015","660.4513","0.6700081","46.02069","112995.5","16291.93"
"226.939742058099","200","676","999999","159.098402527662","LF","1088160","0.1463573","45421.3","500975.3","65.10466","24015.11","11.31842","7.156299","1240","74270.65","24015.11","7440","10806.8","204245.8","418497.8","0","8.993388","143638.5","676.0013","574.6011","0.8138447","43.60028","126421.6","15436.55"
"287.373150605358","200","128","999999","183.236219106886","LF","1088219","0.1248197","51255.95","425606.7","58.5916","34426.96","12.15959","6.283659","1769","106661.9","34426.96","10614","15492.13","258635.8","529942.6","0","1.70289","46872.07","128.0003","108.8002","1.271494","46.44707","172596.6","114710.8"
"197.243055955938","200","351","999999","138.615783186576","LF","1088438","0.144533","54270.61","386853.5","54.62458","32273.01","12.94352","5.901043","1675","99618.64","32273.01","10050","14522.85","177518.8","363734.4","0","4.669644","90600.14","351.0007","298.3506","1.251213","37.64206","164708.8","22844.78"
"260.575530763234","200","200","999999","131.404932436466","LF","1088577","0.1368161","52959.67","403939.5","56.52062","33246.41","12.60606","5.991384","1720","102745.7","33246.41","10320","14960.88","234518","480525.3","0","2.660766","66567.48","200.0004","170.0003","1.261523","41.03879","164856.7","55779.96"
"196.858575530681","200","172","999999","189.106244741684","LF","1088825","0.1391052","56617.28","356904.6","51.24105","35496.57","13.73832","5.760205","1814","110196.7","35496.57","10884","15973.46","177172.7","363025.4","0","2.288259","55966.18","172.0004","146.2003","1.274979","36.75988","185029","45790.39"
"251.845289508038","200","772","999999","185.233401465717","LF","1088875","0.1447553","41279.68","555230.8","70.91635","20202.39","10.61819","7.584248","1044","62460.01","20202.39","6264","9091.077","226660.8","464425.9","0","10.27056","168551.3","772.0015","656.2013","0.6445007","47.7838","106769.9","22183.38"
"241.921820588291","200","742","999999","174.361996853648","LF","1088925","0.1455682","42806.91","535538.3","68.72369","21611.46","10.77271","7.450461","1115","66856.73","21611.46","6690","9725.158","217729.6","446126.2","0","9.871441","159517.9","742.0015","630.7012","0.6973894","46.13023","114123.8","18961.1"
"304.93890844426","200","212","999999","158.240986109877","LF","1089295","0.129524","49071.92","454917.3","61.23356","31132.43","11.67098","6.611718","1607","96293.16","31132.43","9642","14009.59","274445","562335.5","0","2.820412","70912.92","212.0004","180.2004","1.257856","46.79833","155901.7","90859.8"
"238.519602961595","200","417","999999","132.919006760431","LF","1089570","0.1423819","50340.44","438793.3","61.7496","28811.72","12.04176","6.256497","1533","88099.68","28811.72","9198","12965.27","214667.6","439852.2","0","5.547697","117606.2","417.0008","354.4507","1.190686","42.9802","138323.8","32260.98"
"185.569011445098","200","135","999999","154.730388628886","LF","1090016","0.1403778","59008.61","327181.2","48.22861","37612.47","14.34229","5.626655","1926","116679.5","37612.47","11556","16925.61","167012.1","342206.4","0","1.796017","45802.28","135.0003","114.7502","1.299474","34.43857","194283.8","40957.48"
"255.396733367268","200","254","999999","227.723901877046","LF","1090394","0.1307994","50181.34","441674.2","60.72601","31145.59","11.97264","6.332228","1609","96304.59","31145.59","9654","14015.51","229857.1","470975.1","0","3.379173","80960.03","254.0005","215.9004","1.248019","46.01637","156956.1","85166.47"
"255.666666666667","200","388","999999","133","LF","1090668","0.1406798","49790.52","447000","62.53212","28714.49","11.9227","6.359393","1529","87776.38","28714.49","9174","12921.52","230100","471472.9","0","5.161886","114424.5","388.0008","329.8007","1.201255","44.07443","136924.5","40026.45"
"199.409981818366","200","413","999999","152.778080872746","LF","1090672","0.1454252","52764.96","408552.4","56.23791","30789.67","12.55929","6.05132","1595","95106.78","30789.67","9570","13855.35","179469","367730.4","0","5.494481","99914.96","413.0008","351.0507","1.209859","38.51825","158778.5","20459.35"
"343.45976183737","200","715","999999","148.028919861036","LF","1090962","0.1377416","37028.75","612272.4","79.36948","16747.66","10.0891","7.745834","923","50503.14","16747.66","5538","7536.447","309113.8","633371.5","0","9.512238","196885.4","715.0014","607.7512","0.6111482","56.15432","75894.69","52984.6"
"255.666666666667","200","301","999999","221.666666666667","LF","1091136","0.1324787","49451.55","451850","61.97881","29978.15","11.78601","6.423542","1555","92554.82","29978.15","9330","13490.17","230100","471472.9","0","4.004452","93238.1","301.0006","255.8505","1.247199","46.39002","149683.8","77425.02"
"170.71114266297","200","181","999999","140.849159906197","LF","1091278","0.1440893","59573.21","321144.8","46.90229","37194.38","14.55314","5.605387","1904","115395.6","37194.38","11424","16737.47","153640","314807.1","0","2.407993","53157.32","181.0004","153.8503","1.289428","32.7247","195678.8","26163.34"
"255.666666666667","200","316","999999","221.666666666667","LF","1091738","0.1330335","49208.06","455600","62.39334","29595.53","11.68502","6.461953","1538","91310.38","29595.53","9228","13317.99","230100","471472.9","0","4.20401","96925.34","316.0006","268.6005","1.241917","46.52164","147419.7","75118.17"
"177.67904641968","200","203","999999","162.36003691653","LF","1091811","0.1434646","58204.69","339369.2","48.76962","36042.28","14.1821","5.693741","1845","111821.8","36042.28","11070","16219.03","159911.1","327656.6","0","2.700677","58592.73","203.0004","172.5503","1.276937","34.1184","189767","29001.73"
"330.676007710002","200","144","999999","231.038453628021","LF","1092250","0.1163896","47134.32","482919.9","63.40176","32614.05","11.17655","6.940433","1673","101108.3","32614.05","10038","14676.33","297608.4","609797.1","0","1.915751","51630.67","144.0003","122.4002","1.263452","53.87105","164568","166236.7"
"301.088110339816","200","161","999999","142.582249996261","LF","1093003","0.132066","50976.43","434004","58.33887","32762.34","11.83009","6.484716","1684","101492.7","32762.34","10104","14743.05","270979.3","555234.3","0","2.141917","56284.14","161.0003","136.8503","1.258755","43.96027","165221.5","80509.48"
"276.25440013886","200","118","999999","167.670744861758","LF","1093247","0.1282236","52973.57","408430.2","56.64995","35472.68","12.4072","6.123865","1821","109940.2","35472.68","10926","15962.71","248629","509438.6","0","1.569852","43960.41","118.0002","100.3002","1.268598","43.98939","175966.6","99841.03"
"173.559920610696","200","218","999999","153.018767038667","LF","1093525","0.144677","58550.75","336609.6","48.23092","36152.49","14.18054","5.689367","1851","112155.8","36152.49","11106","16268.62","156203.9","320060.5","0","2.900235","60389.1","218.0004","185.3004","1.291984","33.55107","190524.9","24984.99"
"200.430287661547","200","238","999999","196.237455611671","LF","1093745","0.1410414","55307.36","378758.5","53.34125","33819.69","13.09239","5.867675","1736","104820.3","33819.69","10416","15218.86","180387.3","369611.9","0","3.166311","71084.8","238.0005","202.3004","1.269953","37.86377","175069.9","40176.87"
"181.701850711045","200","153","999999","173.44773379937","LF","1093785","0.1418108","58786.9","333816","48.32507","36968.1","14.03328","5.668674","1891","114725","36968.1","11346","16635.65","163531.7","335075","0","2.035486","49659.53","153.0003","130.0503","1.298162","34.28075","193584.8","36943.68"
"173.661211946422","200","214","999999","152.866995566809","LF","1093824","0.1446085","58647.65","335655.2","48.16748","36279.86","14.22403","5.684622","1857","112562.5","36279.86","11142","16325.94","156295.1","320247.3","0","2.847019","59775.63","214.0004","181.9004","1.288371","33.52894","190715.5","25421.69"
"202.984739797593","200","140","999999","196.709189688509","LF","1094220","0.1376338","57050.48","356699","51.13908","36408.01","13.60915","5.777075","1863","112972.5","36408.01","11178","16383.6","182686.3","374322.6","0","1.862536","48724.38","140.0003","119.0002","1.293427","37.26413","187514.7","55295.09"
"174.022120671382","200","136","999999","146.991829516405","LF","1094264","0.1428249","60301.29","314717.5","46.37467","38244.8","14.71733","5.579506","1959","118627.3","38244.8","11754","17210.16","156619.9","320912.8","0","1.809321","44699.31","136.0003","115.6002","1.301294","32.74525","199186.5","32966.53"
"166.779284604359","200","184","999999","124.601238767246","LF","1094406","0.1455539","60407.91","313481.7","45.89096","37748.33","14.73073","5.578789","1936","117033.5","37748.33","11616","16986.75","150101.4","307556.4","0","2.447905","52986.16","184.0004","156.4003","1.289292","31.82646","197675.7","21930.71"
"318.770101308164","200","393","999999","171.791666666667","LF","1094479","0.1311407","44695.25","516680.6","68.39308","25975.03","10.83383","7.108267","1374","79604.63","25975.03","8244","11688.76","286893.1","587841.4","0","5.228405","120859","393.0008","334.0507","1.185166","51.65131","124445.6","85897.52"
"169.162029844866","200","182","999999","148.798914961678","LF","1094567","0.1446078","59731.63","322385.5","46.71534","37231.29","14.39502","5.621498","1905","115529.9","37231.29","11430","16754.08","152245.8","311950.4","0","2.421297","53068.44","182.0004","154.7003","1.290532","32.58262","196458","25821.95"
"216.41778232856","200","659","999999","155.448517273393","LF","1094600","0.1480153","47065.48","486160.6","62.72968","25405.53","11.22967","7.1157","1308","78654.9","25405.53","7848","11432.49","194776","399094.3","0","8.767223","134410.8","659.0013","560.1511","0.8551525","41.86419","134549.9","12360.04"
"297.494733230551","200","219","999999","141.191848448401","LF","1095087","0.1340006","50298.45","444852.8","60.01235","31411.42","11.81407","6.555371","1632","96921.05","31411.42","9792","14135.14","267745.3","548607.8","0","2.913538","72759.53","219.0004","186.1504","1.255789","44.6294","155864.8","72470.1"
"170.661561863515","200","161","999999","161.307307187758","LF","1096215","0.1440453","59870.5","322237.6","46.60138","37479.7","14.30573","5.623954","1915","116360.8","37479.7","11490","16865.86","153595.4","314715.7","0","2.141917","49363.44","161.0003","136.8503","1.297568","32.68257","197987.7","28993.26"
"219.658829748343","200","110","999999","160.857206444319","LF","1096249","0.1351006","57458.73","353450.1","51.4285","37841.84","13.38222","5.775167","1944","117252.3","37841.84","11664","17028.83","197693","405071.2","0","1.463421","41406.88","110.0002","93.50019","1.282483","38.20604","187620.2","67988.18"
"336.211580883491","200","227","999999","196.649153829886","LF","1096260","0.1224717","46252.09","498335.2","64.95843","30067.07","11.04573","7.092131","1557","92887.3","30067.07","9342","13530.18","302590.4","620005.2","0","3.019969","75512.84","227.0005","192.9504","1.252149","52.66255","149743.6","132719.1"
"373.282552083333","200","929","999999","153.394931891026","LF","1096322","0.1377708","31104.13","694222.8","86.15125","11736.05","9.446329","8.391408","649","35341.66","11736.05","3894","5281.223","335954.3","688367.4","0","12.35926","234182.8","929.0018","789.6516","0.3176764","60.87172","49904.77","55863.76"
"368.790504389","200","705","999999","164.152567584975","LF","1096409","0.1343013","35505.82","637407.3","80.69011","15909.25","9.858422","7.959295","876","47992.48","15909.25","5256","7159.163","331911.5","680083.7","0","9.379199","197610.1","705.0014","599.2512","0.626634","58.82889","73950.62","71816.34"
"186.591443660208","200","253","999999","182.946073301776","LF","1097244","0.144062","56559.79","366066.1","51.3274","34457.74","13.16376","5.831945","1769","106792.3","34457.74","10614","15505.98","167932.3","344091.8","0","3.365869","70067.12","253.0005","215.0504","1.283393","35.87197","179970.7","29477.7"
"255.666666666667","200","451","999999","221.666666666667","LF","1097423","0.1380826","47037.14","489350","65.87006","26312.02","11.18593","6.818513","1385","80788.77","26312.02","8310","11840.41","230100","471472.9","0","6.000027","128095.2","451.0009","383.3508","1.140899","47.42883","129035.4","55090.83"
"328.28196774755","200","249","999999","164.987187470321","LF","1097993","0.1286572","47247.5","487199.9","63.87936","29681.53","11.10686","7.014454","1538","91674.84","29681.53","9228","13356.69","295453.8","605382.3","0","3.312653","81624.75","249.0005","211.6504","1.248598","49.45439","146779.8","100472.1"
"232.599736188909","200","334","999999","120.480747380455","LF","1099252","0.1439378","53395.27","408984","57.95367","31667.63","12.28558","6.003845","1683","96875.8","31667.63","10098","14250.43","209339.8","428935.4","0","4.443479","98926","334.0007","283.9006","1.247585","40.39592","151515","31065.43"
"341.118746672428","200","170","999999","182.175415760455","LF","1099374","0.1232079","47589.55","484159.5","62.80354","31558.04","11.09333","7.075323","1626","97675.46","31558.04","9756","14201.12","307006.9","629054.4","0","2.261651","59168.04","170.0003","144.5003","1.247604","50.79808","159064.6","130537.5"
"165.458459812402","200","115","999999","106.828428429846","LF","1099441","0.1461","62636.15","289711.2","43.19831","39855.45","15.46401","5.473276","2044","123567.8","39855.45","12264","17934.95","148912.6","305120.7","0","1.52994","40150.59","115.0002","97.7502","1.298017","30.07557","207081.6","22422.3"
"185.527384471032","200","205","999999","195.207533144256","LF","1099569","0.143331","57457.45","356786.9","50.19641","35465.16","13.46117","5.793415","1815","110041.4","35465.16","10890","15959.32","166974.6","342129.6","0","2.727285","60986.46","205.0004","174.2504","1.281004","35.35289","185506.6","33737.49"
"327.618711795238","200","299","999999","164.642907055389","LF","1099646","0.1300994","46462.58","498999.7","65.47234","28345.58","10.99861","7.089209","1486","87166.62","28345.58","8916","12755.51","294856.8","604159.1","0","3.977845","95670.57","299.0006","254.1505","1.234091","50.16608","138584.2","94136.42"
"205.346145193961","200","613","999999","148.594412987946","LF","1099967","0.1492335","49300.07","462639.8","59.89072","27326.19","11.37679","6.933931","1410","84532.11","27326.19","8460","12296.78","184811.5","378677.2","0","8.155247","122909.6","613.0012","521.051","0.9454249","39.97625","144155.8","10472.38"
"336.779522960589","200","219","999999","167.741858082836","LF","1100469","0.1272569","47363.69","488174.1","63.42913","30238","10.96923","7.088665","1565","93434.22","30238","9390","13607.1","303101.6","621052.5","0","2.913538","73240.66","219.0004","186.1504","1.251844","49.75348","151199.7","109241.5"
"63.9166666666667","200","301","999999","188.416666666667","CC","1100594","0.1520179","64304.22","269300","16.27025","36080.76","16.19068","5.502103","772","135780.2","36080.76","4632","16236.34","57525","117868.2","0","4.004452","103683.6","301.0006","255.8505","11.36261","22.36242","333138.1","348.16"
"255.666666666667","200","236","999999","257.377288461538","LF","1101013","0.131315","50643.9","446313.2","60.28003","31609.29","11.67869","6.485878","1629","97826.08","31609.29","9774","14224.18","230100","471472.9","0","3.139704","76214.52","236.0005","200.6004","1.25635","45.95303","159789.4","88889.47"
"162.359111066624","200","217","999999","141.6264491434","LF","1101572","0.1472575","60236.66","322861.1","45.97129","37324.33","14.14545","5.6537","1911","115791.1","37324.33","11466","16795.95","146123.2","299405.2","0","2.886931","57161.79","217.0004","184.4504","1.291668","31.72671","196849.1","18966.05"
"247.752017099318","200","105","999999","141.362896221223","LF","1102066","0.1353859","56501.95","371635.7","52.5624","37381.07","12.72959","5.898875","1924","115743.3","37381.07","11544","16821.48","222976.8","456877.6","0","1.396902","40134.96","105.0002","89.25018","1.268669","39.12662","182961.2","69989.13"
"161.493235694649","200","223","999999","138.998380933191","LF","1102103","0.1475934","60283.01","322793.4","45.85963","37326.51","14.12354","5.65717","1911","115800.3","37326.51","11466","16796.93","145343.9","297808.4","0","2.966754","57807.71","223.0004","189.5504","1.296947","31.60416","196923.9","17927.82"
"179.734386742158","200","366","999999","157.699836731438","LF","1102564","0.1482731","55849.29","380570.9","51.68391","33278.92","12.73521","5.946499","1714","103016.5","33278.92","10284","14975.51","161761","331446.8","0","4.869201","83523.85","366.0007","311.1006","1.248441","35.25145","174902.2","15519.91"
"347.155401451098","200","240","999999","178.96403460923","LF","1102946","0.125411","46166.38","506129.1","65.07301","29500.31","10.77418","7.259214","1528","91128.64","29500.31","9168","13275.14","312439.9","640186.6","0","3.192919","79279.77","240.0005","204.0004","1.239647","51.84082","146481.4","120615.1"
"172.373701590478","200","299","999999","164.79422471547","LF","1103461","0.1479715","57562.17","359324.6","49.27069","34882.79","13.18045","5.846686","1787","108194.4","34882.79","10722","15697.25","155136.3","317873","0","3.977845","72001.21","299.0006","254.1505","1.276449","33.78866","184438.1","17161.34"
"355.255173327461","200","156","999999","193.930684523095","LF","1103504","0.1204301","46922.78","496908.9","63.53348","31755.2","10.84728","7.256521","1634","98333.55","31755.2","9804","14289.84","319729.7","655123.3","0","2.075397","55248.52","156.0003","132.6003","1.257975","52.73218","160141.2","149110.5"
"254.164983639239","200","103","999999","177.352236181979","LF","1103635","0.1299322","55380.41","387704.2","54.66754","37371.72","12.38076","5.965143","1925","115681.5","37371.72","11550","16817.27","228748.5","468703.7","0","1.370294","39586.68","103.0002","87.55018","1.266125","42.34425","182172.3","97353.42"
"391.260628024654","200","697","999999","178.455360212399","LF","1103719","0.1314295","34329.72","659921.2","81.66304","15453.33","9.59794","8.164085","847","46703.52","15453.33","5082","6953.997","352134.6","721520.7","0","9.272769","197876.6","697.0014","592.4512","0.6328546","61.22422","72414.59","89917.05"
"209.15688788524","200","183","999999","236.963717190172","LF","1104328","0.1391608","55636.97","385080.3","53.25759","34708.47","12.59404","5.929989","1778","107655.3","34708.47","10668","15618.81","188241.2","385704.6","0","2.434601","59883.5","183.0004","155.5503","1.279219","38.66672","179275.6","54166.03"
"337.284633533861","200","371","999999","157.047196075161","LF","1104491","0.1328645","44948.37","523420.3","67.97726","26161.12","10.57555","7.31685","1388","80082.74","26161.12","8328","11772.5","303556.2","621984","0","4.93572","115594.9","371.0007","315.3506","1.195915","51.15853","125836.2","83350.44"
"326.000876844273","200","185","999999","145.20235814463","LF","1104848","0.1321938","49633.4","463211.5","60.43179","31647.88","11.22283","6.934937","1635","97856.56","31647.88","9810","14241.54","293400.8","601175.7","0","2.461208","63366.29","185.0004","157.2503","1.254069","45.92036","157956.5","86821.93"
"156.725809204245","200","144","999999","145.085805693919","LF","1104911","0.1467862","62218.56","300579","43.49001","39153.56","14.85065","5.545979","1999","121591.4","39153.56","11994","17619.1","141053.2","289016.8","0","1.915751","43724.1","144.0003","122.4002","1.312275","30.28896","207451.2","22583.69"
"333.790532366222","200","230","999999","153.22637303477","LF","1104988","0.130997","48045.48","483879.4","62.82376","30175.42","11.01665","7.095106","1566","93146.87","30175.42","9396","13578.94","300411.5","615540.5","0","3.05988","76308.71","230.0005","195.5004","1.249112","48.11","149428.4","92811.11"
"214.531774691193","200","675","999999","175.911557241902","LF","1105476","0.149757","47253.74","494602.1","62.49318","25337.83","10.86776","7.323842","1301","78523.22","25337.83","7806","11402.02","193078.6","395616.4","0","8.980084","133468.7","675.0013","573.7512","0.8339998","41.61362","135646.1","11324.62"
"163.352984420147","200","192","999999","171.791666666667","LF","1106857","0.1472006","60359.79","326555.2","45.8414","37367.83","13.81048","5.683642","1908","116042","37367.83","11448","16815.52","147017.7","301238","0","2.554335","53304.93","192.0004","163.2003","1.282812","31.78866","198975.3","21967.47"
"360.177878377824","200","178","999999","188.633253463382","LF","1106943","0.1219336","46543.56","505250.1","64.14381","31015.96","10.65929","7.360181","1600","95954.83","31015.96","9600","13957.18","324160.1","664201.3","0","2.368082","61664.39","178.0004","151.3003","1.252036","52.73857","155842.4","142552.4"
"255.666666666667","200","902","999999","190.841145833333","LF","1106976","0.1478381","39769.69","592852.4","72.60605","18635.79","9.899263","8.151203","957","57750.54","18635.79","5742","8386.107","230100","471472.9","0","12.00005","177584.7","902.0018","766.7015","0.557636","48.59407","100918.2","19521.16"
"161.293253894848","200","244","999999","158.068761468566","LF","1107753","0.1487694","59885.28","333584.6","46.19521","36789.9","13.60653","5.733681","1880","114213.8","36789.9","11280","16555.46","145163.9","297439.6","0","3.246134","60603.01","244.0005","207.4004","1.291459","31.73377","195695.8","16299.22"
"238.529225767806","200","853","999999","149.083656763615","LF","1107818","0.1496589","42944.59","552651.4","68.70579","21162.32","10.20824","7.865648","1097","65352.55","21162.32","6582","9523.042","214676.3","439869.9","0","11.34817","161901.1","853.0017","725.0515","0.6403406","45.58372","113837.8","12909.57"
"319.126891280588","200","112","999999","174.074671280587","LF","1107906","0.1253935","51090.18","447436.6","59.09584","34847.11","11.28356","6.801215","1791","107954.5","34847.11","10746","15681.2","287214.2","588499.4","0","1.490029","42289.84","112.0002","95.20019","1.262911","47.44238","171608.7","123769.5"
"255.666666666667","200","117","999999","243.649193707822","LF","1109475","0.1282619","53918.34","412444.8","56.45447","36145.01","12.0017","6.246412","1855","112035.4","36145.01","11130","16265.26","230100","471472.9","0","1.556548","43652.87","117.0002","99.4502","1.274705","44.46683","179337","109431.6"
"152.505278640973","200","197","999999","150.244235238909","LF","1109751","0.1491346","61742.2","311578","43.67601","38250.55","14.29622","5.627712","1953","118784.8","38250.55","11718","17212.75","137254.8","281233.8","0","2.620854","51343.64","197.0004","167.4503","1.287692","30.05474","205424.6","15925.42"
"358.477253790013","200","153","999999","171.505264211856","LF","1110565","0.1248673","47823.07","492331.1","62.37809","31792.7","10.73797","7.333441","1636","98448.11","31792.7","9816","14306.72","322629.5","661065.1","0","2.035486","54390.98","153.0003","130.0503","1.257647","50.31524","160385.7","128297.1"
"222.907186157609","200","93","999999","152.225461123771","LF","1110646","0.1367842","58875.36","349534.1","50.42488","39257.68","13.07194","5.804482","2023","121500.4","39257.68","12138","17665.96","200616.5","411061.4","0","1.237256","36547.53","93.00018","79.05016","1.271592","37.50533","189877.9","68404.29"
"214.632682893603","200","721","999999","151.728539869474","LF","1110665","0.1509579","47319.79","498938","62.76483","25071.86","10.69415","7.420498","1291","77617.91","25071.86","7746","11282.34","193169.4","395802.5","0","9.59206","135926.2","721.0015","612.8512","0.8019469","41.62202","134299","9441.436"
"160.586229251055","200","317","999999","141.333088065519","LF","1110950","0.1505876","59158.48","346177.5","46.90079","35962.43","13.31982","5.824192","1843","111527.7","35962.43","11058","16183.09","144527.6","296135.8","0","4.217314","68972.36","317.0006","269.4505","1.279904","31.90113","191497.1","10987.05"
"153.164128606185","200","169","999999","158.800030598447","LF","1111181","0.1486406","62149.87","307737.7","43.36654","38700.71","14.3547","5.605817","1974","120226.7","38700.71","11844","17415.32","137847.7","282448.8","0","2.248347","47365.82","169.0003","143.6503","1.30562","30.00182","207268.9","18582.75"
"335.808937889238","200","389","999999","145.38396297745","LF","1111479","0.136276","45514.18","523093.2","67.95885","26038.89","10.43758","7.36721","1398","79343.02","26038.89","8388","11717.5","302228","619262.6","0","5.175189","120424.2","389.0008","330.6507","1.181484","50.18869","122807.5","71219.36"
"179.96460276048","200","407","999999","171.791666666667","LF","1112161","0.1501914","55455.74","395255.7","52.20245","32705.62","12.0524","6.163723","1683","101274.5","32705.62","10098","14717.53","161968.1","331871.3","0","5.414658","87808.45","407.0008","345.9507","1.232207","35.43161","172512.6","13116.15"
"158.821312915882","200","288","999999","149.100404832577","LF","1112646","0.150511","59793.09","339669.3","46.19535","36511.79","13.53883","5.791629","1870","113257","36511.79","11220","16430.3","142939.2","292881.2","0","3.831503","65023.9","288.0006","244.8005","1.29533","31.51908","194418.8","12149"
"321.599592099157","200","352","999999","137.671118548792","LF","1113153","0.1381159","47527.46","498741","65.45575","27715.78","10.71992","7.180517","1483","84564.22","27715.78","8898","12472.1","289439.6","593059.3","0","4.682948","109935.2","352.0007","299.2006","1.214591","47.86284","130799.2","63752.48"
"328.354358692465","200","272","999999","139.850822088784","LF","1114009","0.1359917","48619.89","485474.2","63.08994","29621.52","10.78186","7.154558","1559","90954.83","29621.52","9354","13329.68","295518.9","605515.8","0","3.618641","88124.98","272.0005","231.2005","1.239617","46.94187","142932.1","73977.46"
"179.251252148319","200","285","999999","205.041666666667","LF","1114624","0.1482432","57283.63","374088.6","50.46987","34544.85","12.49199","5.933185","1776","107006.3","34544.85","10656","15545.18","161326.1","330555.8","0","3.791591","72735.01","285.0006","242.2505","1.279095","34.8558","181070.2","21929.03"
"158.822702158495","200","188","999999","181.858676745732","LF","1115492","0.1488839","61186.81","324498","44.85081","37846.6","13.60512","5.701137","1932","117538.6","37846.6","11592","17030.97","142940.4","292883.7","0","2.50112","51635.45","188.0004","159.8003","1.295996","31.03776","202087.6","19876.93"
"345.050477183232","200","140","999999","145.520637231109","LF","1116107","0.1315153","50040.92","469201.6","59.60327","32687.85","10.77235","7.204185","1680","101265.7","32687.85","10080","14709.53","310545.4","636304.9","0","1.862536","50508.8","140.0003","119.0002","1.265276","45.99952","163926.3","96779.32"
"163.296245024355","200","151","999999","192.68123150893","LF","1116139","0.1474954","61389.86","322521","44.9591","38356.59","13.65908","5.685911","1957","119145.4","38356.59","11742","17260.46","146966.6","301133.3","0","2.008878","46162.4","151.0003","128.3503","1.306887","31.41832","203043.3","25672.68"
"393.116581634217","200","612","999999","160.437884781462","LF","1116742","0.1345141","37269.77","634936.3","78.6594","17937.6","9.57528","8.15525","990","54059.97","17937.6","5940","8071.921","353804.9","724943.3","0","8.141943","179869.2","612.0012","520.201","0.7799614","58.48657","82989.21","82509.86"
"365.914382379561","200","276","999999","168.176952866476","LF","1117290","0.128656","45524.14","528776","66.40916","28305.8","10.30955","7.60359","1481","87108.95","28305.8","8886","12737.61","329322.9","674779.9","0","3.671857","89800.69","276.0005","234.6005","1.237055","52.22875","138544.3","112080.5"
"160.430517163997","200","230","999999","178.084651940672","LF","1117641","0.1498946","60516.49","335312.9","45.81126","37191.62","13.19801","5.767145","1905","115361.8","37191.62","11430","16736.23","144387.5","295848.7","0","3.05988","58311.62","230.0005","195.5004","1.296678","31.52756","197181.5","17078.32"
"425.365345208373","200","778","999999","161.008727470821","LF","1117837","0.1347059","31885.93","705631.4","84.77948","12714.32","9.068797","8.60038","710","38134.55","12714.32","4260","5721.446","382828.8","784412.9","0","10.35038","215719.3","778.0015","661.3013","0.4629377","62.61187","59568.09","82224.27"
"511.333333333333","200","601","999999","266","CC","1118658","0.1008387","26950.88","770250","69.22167","11106.53","8.60353","9.896197","225","42076.72","11106.53","1350","4997.937","460200","942945.8","0","7.995601","88883.86","601.0012","510.851","7.332629","75.52843","222042.5","298444"
"355.324554893679","200","270","999999","150.367169112225","LF","1118769","0.1329421","46905.16","512402.3","64.82415","28785.4","10.34007","7.493356","1508","88542.55","28785.4","9048","12953.43","319792.1","655251.3","0","3.592034","87963.72","270.0005","229.5005","1.236751","49.47398","140442.8","91283.6"
"377.347704249487","200","195","999999","183.545895344145","LF","1118864","0.1235346","46059.66","523426.7","65.00398","30383.69","10.22852","7.656071","1573","93874.23","30383.69","9438","13672.66","339612.9","695864","0","2.594247","66804.11","195.0004","165.7503","1.250208","53.30474","151309.7","140915.6"
"271.966367681712","200","90","999999","157.370153212978","LF","1120361","0.1325434","56150","394480.8","54.1649","38194.54","11.81932","6.205853","1971","118148.2","38194.54","11826","17187.54","244769.7","501531.1","0","1.197345","35668.25","90.00018","76.50015","1.259212","41.76817","181549.1","94170.22"
"253.993306167532","200","88","999999","186.730937394993","LF","1122282","0.1307789","56907.17","386613.3","53.98556","39038.63","11.93452","6.043694","2017","120705.1","39038.63","12102","17567.38","228594","468387.1","0","1.170737","35147.98","88.00018","74.80015","1.262957","42.25245","184747","104128.4"
"396.433168717423","200","265","999999","212.825981885377","LF","1123563","0.1197128","43061.29","566887.6","69.08833","28157.09","9.862718","7.952766","1472","86678.34","28157.09","8832","12670.69","356789.8","731059.3","0","3.525515","87191.46","265.0005","225.2505","1.235839","58.55971","137743","166319"
"454.821982161197","200","835","999999","184.131985295412","LF","1124836","0.1305761","28737.65","753329.4","87.48795","10722.43","8.854977","8.921265","596","32221.55","10722.43","3576","4825.092","409339.8","838733.7","0","11.1087","227501.5","835.0016","709.7514","0.3653083","66.93553","51153.98","106672.6"
"179.46824165574","200","93","999999","178.966733317391","LF","1127409","0.1446827","62575.66","318461.4","45.45025","40710.36","13.44351","5.694108","2097","126015.3","40710.36","12582","18319.66","161521.4","330956","0","1.237256","34990.58","93.00018","79.05016","1.284421","32.64209","202792.9","43078.08"
"384.893505620597","200","213","999999","166.008362128371","LF","1128092","0.1281224","46307.07","529456.7","64.83565","29742.63","9.940384","7.831464","1541","91867.24","29742.63","9246","13384.18","346404.2","709779.1","0","2.833715","72105.98","213.0004","181.0504","1.248846","51.72428","147633.7","121400.3"
"154.830614460405","200","306","999999","176.343045750729","LF","1129797","0.1535462","60417.38","348750.5","45.47684","36682.66","12.46372","5.897815","1877","113825.9","36682.66","11262","16507.2","139347.5","285521.9","0","4.070971","64847.11","306.0006","260.1005","1.285745","30.90171","196506.6","9485.95"
"389.850428486834","200","317","999999","164.459309725796","LF","1131389","0.1306172","44241.74","559453.2","68.39018","26803.92","9.720297","7.993959","1411","82296.73","26803.92","8466","12061.76","350865.4","718920.1","0","4.217314","101960.4","317.0006","269.4505","1.222659","53.59718","129499.6","110343.8"
"175.466728635979","200","86","999999","157.729925827077","LF","1131790","0.1457948","63821.31","306739","44.22755","41825.32","13.33716","5.64898","2158","129387.5","41825.32","12948","18821.39","157920.1","323576.8","0","1.144129","32984.38","86.00018","73.10014","1.286541","31.69111","205522.7","40804.32"
"222.087399608091","200","79","999999","142.215697317357","LF","1131953","0.1403528","61083.66","342293.4","48.74372","41159.89","12.69917","5.83795","2130","127188.5","41159.89","12780","18521.95","199878.7","409549.7","0","1.051003","32426.07","79.00016","67.15013","1.27123","36.0727","192582.7","64177.83"
"426.732900228089","200","237","999999","229.981898543402","LF","1133935","0.1156892","41897.48","592304.2","69.8811","28509.09","9.408409","9.428981","1481","87970.4","28509.09","8886","12829.09","384059.6","786934.8","0","3.153007","79249.12","237.0005","201.4504","1.235035","61.78337","140389.1","198503.8"
"349.725164952557","200","277","999999","131.931185642461","LF","1135200","0.1395916","48858.41","503582","63.34005","29538.39","10.12368","7.582687","1564","90491.64","29538.39","9384","13292.27","314752.7","644925.4","0","3.685161","89895.39","277.0005","235.4505","1.236597","46.78712","140124.7","69379.11"
"255.666666666667","200","271","999999","97.4054487179487","LF","1139392","0.1506785","56648.2","407071.6","54.74515","34129.47","11.22801","6.44372","1832","104004.1","34129.47","10992","15358.26","230100","471472.9","0","3.605338","85937.81","271.0005","230.3505","1.257689","37.87901","160706.8","25244.24"
"255.666666666667","200","75","999999","188.416666666667","LF","1142172","0.1322873","58541.56","385375","53.17203","40756.26","11.48501","6.225928","2111","125899.4","40756.26","12666","18340.32","230100","471472.9","0","0.9977871","31249.1","75.00015","63.75013","1.258497","41.88558","186855.1","108190"
"255.666666666667","200","620","999999","90.7716561221881","LF","1142348","0.1546932","50281.64","492331.5","65.96804","26772.13","10.28432","7.239367","1495","80299.19","26772.13","8970","12047.46","230100","471472.9","0","8.248374","164963.4","620.0012","527.001","0.7877455","43.84634","114102","11541.71"
"380.697460534528","200","911","999999","111.319301715221","LF","1142877","0.1495841","35513.7","683773.5","83.87061","14398.59","8.824329","8.73169","818","42876.96","14398.59","4908","6479.366","342627.7","702041.3","0","12.11979","233178.4","911.0018","774.3516","0.2929114","56.89376","52450.29","31326.05"
"431.924432222689","200","211","999999","201.871925812069","LF","1144862","0.1204117","43536.45","582043.6","68.06686","29260.73","9.207712","10.41343","1518","90335.13","29260.73","9108","13167.33","388732","796508.5","0","2.807108","71737.18","211.0004","179.3504","1.246744","58.46034","144526","175787.8"
"133.49729489686","200","195","999999","190.942436165256","LF","1148158","0.1563995","65130.67","306180.3","39.33848","40072.67","13.04097","5.733806","2045","124466.2","40072.67","12270","18032.7","120147.6","246181.3","0","2.594247","45715.31","195.0004","165.7503","1.299165","26.86898","220014.2","8183.381"
"117.963322295625","200","185","999999","140.167848273845","LF","1151770","0.1580055","67863.18","274467.3","35.27563","42118.94","13.58594","5.593737","2147","130875.7","42118.94","12882","18953.52","106167","217535.3","0","2.461208","39669.75","185.0004","157.2503","1.310165","24.08555","234085","4179.402"
"511.333333333333","200","601","999999","177.333333333333","CC","1152711","0.1199531","31642.69","743650","65.02045","11376.46","8.215347","10.15304","231","43087.58","11376.46","1386","5119.409","460200","942945.8","0","7.995601","88408.13","601.0012","510.851","6.818223","62.35177","216933.3","183661.6"
"200.569299915135","200","757","999999","166.229455394242","LF","1153807","0.1580515","50603.38","499631.2","59.55035","26672.85","9.789175","7.871388","1361","82850.09","26672.85","8166","12002.78","180512.4","369868.3","0","10.071","123142.2","757.0015","643.4513","0.8239717","39.25571","145570","5012.66"
"255.666666666667","200","301","999999","92.3611111111111","LF","1154029","0.1537606","57317.34","413058.3","54.96165","34124.78","10.79777","6.637498","1853","103518.5","34124.78","11118","15356.15","230100","471472.9","0","4.004452","94015.45","301.0006","255.8505","1.240158","37.73149","157961.8","20883.03"
"131.87924768598","200","155","999999","209.881760179615","LF","1154896","0.156819","66098.55","300405.8","38.46828","40811.66","13.02616","5.712187","2079","126843.8","40811.66","12474","18365.25","118691.3","243197.5","0","2.062093","40891.4","155.0003","131.7503","1.316522","26.40239","223688.6","9987.983"
"373.282552083333","200","229","999999","129.056891025641","LF","1154963","0.1412335","49742.09","511921.4","61.97481","30732.75","9.539636","7.990882","1616","94399.87","30732.75","9696","13829.74","335954.3","688367.4","0","3.046577","76531.61","229.0005","194.6504","1.244126","46.06303","146139.7","72889.88"
"407.460511388928","200","116","999999","158.631506608362","LF","1155800","0.1295931","48926.32","523303.9","61.54887","32981.71","9.354465","10.26755","1699","102089.7","32981.71","10194","14841.77","366714.5","751394.8","0","1.543244","43503.57","116.0002","98.6002","1.257247","49.80479","163184.3","130209.4"
"255.666666666667","200","177","999999","90.1567322685853","LF","1156083","0.1532722","59925.35","381397","49.6187","37266.46","11.00399","6.397493","1969","114259.7","37266.46","11814","16769.91","230100","471472.9","0","2.354778","60365.87","177.0004","150.4503","1.259241","34.37402","179694.7","23769.66"
"430.578405017921","200","423","999999","158.08646953405","LF","1156613","0.1349127","41455.51","620696.5","72.93879","23267.05","8.841409","8.64796","1258","70701.44","23267.05","7548","10470.17","387520.6","794026.3","0","5.62752","132142.8","423.0009","359.5507","1.124592","56.40101","108758.4","103473.1"
"380.697460534528","200","315","999999","131.740928372602","LF","1156665","0.1417422","47632.13","540900","65.68948","28171.26","9.302792","8.136894","1509","85917.85","28171.26","9054","12677.07","342627.7","702041.3","0","4.190706","101298.2","315.0006","267.7505","1.233551","48.63375","130663.3","71548.54"
"462.593684881462","200","157","999999","221.666666666667","LF","1157499","0.115345","42963.73","602084.3","68.18731","30561.03","8.87267","10.44297","1579","94492.66","30561.03","9474","13752.46","416334.3","853065.4","0","2.088701","55744.88","157.0003","133.4503","1.244749","61.73705","152456.3","216569.5"
"214.331148558708","200","857","999999","170.899970697962","LF","1158267","0.1581772","47948.06","538418","63.22021","24135.89","9.35014","8.271743","1230","75004.26","24135.89","7380","10861.15","192898","395246.4","0","11.40138","138461.7","857.0017","728.4515","0.7212991","41.6384","133329.3","6745.175"
"447.416666666667","200","301","999999","188.416666666667","LF","1159656","0.1258141","42174.06","614450","70.62498","26517.68","8.830513","8.741462","1396","81416.34","26517.68","8376","11932.96","402675","825077.6","0","4.004452","98160.23","301.0006","255.8505","1.222983","58.77026","128025.2","153302.2"
"511.333333333333","200","601","999999","266","LF","1163042","0.1159865","30384.17","770250","83.81918","16331.91","8.099939","10.70779","898","49295.73","16331.91","5388","7349.36","460200","942945.8","0","7.995601","181126.2","601.0012","510.851","0.7536849","75.01185","76212.81","215972.9"
"458.16265625","200","271","999999","193.607361111111","LF","1166208","0.1243554","42392.46","618178.6","70.1623","27303.51","8.704068","8.877668","1435","83881.6","27303.51","8610","12286.58","412346.4","844894.2","0","3.605338","89541.17","271.0005","230.3505","1.229782","59.39714","132570.3","165741.3"
"511.333333333333","200","541","999999","266","LF","1167797","0.1153833","31912.29","755250","82.03687","18282.72","8.125535","10.627","997","55367.26","18282.72","5982","8227.225","460200","942945.8","0","7.197371","165771.6","541.0011","459.8509","0.8824928","74.24752","85267.05","223215.5"
"388.826388888889","200","457","999999","123.763888888889","LF","1168322","0.1468123","45406.92","581322.9","70.54376","24562.5","8.817814","8.422369","1367","73773.97","24562.5","8202","11053.13","349943.8","717031.8","0","6.07985","140491","457.0009","388.4508","1.082123","50.71141","107552.9","55890.94"
"511.333333333333","200","1203","999999","266","LF","1169915","0.1237061","19273.97","920750","95.44402","3998.342","7.681719","10.02736","218","12109.42","3998.342","1308","1799.254","460200","942945.8","0","16.00451","273097.1","1203.002","1022.552","0.07499272","79.78524","21220.18","171867.2"
"490.373521903599","200","176","999999","229.115508578677","LF","1172838","0.1147026","41676.02","634070.8","69.70917","29774.13","8.452302","10.60833","1541","92000.72","29774.13","9246","13398.36","441336.2","904294","0","2.341474","61398.62","176.0004","149.6003","1.24426","64.25279","147585.1","231262"
"101.671364379085","200","120","999999","148.103758169935","LF","1173382","0.1613113","71742.02","245935.4","30.36414","44668.25","13.95101","5.498268","2271","138929.1","44668.25","13626","20100.71","91504.23","187491.4","0","1.596459","30009.43","120.0002","102.0002","1.333192","20.90747","252896.1","2987.698"
"104.795774838345","200","114","999999","157.695129520521","LF","1173465","0.1610847","71424.41","250124.7","31.10298","44476.7","13.81707","5.514692","2265","138250.4","44476.7","13590","20014.51","94316.2","193253.1","0","1.516636","30185.55","114.0002","96.90019","1.33285","21.4112","249990.3","3819.072"
"511.333333333333","200","180","999999","266","LF","1175034","0.1084554","39453.32","665000","71.71574","29486.14","8.277073","10.64833","1527","91090.76","29486.14","9162","13268.76","460200","942945.8","0","2.394689","62592.11","180.0004","153.0003","1.244527","69.92129","145953.1","278387.4"
"428.160695434151","200","122","999999","142.520763229084","LF","1176400","0.1357981","49336.52","538600.9","61.01127","32478.88","8.846697","10.45293","1672","100557.6","32478.88","10032","14615.49","385344.6","789567.8","0","1.623067","45275.75","122.0002","103.7002","1.254123","47.99977","160709.7","110420.2"
"476.041040958162","200","676","999999","140.157627195604","LF","1177309","0.1431694","35414.77","719484.3","82.19186","15388.09","8.157557","9.296857","874","45828.3","15388.09","5244","6924.641","428436.9","877863.6","0","8.993388","197570","676.0013","574.6011","0.6330384","60.34924","67449.2","76409.93"
"511.333333333333","200","361","999999","266","LF","1177457","0.1126952","36140.48","710250","76.70878","24180.73","8.128037","10.37116","1286","73952.4","24180.73","7716","10881.33","460200","942945.8","0","4.802682","116014.2","361.0007","306.8506","1.180139","72.01488","114289.6","248520.6"
"511.333333333333","200","1203","999999","177.333333333333","LF","1178183","0.1370495","21971.18","894150","94.98801","4117.565","7.633469","10.07582","225","12459.42","4117.565","1350","1852.904","460200","942945.8","0","16.00451","273097.1","1203.002","1022.552","0.07499272","72.18717","20870.18","105308.1"
"455.672569444444","200","255","999999","158.880304904514","LF","1178362","0.13345","44621.26","601519.4","67.64639","27779.88","8.576342","10.31724","1454","85478.98","27779.88","8724","12500.95","410105.3","840302.3","0","3.392476","84789.82","255.0005","216.7504","1.229701","54.03992","135508.4","123348.4"
"255.666666666667","200","1143","999999","133","LF","1181523","0.159928","42217.89","635750","73.23149","18501.7","8.325193","9.166082","979","56694.42","18501.7","5874","8325.767","230100","471472.9","0","15.20628","184977.2","1143.002","971.5519","0.47552","48.27504","96282.73","11792.1"
"396.986221794317","","1219","999999","216.360744266621","CC","1182784","0.1228333","35261.09","726945.8","66.94157","0","7.926764","9.77477","","","","","","357287.6","732079.2","0","16.21737","110599.3","1219.002","1036.152","6.594557","63.86179","246238.7","185525.1"
"511.333333333333","200","601","999999","177.333333333333","LF","1184277","0.1329917","34084.41","743650","81.77953","16383.99","7.86486","10.8517","903","49405.52","16383.99","5418","7372.793","460200","942945.8","0","7.995601","181126.2","601.0012","510.851","0.7536849","65.09974","76103.02","129142.9"
"364.086209228328","200","88","999999","114.199740338069","LF","1185403","0.146811","55808.53","463937.5","53.98486","36625.17","9.152022","10.27973","1894","113205.3","36625.17","11364","16481.32","327677.6","671408.6","0","1.170737","35043.81","88.00018","74.80015","1.254345","39.82655","174199","64896.66"
"415.393045625954","","1204","999999","220.439968534838","CC","1186412","0.1215246","34455.7","740985.8","67.83326","0","7.828114","9.890966","","","","","","373853.8","766023.1","0","16.01781","112489.2","1204.002","1023.402","6.618232","65.4449","242920.1","195831.2"
"400.944772404424","","1227","999999","214.582487562733","CC","1186445","0.1234278","35155.23","731975.1","67.27466","0","7.855516","9.836899","","","","","","360850.3","739379.1","0","16.3238","112867.5","1227.002","1042.952","6.540357","63.98865","243334.5","184207.2"
"407.740635094596","","1219","999999","213.093308698132","CC","1188149","0.1234087","35003.17","735644.6","67.40182","0","7.817838","9.885239","","","","","","366966.6","751911.3","0","16.21737","112921.7","1219.002","1036.152","6.567945","64.21663","242774.6","185383.9"
"401.58233755206","","1231","999999","217.571559538653","CC","1188543","0.1231122","35126.45","734445.6","67.34231","0","7.816597","9.86593","","","","","","361424.1","740554.9","0","16.37701","112879.4","1231.002","1046.352","6.606625","64.36369","243884.5","187420.9"
"417.4508164693","","1205","999999","215.994398459448","CC","1188760","0.1223221","34577.86","741754.1","67.74847","0","7.790071","9.929579","","","","","","375705.8","769817.8","0","16.03111","112455.8","1205.002","1024.252","6.583391","65.06916","242451.4","192384.5"
"408.953832842984","","1221","999999","218.806496710642","CC","1188781","0.1224973","34796.39","738950.4","67.64809","0","7.799225","9.896841","","","","","","368058.4","754148.6","0","16.24397","112714.9","1221.002","1037.852","6.569191","64.88609","242862.6","191317.7"
"","200","163","999999","108.0625","CC","1189185","0.1643565","80140.38","153168.8","0","49598.8","21.56459","5.108765","1197","183640.9","49598.8","7182","22319.46","","","0","2.168524","95835.55","163.0003","138.5503","11.54172","9.859784","396103.8","-1.314504E-13"
"","200","161","999999","109.447916666667","CC","1189323","0.1643757","80157.61","153084.4","0","49704.05","21.67986","5.104315","1195","184131.3","49704.05","7170","22366.82","","","0","2.141917","96054.48","161.0003","136.8503","11.56794","9.882308","395657.9","-2.14051E-13"
"","200","163","999999","110.833333333333","CC","1189423","0.1643895","80094.5","154000","0","49502.48","21.45348","5.113685","1180","183609.8","49502.48","7080","22276.12","","","0","2.168524","97295.21","163.0003","138.5503","11.71736","10.00996","396439","-1.314504E-13"
"","200","163","999999","113.604166666667","CC","1189452","0.1643935","80032.48","154831.3","0","49223.34","20.1368","5.499647","1158","182914.7","49223.34","6948","22150.5","","","0","2.168524","99140.69","163.0003","138.5503","11.93943","10.19982","397518.5","-1.563194E-13"
"","200","166","999999","108.333316965327","CC","1189473","0.1643964","80098.39","154000","0","49444.09","21.25494","5.122924","1190","183140.6","49444.09","7140","22249.84","","","0","2.208436","96407.63","166.0003","141.1003","11.61074","9.91864","396725","-1.714184E-13"
"","200","158","999999","108.0625","CC","1189484","0.1643979","80260.2","151918.8","0","49774.54","22.01425","5.090651","1212","184053","49774.54","7272","22398.54","","","0","2.102005","94758.28","158.0003","134.3003","11.41179","9.748952","395464.5","-1.714184E-13"
"","200","161","999999","106.677083333333","CC","1189590","0.1644125","80242.54","152253.1","0","49755.26","21.74605","5.10274","1218","183838.3","49755.26","7308","22389.87","","","0","2.141917","93947.83","161.0003","136.8503","11.31445","9.66557","395512.1","-1.429967E-13"
"","200","160","999999","107.116212707368","CC","1189603","0.1644143","80252.7","152134.9","0","49816.07","21.83463","5.09873","1216","184140.3","49816.07","7296","22417.23","","","0","2.128613","94243.84","160.0003","136.0003","11.35001","9.696025","395271.2","-1.421085E-13"
"","200","158","999999","105.291666666667","CC","1189624","0.1644173","80335.35","151087.5","0","49877.39","22.09661","5.088305","1234","184001","49877.39","7404","22444.82","","","0","2.102005","92599.53","158.0003","134.3003","11.15203","9.526855","395066.8","-2.500222E-13"
"","200","158","999999","110.41084035958","CC","1189683","0.1644254","80221.09","152623.3","0","49714.85","20.66232","5.476758","1196","184154.9","49714.85","7176","22371.68","","","0","2.102005","96246.85","158.0003","134.3003","11.59091","9.9021","395672.7","-2.131628E-13"
"","200","169","999999","110.833333333333","CC","1189870","0.1644513","80013.08","155500","0","49305.43","20.88404","5.140242","1167","183063","49305.43","7002","22187.44","","","0","2.248347","98349.58","169.0003","143.6503","11.84459","10.11843","397208.8","-1.278977E-13"
"","200","158","999999","110.833333333333","CC","1189871","0.1644514","80225.88","152750","0","49750","20.62191","5.478174","1196","184303.8","49750","7176","22387.5","","","0","2.102005","96251.34","158.0003","134.3003","11.59145","9.902561","395524.7","-1.598721E-13"
"","200","150","999999","105.291666666667","CC","1189966","0.1644646","80516.54","149087.5","0","49987.21","21.17712","5.436246","1251","184089.4","49987.21","7506","22494.25","","","0","1.995574","91580.27","150.0003","127.5003","11.0289","9.421991","394761.6","-1.425526E-13"
"","200","169","999999","113.604166666667","CC","1189987","0.1644674","79957.78","156331.3","0","49157.06","21.1531","5.14268","1146","182900","49157.06","6876","22120.68","","","0","2.248347","100231.1","169.0003","143.6503","12.071","10.31201","397763.8","-9.947598E-14"
"","200","152","999999","108.0625","CC","1189991","0.1644679","80415.43","150418.8","0","49916.6","21.34979","5.447135","1226","184344.5","49916.6","7356","22462.47","","","0","2.022182","93849.91","152.0003","129.2003","11.30212","9.655497","394980.4","-2.025047E-13"
"","200","170","999999","112.025356731295","CC","1190083","0.1644806","79982.5","156107.6","0","49303.05","20.74051","5.147445","1158","183252.5","49303.05","6948","22186.37","","","0","2.261651","99103.49","170.0003","144.5003","11.93537","10.196","397176.9","-1.154632E-13"
"389.111163526153","","1248","999999","209.157351803423","CC","1190168","0.1253746","35986.84","724947.3","66.47343","0","7.820276","9.840443","","","","","","350200.1","717556.9","0","16.60318","110856.5","1248.002","1060.802","6.51826","62.58344","246191.3","174951.9"
"","200","166","999999","114.989583333333","CC","1190219","0.1644994","80001.57","155996.9","0","49114.31","20.12704","5.515511","1143","182785.3","49114.31","6858","22101.44","","","0","2.208436","100738.2","166.0003","141.1003","12.13183","10.36418","397982.4","-1.110223E-13"
"","200","158","999999","113.604166666667","CC","1190237","0.164502","80189.88","153581.3","0","49535.02","20.53382","5.479983","1178","183792","49535.02","7068","22290.76","","","0","2.102005","97822.88","158.0003","134.3003","11.78055","10.06425","396363.9","-1.882938E-13"
"411.407274945531","","1221","999999","215.620816374164","CC","1190405","0.1230202","34825.07","740202.8","67.66018","0","7.77073","9.927438","","","","","","370266.6","758672.9","0","16.24397","112878.3","1221.002","1037.852","6.522776","64.67993","242069.7","189139.9"
"","200","150","999999","107.721514175998","CC","1190416","0.1645266","80494.9","149816.5","0","49985.13","21.54755","5.438444","1235","184435.4","49985.13","7410","22493.31","","","0","1.995574","93267.69","150.0003","127.5003","11.23194","9.595596","394767.2","-2.202682E-13"
"","200","152","999999","102.520833333333","CC","1190553","0.1645456","80587.52","148756.3","0","50281.38","22.24878","5.066976","1276","184781.6","50281.38","7656","22626.62","","","0","2.022182","89152.3","152.0003","129.2003","10.73686","9.172195","393564.8","-1.851852E-13"
"","200","163","999999","105.291666666667","CC","1190613","0.1645539","80315.14","152337.5","0","49775.66","21.5237","5.114369","1230","183658.6","49775.66","7380","22399.05","","","0","2.168524","93171.3","163.0003","138.5503","11.22113","9.585679","395531.1","-1.283418E-13"
"","200","163","999999","116.375","CC","1190668","0.1645615","80062.2","155662.5","0","49170.84","20.35317","5.503056","1142","183047","49170.84","6852","22126.88","","","0","2.168524","101054.3","163.0003","138.5503","12.16969","10.3967","397784.8","-1.003642E-13"
"","200","147","999999","105.291666666667","CC","1190789","0.1645783","80638.21","148337.5","0","50104.16","21.44169","5.424343","1263","184318.9","50104.16","7578","22546.87","","","0","1.955663","90885.71","147.0003","124.9502","10.94514","9.350533","394385.8","-2.278178E-13"
"","200","147","999999","99.75","CC","1190824","0.1645831","80769.49","146675","0","50288.34","22.86128","5.043567","1305","184167.9","50288.34","7830","22629.75","","","0","1.955663","86986.52","147.0003","124.9502","10.47595","8.949375","393724.4","-1.714184E-13"
"","200","169","999999","108.0625","CC","1190885","0.1645916","80155.89","154668.8","0","49559.78","20.8762","5.146125","1199","183431.2","49559.78","7194","22301.9","","","0","2.248347","95981.34","169.0003","143.6503","11.55962","9.874783","396347.2","-1.287859E-13"
"511.333333333333","200","541","999999","177.333333333333","LF","1190954","0.132874","35761.23","728650","79.7161","18329.18","7.821954","10.78137","1003","55431.08","18329.18","6018","8248.132","460200","942945.8","0","7.197371","165771.6","541.0011","459.8509","0.8824928","64.02203","85203.23","133640.2"
"","200","169","999999","116.375","CC","1191014","0.1646093","79972.91","157162.5","0","49123.73","19.75128","5.532905","1132","183069.2","49123.73","6792","22105.68","","","0","2.248347","101876.6","169.0003","143.6503","12.269","10.4813","397937.3","-1.065814E-13"
"","200","158","999999","102.520833333333","CC","1191080","0.1646184","80512.23","150256.3","0","50119.23","21.62136","5.093858","1267","184294","50119.23","7602","22553.65","","","0","2.102005","89924.84","158.0003","134.3003","10.83018","9.251677","394216.6","-1.887379E-13"
"","200","151","999999","114.440977251591","CC","1191153","0.1646286","80376.69","152082.3","0","49700.43","21.05544","5.450931","1196","184093.8","49700.43","7176","22365.19","","","0","2.008878","96869.96","151.0003","128.3503","11.66547","9.966207","395859.8","-1.705303E-13"
"","200","158","999999","116.375","CC","1191155","0.1646288","80196.55","154412.5","0","49420.15","20.3604","5.482074","1159","183726.6","49420.15","6954","22239.07","","","0","2.102005","99898.35","158.0003","134.3003","12.0303","10.27777","396861.8","-1.669775E-13"
"","200","166","999999","105.92260847091","CC","1191251","0.1646421","80291.82","153276.8","0","49676.89","21.21129","5.130921","1222","183417.5","49676.89","7332","22354.6","","","0","2.208436","94149.76","166.0003","141.1003","11.33905","9.686345","395977.7","-1.518785E-13"
"","200","157","999999","100.781846788194","CC","1191621","0.1646933","80613.84","149484.5","0","50228.44","21.75193","5.089589","1284","184379.8","50228.44","7704","22602.8","","","0","2.088701","88657.27","157.0003","133.4503","10.67759","9.121266","393866.2","-3.339551E-13"
"","200","147","999999","110.833333333333","CC","1191665","0.1646993","80577.31","150000","0","50050.01","21.58326","5.430357","1230","184821.2","50050.01","7380","22522.5","","","0","1.955663","94224.83","147.0003","124.9502","11.34694","9.694069","394579.1","-2.033929E-13"
"385.588514554823","","1260","999999","216.267797740981","CC","1192131","0.1247692","35986.84","726910","66.58627","0","7.785507","9.851163","","","","","","347029.7","711060.8","0","16.76283","110979.9","1260.003","1071.002","6.567036","63.0927","246959.8","179719.7"
"","200","180","999999","121.916666666667","CC","1192197","0.1647728","79723.09","161575","0","48658.67","19.79306","5.2188","1082","182207.2","48658.67","6492","21896.4","","","0","2.394689","105758.4","180.0004","153.0003","12.73676","10.88067","399614.1","-1.563194E-13"
"","200","150","999999","96.2720269097223","CC","1192499","0.1648146","80921.75","146381.6","0","50276.15","22.64123","5.060023","1338","183384.5","50276.15","8028","22624.27","","","0","1.995574","84367.12","150.0003","127.5003","10.16094","8.679885","393964.4","-1.474376E-13"
"","200","176","999999","109.998655520954","CC","1192533","0.1648193","80103.02","156999.6","0","49453.38","20.1664","5.191004","1182","183357.3","49453.38","7092","22254.02","","","0","2.341474","97720.99","176.0004","149.6003","11.76937","10.05376","396787.4","-9.947598E-14"
"","200","158","999999","99.75","CC","1192619","0.1648312","80695.64","149425","0","50237.72","21.69861","5.097912","1297","184130.8","50237.72","7782","22606.97","","","0","2.102005","87813.02","158.0003","134.3003","10.57606","9.034407","393939.8","-1.652012E-13"
"","200","147","999999","116.375","CC","1192773","0.1648525","80534.45","151662.5","0","49897.95","21.06401","5.441904","1214","184531.7","49897.95","7284","22454.08","","","0","1.955663","95567.92","147.0003","124.9502","11.50855","9.83225","395148.4","-2.460254E-13"
"","200","163","999999","102.520833333333","CC","1192868","0.1648655","80553.86","151506.3","0","50012.92","21.07957","5.124606","1269","183799.2","50012.92","7614","22505.82","","","0","2.168524","90310.35","163.0003","138.5503","10.87687","9.291339","394794.5","-1.283418E-13"
"","200","142","999999","109.870247097247","CC","1193074","0.1648941","80805.4","148461.1","0","50265.82","21.44979","5.410103","1257","185137","50265.82","7542","22619.62","","","0","1.889144","92491.51","142.0003","120.7002","11.13807","9.515741","393899.4","-2.362555E-13"
"","200","158","999999","121.916666666667","CC","1193173","0.1649078","80224.1","156075","0","49448.11","20.19548","5.494228","1143","184199.9","49448.11","6858","22251.65","","","0","2.102005","101603.8","158.0003","134.3003","12.23551","10.45324","396743.7","-2.593481E-13"
"","200","135","999999","99.75","CC","1193244","0.1649175","81188.74","143675","0","50707.86","22.75899","5.369731","1341","185147.4","50707.86","8046","22818.54","","","0","1.796017","85308.95","135.0003","114.7502","10.27337","8.776783","392388.8","-9.521273E-13"
"","200","169","999999","105.291666666667","CC","1193266","0.1649206","80404.35","153837.5","0","49834.93","20.87668","5.155968","1236","183776.7","49834.93","7416","22425.72","","","0","2.248347","93469.25","169.0003","143.6503","11.25734","9.616334","395478.4","-1.221245E-13"
"","200","180","999999","110.833333333333","CC","1193919","0.1650108","80113.52","158250","0","49232.52","19.70594","5.219105","1176","182554.4","49232.52","7056","22154.63","","","0","2.394689","98747.38","180.0004","153.0003","11.89149","10.15936","397791.3","-1.065814E-13"
"403.760569953869","","1244","999999","213.320181782823","CC","1194020","0.1243979","35245.69","738380.6","67.47223","0","7.722327","9.944892","","","","","","363384.5","744571.8","0","16.54996","113101.1","1244.002","1057.402","6.404476","63.92947","241511.5","183077.9"
"","200","135","999999","88.6666666666667","CC","1194304","0.165064","81527.91","140350","0","50627.91","23.78364","5.008177","1446","182480.1","50627.91","8676","22782.56","","","0","1.796017","75682.29","135.0003","114.7502","9.114987","7.78637","393050.8","-1.217082E-13"
"","200","192","999999","127.458333333333","CC","1194962","0.165155","79576.35","166237.5","0","48251.82","18.7991","5.310507","1042","181370.2","48251.82","6252","21713.32","","","0","2.554335","109487.6","192.0004","163.2003","13.18257","11.26434","401201.1","-1.563194E-13"
"","200","182","999999","107.775258159454","CC","1195607","0.1652442","80276.41","157832.6","0","49553.43","19.82305","5.241711","1213","183093.8","49553.43","7278","22299.04","","","0","2.421297","95951.88","182.0004","154.7003","11.55686","9.871752","396685.7","-9.592327E-14"
"","200","180","999999","133","CC","1195729","0.1652611","79739.17","164900","0","48375.21","18.28596","5.612316","1041","181915.2","48375.21","6246","21768.84","","","0","2.394689","110107.9","180.0004","153.0003","13.26014","11.32816","400812.2","-1.456613E-13"
"255.666666666667","200","902","999999","75.1588541666667","LF","1195816","0.1638098","49326.41","558147.6","68.97175","25615.72","8.520605","8.544893","1437","76684.88","25615.72","8622","11527.08","230100","471472.9","0","12.00005","201531.9","902.0018","766.7015","0.3427411","44.82148","98528.17","4999.134"
"","200","135","999999","110.833333333333","CC","1196224","0.1653294","81162.04","147000","0","50577.68","21.70499","5.394842","1312","185238.9","50577.68","7872","22759.96","","","0","1.796017","88024.39","135.0003","114.7502","10.60011","9.056153","392863.1","-2.4869E-13"
"","200","182","999999","105.349170468157","CC","1196631","0.1653856","80411.88","157104.8","0","49549.66","19.81273","5.247195","1242","182434.7","49549.66","7452","22297.35","","","0","2.421297","93571.33","182.0004","154.7003","11.27041","9.626836","396848.8","-1.065814E-13"
"","200","158","999999","133","CC","1197262","0.1654728","80283.14","159400","0","49501.7","19.29938","5.52769","1138","184537.8","49501.7","6828","22275.76","","","0","2.102005","101903","158.0003","134.3003","12.27151","10.48401","396468.1","-2.23821E-13"
"6.27820066846966","200","179","999999","170.345698634939","CC","1197282","0.1654757","78574.89","181504.1","0","47125.13","16.33578","5.704621","1011","177283","47125.13","6066","21206.3","5650.38","11577.58","0","2.381385","110133.7","179.0004","152.1503","13.06137","12.39465","394269.1","-2.593481E-13"
"","200","150","999999","133","CC","1197971","0.1655709","80492.75","157400","0","49538.14","19.45734","5.500086","1184","183672.2","49538.14","7104","22292.16","","","0","1.995574","97947.46","150.0003","127.5003","11.79506","10.07706","396505.3","-2.273737E-13"
"413.490573345524","","1237","999999","216.7449453042","CC","1198174","0.1235095","34945.49","746415","67.7457","0","7.637441","10.01459","","","","","","372141.5","762514.8","0","16.45684","112647.5","1237.002","1051.452","6.507297","64.88371","242042.6","191005"
"","200","190","999999","109.847097212536","CC","1198666","0.1656669","80310.23","160454.1","0","49328.47","18.91042","5.310106","1205","182318","49328.47","7230","22197.81","","","0","2.527727","97754.3","190.0004","161.5003","11.77237","10.05719","397824.4","-1.074696E-13"
"412.495443841183","","1242","999999","220.621697951739","CC","1199005","0.1230945","34892.46","747932.4","67.84991","0","7.621573","10.01706","","","","","","371245.9","760679.6","0","16.52336","112687.9","1242.002","1055.702","6.522947","65.22589","242242.1","194051.3"
"438.565935993123","","1194","999999","216.799648583354","CC","1199096","0.1217638","34101.39","758249.3","68.26057","0","7.590588","10.05952","","","","","","394709.3","808756.1","0","15.88477","112401.7","1194.002","1014.902","6.682181","66.39281","241779.5","202356.6"
"","200","203","999999","121.916666666667","CC","1200720","0.1659508","79937.62","167325","0","48819.9","17.89385","5.417601","1102","182446.9","48819.9","6612","21968.95","","","0","2.700677","106461.2","203.0004","172.5503","12.82271","10.95297","399533.5","-1.065814E-13"
"411.637248301476","","1244","999999","201.631598013627","CC","1201437","0.1266322","35542.28","741963","67.25368","0","7.598878","10.03105","","","","","","370473.5","759097.1","0","16.54996","112884.2","1244.002","1057.402","6.329759","63.00767","240327.9","174485.7"
"433.706549043505","","1208","999999","208.985125883047","CC","1201505","0.1238042","34536.66","755031.4","68.01983","0","7.563087","10.06566","","","","","","390335.9","799794.9","0","16.07103","112524.5","1208.002","1026.802","6.465179","65.09712","240079.9","191295.8"
"","200","119","999999","105.367993891016","CC","1202071","0.1661375","82050.61","141360.4","0","51310.08","22.41336","5.345898","1467","184905.2","51310.08","8802","23089.54","","","0","1.583156","75606.63","119.0002","101.1502","9.104921","7.778586","390600.9","-1.421085E-13"
"456.323772780954","","1158","999999","197.512671404047","CC","1202386","0.1248818","34263.41","759445.2","67.92347","0","7.535343","10.10855","","","","","","410691.4","841503.1","0","15.40583","111852.5","1158.002","984.3019","6.47102","64.5607","238900.4","185430.8"
"","200","204","999999","119.145833333333","CC","1202893","0.1662511","80150.67","166743.8","0","49036.71","17.71535","5.440759","1139","182545.2","49036.71","6834","22066.52","","","0","2.713981","104315.6","204.0004","173.4003","12.56459","10.73223","398988.8","-1.230127E-13"
"396.906777156255","","1277","999999","222.206297561038","CC","1202914","0.1243978","35566.44","743128","67.43394","0","7.577103","10.01333","","","","","","357216.1","731932.7","0","16.98899","113163.1","1277.003","1085.452","6.544432","64.47014","243597","188579.7"
"","200","189","999999","100.781846788194","CC","1203039","0.1662713","80878.2","157484.5","0","49998.04","19.38357","5.161116","1315","182716","49998.04","7890","22499.12","","","0","2.514424","89077.41","189.0004","160.6503","10.73007","9.16449","395635.3","-8.526513E-14"
"427.620112589561","","1227","999999","214.072223633361","CC","1203396","0.123618","34621.23","755829.8","68.1207","0","7.534476","10.06542","","","","","","384858.1","788570.9","0","16.3238","112730.6","1227.002","1042.952","6.427054","65.32342","240060.6","193592.7"
"","200","113","999999","99.75","CC","1204103","0.1664183","82454.16","138175","0","51737.85","22.39948","5.32192","1540","185099.1","51737.85","9240","23282.03","","","0","1.503333","70120.92","113.0002","96.05019","8.444464","7.214203","389260.9","-1.634248E-13"
"255.666666666667","200","90","999999","77.2166849772135","LF","1204837","0.1617303","65679.41","355765","42.35362","42006.76","9.753335","10.08954","2198","129269.3","42006.76","13188","18903.04","230100","471472.9","0","1.197345","35751.96","90.00018","76.50015","1.263607","29.20445","202926.1","16574.63"
"","200","135","999999","133","CC","1204996","0.1665419","81326.25","153650","0","50574.63","19.53763","5.465686","1310","185270.3","50574.63","7860","22758.58","","","0","1.796017","88165.48","135.0003","114.7502","10.61709","9.070669","392861.1","-2.771117E-13"
"","200","112","999999","100.781846788194","CC","1205512","0.1666132","82558.61","138234.5","0","51879.25","22.25872","5.32531","1554","185387.9","51879.25","9324","23345.66","","","0","1.490029","69173.23","112.0002","95.20019","8.330367","7.116703","388774.2","-2.131628E-13"
"","200","150","999999","155.166666666667","CC","1206912","0.1668066","80669.92","164050","0","49538.14","17.68913","5.57112","1184","183672.2","49538.14","7104","22292.16","","","0","1.995574","97947.46","150.0003","127.5003","11.79506","10.07706","396505.3","-2.273737E-13"
"437.219384268523","","1222","999999","223.765706850611","CC","1206939","0.1217391","34098.71","766127.2","68.6256","0","7.458072","10.09841","","","","","","393497.4","806272.9","0","16.25728","112339.5","1222.002","1038.702","6.539272","66.96235","240610.9","207447.1"
"","200","150","999999","82.201388888889","CC","1206945","0.1668111","82365.73","142160.4","0","51416.53","21.77967","5.079625","1573","183005.6","51416.53","9438","23137.44","","","0","1.995574","68551.23","150.0003","127.5003","8.257809","7.05271","391047.9","-7.838175E-14"
"511.333333333333","200","361","999999","177.333333333333","LF","1206977","0.1318594","40481.64","683650","73.41456","24199.58","7.733845","10.56234","1289","73965.77","24199.58","7734","10889.81","460200","942945.8","0","4.802682","116014.2","361.0007","306.8506","1.180139","60.5827","114276.3","148374.7"
"","200","180","999999","88.6666666666667","CC","1207140","0.1668381","81650.61","151600","0","50341.68","20.47404","5.149307","1463","180890.1","50341.68","8778","22653.76","","","0","2.394689","77119.89","180.0004","153.0003","9.290682","7.934273","394965.1","-1.012523E-13"
"","200","225","999999","110.833333333333","CC","1208001","0.1669571","80332.56","169500","0","49315.11","17.0025","5.263965","1213","182083.9","49315.11","7278","22191.8","","","0","2.993361","98635.97","225.0004","191.2504","11.88242","10.1479","398278.6","-9.947598E-14"
"","200","203","999999","99.75","CC","1208808","0.1670686","81077.63","160675","0","50390.3","18.1516","5.209712","1337","183890.4","50390.3","8022","22675.64","","","0","2.700677","88536.38","203.0004","172.5503","10.66581","9.108829","394355.9","-9.237056E-14"
"","200","225","999999","133","CC","1208820","0.1670703","79881.55","176150","0","47987.51","15.96469","5.681318","1049","180094.8","47987.51","6294","21594.38","","","0","2.993361","113079.5","225.0004","191.2504","13.61677","11.63388","403243","-9.592327E-14"
"","200","229","999999","104.930881076389","CC","1208937","0.1670865","80464.64","168729.3","0","49372.37","17.22171","5.270631","1251","181483.9","49372.37","7506","22217.57","","","0","3.046577","95400.52","229.0005","194.6504","11.49037","9.815026","398179.4","-6.750156E-14"
"","200","225","999999","155.166666666667","CC","1209701","0.1671921","79435.3","182800","0","47165.18","15.46705","5.777395","982","178095.8","47165.18","5892","21224.33","","","0","2.993361","115487.1","225.0004","191.2504","13.90648","11.88158","405743.5","-3.232969E-13"
"511.333333333333","200","180","999999","177.333333333333","LF","1209728","0.1283513","44194.73","638400","67.48705","29486.14","7.770859","10.8923","1527","91090.76","29486.14","9162","13268.76","460200","942945.8","0","2.394689","62592.11","180.0004","153.0003","1.244527","57.47814","145953.1","169385.4"
"","200","110","999999","109.88564758255","CC","1210143","0.1672531","82744.21","140465.7","0","52011.95","21.24528","5.351897","1575","185484.5","52011.95","9450","23405.38","","","0","1.463421","67453.66","110.0002","93.50019","8.123331","6.93979","388318.3","-2.273737E-13"
"","200","296","999999","110.833333333333","CC","1210196","0.1672605","79129.38","187250","0","46611.99","15.30857","5.423744","1092","173312.2","46611.99","6552","20975.39","","","0","3.937933","106944.8","296.0006","251.6005","12.8865","11.00273","408820.6","0"
"","200","209","999999","93.7465277777778","CC","1210336","0.1672798","81219.16","160374","0","50173.25","18.02381","5.225927","1387","181861.8","50173.25","8322","22577.96","","","0","2.7805","84137.92","209.0004","177.6504","10.13691","8.656305","395471.6","-7.105427E-15"
"","200","180","999999","177.333333333333","CC","1213089","0.1676603","80053.18","178200","0","48373.21","15.42807","5.750246","1034","182062","48373.21","6204","21767.95","","","0","2.394689","110558.9","180.0004","153.0003","13.31441","11.37456","400759.3","-2.593481E-13"
"","200","135","999999","155.166666666667","CC","1213937","0.1677775","81503.42","160300","0","50574.63","17.66149","5.53732","1310","185270.3","50574.63","7860","22758.58","","","0","1.796017","88165.48","135.0003","114.7502","10.61709","9.070669","392861.1","-2.771117E-13"
"421.909132305881","","1264","999999","215.782681287806","CC","1214016","0.1248325","35085.07","760453","68.04131","0","7.367716","10.11361","","","","","","379718.2","778039.4","0","16.81604","112992.2","1264.003","1074.402","6.429142","65.19945","240420.1","192795"
"399.955571801187","","1302","999999","211.501421534748","CC","1214550","0.1271591","36019.22","748910.4","67.36192","0","7.387057","10.08234","","","","","","359960","737554.9","0","17.32158","113396.1","1302.003","1106.702","6.325727","63.47366","241144.4","179347.8"
"","200","150","999999","177.333333333333","CC","1215852","0.1680422","80847.09","170700","0","49538.14","16.12746","5.642155","1184","183672.2","49538.14","7104","22292.16","","","0","1.995574","97947.46","150.0003","127.5003","11.79506","10.07706","396505.3","-2.273737E-13"
"408.58984394437","","1296","999999","246.215364855451","CC","1216285","0.1215575","34862.77","765595.5","68.44807","0","7.326533","10.10124","","","","","","367730.9","753477.4","0","17.24176","113220.4","1296.003","1101.602","6.745626","67.57837","244210.4","214485.4"
"","200","282","999999","123.763888888889","CC","1216826","0.1681768","79612.88","187629.2","0","47640.55","14.90516","5.42083","1071","178136.7","47640.55","6426","21438.25","","","0","3.75168","111560.3","282.0005","239.7005","13.44104","11.47758","404949.9","-1.065814E-13"
"","200","158","999999","74.8125","CC","1217148","0.1682213","83171.72","141943.8","0","52166.87","20.47947","5.137499","1721","182903.3","52166.87","10326","23475.09","","","0","2.102005","58516.62","158.0003","134.3003","7.050609","6.020325","389062.4","3.108624E-14"
"","200","92","999999","93.7465277777778","CC","1219555","0.168554","84194.91","131124","0","52810.75","23.00068","5.050279","1826","183303.3","52810.75","10956","23764.84","","","0","1.223952","49601.96","92.00018","78.20016","5.974149","5.103165","386770.5","-1.065814E-13"
"607.208333333333","200","301","999999","133","CC","1220562","0.1380644","37046.89","741637.5","59.91305","21423.82","7.265862","10.65144","530","79034.75","21423.82","3180","9640.717","546487.5","1119748","0","4.004452","66500.56","301.0006","255.8505","6.368986","53.47594","195101.3","124163.9"
"","200","90","999999","88.6666666666667","CC","1220883","0.1687376","84454.21","129100","0","52993.96","23.62193","5.039088","1864","183237","52993.96","11184","23847.28","","","0","1.197345","47238.2","90.00018","76.50015","5.689598","4.859976","386343.3","-9.947598E-14"
"","200","301","999999","133","CC","1221185","0.1687793","79368.31","195150","0","46513.11","13.78254","5.479383","1000","174933.4","46513.11","6000","20930.9","","","0","4.004452","118524.9","301.0006","255.8505","14.28023","12.19412","409614.6","-1.207923E-13"
"","200","301","999999","88.6666666666667","CC","1221901","0.1688783","80452.52","181850","0","48596.57","15.02563","5.470222","1350","176000.8","48596.57","8100","21868.46","","","0","4.004452","86990.6","301.0006","255.8505","10.48571","8.949795","401977.9","1.421085E-13"
"","200","271","999999","133","CC","1221913","0.1688799","80004.8","187650","0","48201.95","14.77561","5.418709","1063","180693.1","48201.95","6378","21690.88","","","0","3.605338","114734","271.0005","230.3505","13.82227","11.8041","403048.5","-1.705303E-13"
"","200","97","999999","118.963050579203","CC","1225780","0.1694143","83994.52","139938.9","0","52671.56","19.49882","5.156748","1768","183999.7","52671.56","10608","23702.2","","","0","1.290471","53525.35","97.00019","82.45016","6.446552","5.506813","386894.3","-9.237056E-14"
"","200","361","999999","88.6666666666667","CC","1226362","0.1694947","79637.24","196850","0","47679.54","13.52588","5.628994","1300","173223.4","47679.54","7800","21455.79","","","0","4.802682","89831.41","361.0007","306.8506","10.82609","9.242064","405333.6","1.988409E-13"
"491.654722138597","","1167","999999","216.077072959907","CC","1226659","0.1218074","33076.44","799062.4","69.44624","0","7.105066","10.291","","","","","","442489.3","906656.6","0","15.52557","111314.6","1167.002","991.952","6.585911","68.68858","238012.3","219526.8"
"402.64351700229","","1326","999999","191.263419240649","CC","1227416","0.1322545","36832.87","751258.2","66.93979","0","7.18653","10.15953","","","","","","362379.2","742511.8","0","17.64088","113330.6","1326.003","1127.102","5.938773","61.11016","237340.5","158366.3"
"","200","301","999999","155.166666666667","CC","1229076","0.1698699","79464.32","201800","0","46389.64","12.99573","5.546338","992","174587.5","46389.64","5952","20875.34","","","0","4.004452","118761.5","301.0006","255.8505","14.30871","12.21846","410009.7","-2.415845E-13"
"","200","90","999999","110.833333333333","CC","1229824","0.1699732","84631.38","135750","0","52993.96","20.54996","5.138642","1864","183237","52993.96","11184","23847.28","","","0","1.197345","47238.2","90.00018","76.50015","5.689598","4.859976","386343.3","-9.947598E-14"
"103.724357088502","200","326","999999","143.784092665108","LF","1229860","0.1699508","72084.43","297987.2","31.60086","43532.66","9.755093","5.9906","2210","135469.6","43532.66","13260","19589.7","93351.92","191277.3","0","4.337048","37012.91","326.0006","277.1006","1.315574","21.57834","247415.1","90.33434"
"","200","135","999999","60.9583333333333","CC","1230904","0.1701225","85002.14","132037.5","0","53180.49","20.90126","5.125713","1988","181277.6","53180.49","11928","23931.22","","","0","1.796017","40337.75","135.0003","114.7502","4.861972","4.150041","386890.2","0"
"","200","271","999999","177.333333333333","CC","1233503","0.1704818","79872.52","200950","0","46939.18","12.26289","5.535669","1010","176517.2","46939.18","6060","21122.63","","","0","3.605338","116916.6","271.0005","230.3505","14.08491","12.02865","407679.1","-2.700062E-13"
"475.11801424892","200","159","999999","125.569254527978","LF","1234556","0.1478068","50243.88","585027","61.22015","31744.82","7.532394","10.95847","1653","97868.18","31744.82","9918","14285.17","427606.2","876161.4","0","2.115309","56342.23","159.0003","135.1503","1.242241","46.46476","152689.2","86412.3"
"464.519729222527","","1244","999999","215.35206215966","CC","1234565","0.1243916","34104.9","793673.4","69.20738","0","7.004243","10.29083","","","","","","418067.8","856617.3","0","16.54996","112075.1","1244.002","1057.402","6.266734","67.25011","236403.9","208155"
"382.383123505511","","1387","999999","214.313888075577","CC","1235324","0.13063","37140.54","755189","67.14948","0","7.062783","10.16723","","","","","","344144.8","705149.8","0","18.45241","114007.1","1387.003","1178.952","6.091799","62.48641","240306.3","172003.2"
"","200","361","999999","177.333333333333","CC","1238294","0.1711439","78502.61","223450","0","43304.5","11.36636","5.743998","882","163953","43304.5","5292","19487.03","","","0","4.802682","125953","361.0007","306.8506","15.17768","12.95834","422175.7","-3.126388E-13"
"","200","301","999999","177.333333333333","CC","1238755","0.1712076","79698.59","208450","0","46428.98","11.98848","5.618753","995","174687.7","46428.98","5970","20893.04","","","0","4.004452","118920.2","301.0006","255.8505","14.3278","12.23479","409942.6","-2.273737E-13"
"","200","90","999999","133","CC","1238764","0.1712089","84808.55","142400","0","52993.96","18.01711","5.238196","1864","183237","52993.96","11184","23847.28","","","0","1.197345","47238.2","90.00018","76.50015","5.689598","4.859976","386343.3","-9.947598E-14"
"452.762823808294","","1287","999999","225.688759022445","CC","1240741","0.1239926","34329.67","796943.2","69.36567","0","6.912703","10.30364","","","","","","407486.5","834936.4","0","17.12203","112457.1","1287.003","1093.952","6.283854","67.90755","237125.7","214432.4"
"511.333333333333","","1203","999999","266","CC","1243147","0.1141555","31127.15","840750","71.50642","0","6.81952","10.3967","","","","","","460200","942945.8","0","16.00451","110855.4","1203.002","1022.552","6.91519","76.04163","240025.6","282850.8"
"146.635234640084","200","642","999999","163.004789365027","LF","1243422","0.1718526","63589.09","421373.2","44.50646","35907.94","8.080194","10.21239","1822","111762.5","35907.94","10932","16158.57","131971.7","270408.9","0","8.541058","69431.43","642.0013","545.7011","1.140439","29.63631","198829.1","2.233769E-13"
"255.666666666667","","1503","999999","221.666666666667","CC","1244613","0.1464369","44267.06","672350","58.44159","0","7.073904","10.02337","","","","","","230100","471472.9","0","19.99566","112750.2","1503.003","1277.553","7.211758","51.45315","273229.6","98204.15"
"","200","180","999999","266","CC","1248851","0.1726029","80761.88","204800","0","48373.21","11.07525","6.20786","1034","182062","48373.21","6204","21767.95","","","0","2.394689","110558.9","180.0004","153.0003","13.31441","11.37456","400759.3","-2.593481E-13"
"","200","271","999999","221.666666666667","CC","1251694","0.172996","80250.87","214250","0","46854.51","10.43571","5.67718","1010","176158.4","46854.51","6060","21084.53","","","0","3.605338","117169.6","271.0005","230.3505","14.11535","12.05468","408090.6","-2.842171E-13"
"511.897252959653","","1210","999999","232.656919421295","CC","1252638","0.1205478","32460.49","833004.6","70.65754","0","6.698377","10.45635","","","","","","460707.5","943985.8","0","16.09763","110838.8","1210.002","1028.502","6.451987","71.62598","235856.4","244260.9"
"","200","72","999999","104.930881076389","CC","1257228","0.1737607","87236.29","129479.3","0","54623.08","16.34242","5.163381","2191","182889.1","54623.08","13146","24580.39","","","0","0.9578757","28399.65","72.00014","61.20012","3.421668","2.921822","382756.8","-5.684342E-14"
"589.231770833333","200","902","999999","133","LF","1257885","0.1534068","29563.01","875708.6","90.11379","9535.337","6.698434","10.40117","547","28277.63","9535.337","3282","4290.901","530308.6","1086598","0","12.00005","242811.3","902.0018","766.7015","0.2171956","65.47678","34428.61","74590.46"
"","200","90","999999","44.3333333333333","CC","1264620","0.1747797","88866.23","115800","0","55919.17","19.07088","5.120644","2422","183258.8","55919.17","14532","25163.63","","","0","1.197345","16928.83","90.00018","76.50015","2.042464","1.741677","381617.1","8.449973"
"","200","541","999999","88.6666666666667","CC","1265750","0.1749385","79203.11","241850","0","43504.66","8.868519","7.060019","1207","157593.9","43504.66","7242","19577.1","","","0","7.197371","99048.55","541.0011","459.8509","11.94334","10.19034","422958.5","1.563194E-13"
"472.454570037424","","1309","999999","207.64748638524","CC","1266225","0.1288537","34923.29","814753.4","69.34929","0","6.528668","10.47576","","","","","","425209.1","871249.8","0","17.41471","112026.4","1309.003","1112.652","5.949717","66.4407","232991.1","200475.8"
"383.5","","1466","999999","262.137626262626","CC","1267882","0.1277861","36943.71","790291.3","68.31728","0","6.531595","10.33975","","","","","","345150","707209.4","0","19.50341","114196.2","1466.003","1246.103","6.431271","66.6256","243165.8","207951"
"78.5191143672596","200","206","999999","202.940622921872","LF","1268941","0.1753796","77810.12","263049.4","23.91875","47493.99","8.512199","5.945553","2398","148087.4","47493.99","14388","21372.29","70667.2","144796.5","0","2.740589","25188.1","206.0004","175.1004","1.337852","16.69031","277731.5","3.304024E-14"
"511.333333333333","","1203","999999","177.333333333333","CC","1269458","0.1343972","35220.1","814150","68.22341","0","6.480659","10.56615","","","","","","460200","942945.8","0","16.00451","110939.6","1203.002","1022.552","6.012329","63.23272","232177.6","171122.1"
"","200","541","999999","177.333333333333","CC","1269722","0.1754875","77452.73","268450","0","39844.61","8.402523","7.73287","840","150222.4","39844.61","5040","17930.08","","","0","7.197371","131812.3","541.0011","459.8509","15.8839","13.56116","437137.8","-2.984279E-13"
"","200","601","999999","133","CC","1270810","0.175638","77405.46","270150","0","38769.31","8.289221","8.14489","862","145177.6","38769.31","5172","17446.19","","","0","7.995601","134117.3","601.0012","510.851","16.16139","13.7983","442664","3.126388E-13"
"150.105072889439","200","714","999999","189.59520692623","LF","1273005","0.1759413","63626.43","450473.1","45.54099","35261.33","7.048268","10.42867","1789","109754.2","35261.33","10734","15867.6","135094.6","276807.6","0","9.498934","72801.92","714.0014","606.9012","1.122689","30.2786","195047.2","2.674305E-13"
"","200","361","999999","266","CC","1273109","0.1759556","79138.08","250050","0","42755.4","8.55263","6.131253","873","161825.6","42755.4","5238","19239.93","","","0","4.802682","126583","361.0007","306.8506","15.25348","13.02316","424434.3","-2.984279E-13"
"","200","90","999999","221.666666666667","CC","1274526","0.1761514","85517.24","169000","0","52993.96","11.00552","5.636413","1864","183237","52993.96","11184","23847.28","","","0","1.197345","47238.2","90.00018","76.50015","5.689598","4.859976","386343.3","-9.947598E-14"
"60.7049057705286","200","167","999999","152.148818136196","LF","1275964","0.1763503","81526.49","222029.1","18.4209","50239.59","8.402404","9.901774","2513","157172.2","50239.59","15078","22607.81","54634.41","111945.4","0","2.221739","20835.94","167.0003","141.9503","1.357348","13.19818","299417.5","2.629008E-14"
"84.6004331052449","200","237","999999","229.981898543402","LF","1277146","0.1765112","76794.41","284385","25.792","46557.93","7.838167","10.11635","2354","145096.4","46557.93","14124","20951.07","76140.39","156011","0","3.153007","27384.75","237.0005","201.4504","1.328196","17.87722","270243.8","7.625652"
"","200","601","999999","177.333333333333","CC","1279996","0.1769074","77087.16","283450","0","36725.64","7.700537","8.791708","799","137914.2","36725.64","4794","16526.54","","","0","7.995601","136626.6","601.0012","510.851","16.46466","14.05647","450462.3","-1.847411E-13"
"","200","601","999999","177.333333333333","CC","1279996","0.1769074","77087.16","283450","0","36725.64","7.700537","8.791708","799","137914.2","36725.64","4794","16526.54","","","0","7.995601","136626.6","601.0012","510.851","16.46466","14.05647","450462.3","-1.847411E-13"
"","200","601","999999","88.6666666666667","CC","1282988","0.177321","79376.24","256850","0","41700.84","7.564076","8.33913","1162","150947.7","41700.84","6972","18765.38","","","0","7.995601","103455","601.0012","510.851","12.47883","10.64369","430571.1","2.415845E-13"
"","200","601","999999","88.6666666666667","CC","1282988","0.177321","79376.24","256850","0","41700.84","7.564076","8.33913","1162","150947.7","41700.84","6972","18765.38","","","0","7.995601","103455","601.0012","510.851","12.47883","10.64369","430571.1","2.415845E-13"
"","200","180","999999","44.3333333333333","CC","1287959","0.178008","88931.13","138300","0","55613.07","10.49014","5.376401","2346","183647","55613.07","14076","25025.88","","","0","2.394689","20825.61","180.0004","153.0003","2.516779","2.142587","381686.3","1.030287E-13"
"46.7614393964167","200","163","999999","124.296073858982","LF","1293050","0.1787117","84542.59","200124.1","14.09907","52152.42","7.721706","10.05961","2582","163748.1","52152.42","15492","23468.59","42085.3","86232.41","0","2.168524","18292.77","163.0003","138.5503","1.373766","10.45418","317030.5","-2.415845E-14"
"241.450021999757","200","24","999999","171.922311461128","LF","1293805","0.1516322","72629.83","354881.7","44.65855","53755.23","6.739325","11.39683","2837","164885.4","53755.23","17022","24189.86","217305","445256.1","0","0.3192919","10006.68","24.00005","20.40004","0.466013","35.62001","200383.7","100338.5"
"141.76496511896","200","","999999","166.911921350893","LF","1295892","0.1701925","80311.63","257662","30.00151","55980.66","7.171816","10.595","2920","172475.5","55980.66","17520","25191.29","127588.5","261427.7","","","","","","0","22.25042","239813.7","29307.62"
"147.425825700158","200","816","999999","104.637039853977","LF","1297334","0.1793038","65693.95","448074.3","44.70493","36401.23","6.455781","10.55991","1867","112855","36401.23","11202","16380.55","132683.3","271866.8","0","10.85592","73224.37","816.0016","693.6014","1.132293","29.75455","196625.7","1.661782E-13"
"152.317227678124","200","7","999999","170.345698634939","CC","1298787","0.1685517","79585.9","269939.2","31.8126","55902.78","6.93274","10.81149","2920","172145.5","55902.78","17520","25156.25","137085.5","280887","0","0.0931268","8.400017","7.000014","5.950012","0.0007159661","23.72463","234292.1","36370.13"
"104.071755822776","200","504","999999","142.520763229084","LF","1299566","0.1796122","74039.34","342420.8","31.72685","43473.79","6.456267","10.37881","2207","135286.6","43473.79","13242","19563.2","93664.58","191917.9","0","6.70513","37420.8","504.001","428.4008","1.311911","21.65173","246831.1","1.337597E-13"
"76.6239913359948","200","320","999999","157.370153212978","LF","1299941","0.1796641","79192.99","276172.6","23.34667","47716.8","6.733498","10.25692","2406","148854.2","47716.8","14436","21472.56","68961.59","141301.7","0","4.257225","24678.66","320.0006","272.0005","1.344286","16.33158","280166.5","3.304024E-14"
"","200","541","999999","266","CC","1300432","0.1797319","77770.68","295050","0","38030.7","6.693831","9.385682","795","143533.4","38030.7","4770","17113.81","","","0","7.197371","134067","541.0011","459.8509","16.16173","13.79312","444356.7","-1.563194E-13"
"255.666666666667","200","23","999999","133","LF","1305008","0.1586844","73429.24","355750","42.89592","53749.34","6.314105","11.97538","2838","164838.2","53749.34","17028","24187.2","230100","471472.9","0","0.3059881","9480.554","23.00005","19.55004","0.4383684","33.14054","198432.9","76466.56"
"259.096542638993","","1693","999999","194.28369571134","CC","1305313","0.1553003","45684.79","714722","59.48136","0","5.985037","10.37641","","","","","","233186.9","477797.9","0","22.52338","112591.3","1693.003","1439.053","6.23216","50.70744","263440.2","90889.79"
"","200","601","999999","266","CC","1305485","0.1804302","77001.21","310050","0","34217.25","6.189485","10.04","728","128858.9","34217.25","4368","15397.76","","","0","7.995601","139196.5","601.0012","510.851","16.7857","14.32086","460161.8","-1.847411E-13"
"","200","601","999999","266","CC","1305485","0.1804302","77001.21","310050","0","34217.25","6.189485","10.04","728","128858.9","34217.25","4368","15397.76","","","0","7.995601","139196.5","601.0012","510.851","16.7857","14.32086","460161.8","-1.847411E-13"
"","200","271","999999","44.3333333333333","CC","1305908","0.1804887","88559.73","161050","0","54003.45","7.017361","5.615917","2236","179265.3","54003.45","13416","24301.55","","","0","3.605338","24667.7","271.0005","230.3505","2.984574","2.53787","386825.3","7.882583E-15"
"511.333333333333","200","1203","999999","266","CC","1307075","0.1199422","29883.91","920750","71.35854","477.8869","5.934539","10.97492","10","1803.39","477.8869","60","215.0491","460200","942945.8","0","16.00451","110812.1","1203.002","1022.552","7.015891","76.05326","239636.2","283282.6"
"511.333333333333","200","601","999999","88.6666666666667","CC","1311543","0.1694991","45986.66","717050","52.67879","17318.67","5.890898","11.16804","699","57890.44","17318.67","4194","7793.4","460200","942945.8","0","7.995601","63723.02","601.0012","510.851","3.282881","39.44981","225350.5","38859.95"
"239.6875","200","","999999","123.763888888889","LF","1311930","0.1619288","75736.27","332847.9","39.47704","55516.04","6.123886","12.04394","2919","170528.8","55516.04","17514","24982.22","215718.8","442005.8","","","","","","0","30.32026","208778.9","67027.38"
"239.6875","200","","999999","123.763888888889","CC","1311930","0.1619288","75736.27","332847.9","39.47704","55516.04","6.123886","12.04394","2919","170528.8","55516.04","17514","24982.22","215718.8","442005.8","","","","","","0","30.32026","208778.9","67027.38"
"62.5255164547049","200","269","999999","160.15079359834","LF","1315003","0.1817457","82261.3","251568.2","18.99124","49900.95","6.166337","10.30656","2498","156069.8","49900.95","14988","22455.43","56272.96","115302.8","0","3.57873","21216.21","269.0005","228.6505","1.351883","13.55682","297327.8","-1.065814E-14"
"424.616396336825","","1571","999999","233.662215224803","CC","1317316","0.1345851","36535.43","845003.4","70.97256","0","5.798635","10.66741","","","","","","382154.8","783031.8","0","20.90031","124899.6","1571.003","1335.353","5.388101","67.01456","219779.2","197501.8"
"232.438252508805","200","10","999999","217.321520223154","LF","1317654","0.1533701","74319.21","356890.9","43.48148","55198.8","5.873659","11.95529","2909","169406.1","55198.8","17454","24839.46","209194.4","428637.6","0","0.1330383","4381.241","10.00002","8.500017","0.2020229","35.05398","206203.1","104887.5"
"","200","","999999","","CC","1317758","0.1821266","95746.02","80000","0","62086.21","","","2920","198349.2","62086.21","17520","27938.8","","","","","","","","","","379546.1","0"
"","200","","999999","","CC","1317758","0.1821266","95746.02","80000","0","62086.21","","","2920","198349.2","62086.21","17520","27938.8","","","","","","","","","","379546.1","0"
"","200","","999999","","CC","1317758","0.1821266","95746.02","80000","0","62086.21","","","2920","198349.2","62086.21","17520","27938.8","","","","","","","","","","379546.1","0"
"","200","","999999","","LF","1317758","0.1821266","95746.02","80000","0","62086.21","","","2920","198349.2","62086.21","17520","27938.8","","","","","","","","","","379546.1","0"
"","200","","999999","","LF","1317758","0.1821266","95746.02","80000","0","62086.21","","","2920","198349.2","62086.21","17520","27938.8","","","","","","","","","","379546.1","0"
"","200","","999999","","LF","1317758","0.1821266","95746.02","80000","0","62086.21","","","2920","198349.2","62086.21","17520","27938.8","","","","","","","","","","379546.1","0"
"","200","","999999","","LF","1317758","0.1821266","95746.02","80000","0","62086.21","","","2920","198349.2","62086.21","17520","27938.8","","","","","","","","","","379546.1","0"
"","200","","999999","","LF","1317758","0.1821266","95746.02","80000","0","62086.21","","","2920","198349.2","62086.21","17520","27938.8","","","","","","","","","","379546.1","0"
"","200","","999999","","CC","1317758","0.1821266","95746.02","80000","0","62086.21","","","2920","198349.2","62086.21","17520","27938.8","","","","","","","","","","379546.1","0"
"","200","","999999","","CC","1317758","0.1821266","95746.02","80000","0","62086.21","","","2920","198349.2","62086.21","17520","27938.8","","","","","","","","","","379546.1","0"
"589.231770833333","200","271","999999","133","LF","1317863","0.1544691","46405.26","717958.6","68.05447","27378.27","5.875258","13.22427","1468","83466.59","27378.27","8808","12320.22","530308.6","1086598","0","3.605338","89842.77","271.0005","230.3505","1.218569","52.55306","127359.3","100264.5"
"511.333333333333","200","1203","999999","88.6666666666667","LF","1319424","0.1753195","34954.4","867550","86.31523","12920.31","5.869998","10.84591","743","38275.65","12920.31","4458","5814.141","460200","942945.8","0","16.00451","254280.1","1203.002","1022.552","0.04834729","57.41261","41390.94","22465.62"
"577.364430745443","200","90","999999","133","LF","1320187","0.1517342","50911.44","662028","60.81625","33366.84","5.768167","12.65672","1724","103167.4","33366.84","10344","15015.08","519628","1064713","0","1.197345","35290.17","90.00018","76.50015","1.241294","48.0544","160552.4","113344"
"7.98958333333333","200","","999999","1.38541666666667","LF","1320230","0.1824682","95348.83","87606.25","0","61783.66","2.155779","19.64895","2920","197067","61783.66","17520","27802.65","7190.625","14733.53","","","","","","0","0.5481918","376026","0"
"7.98958333333333","200","","999999","1.38541666666667","CC","1320230","0.1824682","95348.83","87606.25","0","61783.66","2.155779","19.64895","2920","197067","61783.66","17520","27802.65","7190.625","14733.53","","","","","","0","0.5481918","376026","0"
"","200","9","999999","1.38541666666667","LF","1320409","0.1824929","95744.84","82665.63","0","62005.34","","","2920","198006.4","62005.34","17520","27902.4","","","0","0.1197345","1276.815","9.000018","7.650015","0.1532604","0.1313617","378738.1","0"
"15.9791666666667","200","","999999","2.77083333333333","LF","1322740","0.1828151","94954.63","95212.5","0","61487.74","2.123545","19.72091","2920","195813","61487.74","17520","27669.48","14381.25","29467.06","","","","","","0","1.093177","372506","0"
"15.9791666666667","200","","999999","2.77083333333333","CC","1322740","0.1828151","94954.63","95212.5","0","61487.74","2.123545","19.72091","2920","195813","61487.74","17520","27669.48","14381.25","29467.06","","","","","","0","1.093177","372506","0"
"","200","19","999999","2.77083333333333","LF","1323444","0.1829123","95754.06","85581.25","0","61930.51","","","2920","197689.3","61930.51","17520","27868.73","","","0","0.2527727","2569.403","19.00004","16.15003","0.3083766","0.2643462","377890.2","-4.440892E-16"
"48.7396484518717","200","157","999999","221.666666666667","LF","1324899","0.1831135","84724.93","229615.7","14.71268","51812.34","5.111866","10.32811","2568","162617.4","51812.34","15408","23315.55","43865.68","89880.41","0","2.088701","18631.36","157.0003","133.4503","1.368525","10.8407","314726.9","-1.74083E-14"
"31.9583333333333","200","","999999","5.54166666666667","LF","1327921","0.1835312","94178.63","110425","0.1433098","60923.42","2.039996","19.90923","2920","193421.6","60923.42","17520","27415.54","28762.5","58934.11","","","","","","0","2.169828","365466","0"
"31.9583333333333","200","","999999","5.54166666666667","CC","1327921","0.1835312","94178.63","110425","0.1433098","60923.42","2.039996","19.90923","2920","193421.6","60923.42","17520","27415.54","28762.5","58934.11","","","","","","0","2.169828","365466","0"
"259.927777777778","","1694","999999","249.744444444444","CC","1329143","0.1557391","46163.93","732358.3","59.31407","0","5.585774","10.51384","","","","","","233935","479330.8","0","22.53669","112538","1694.003","1439.903","6.842314","51.90297","268598.4","100888.5"
"511.333333333333","200","601","999999","88.6666666666667","LF","1329369","0.1757932","47365.55","717050","73.33524","23028.38","5.619903","14.65513","1327","68159.85","23028.38","7962","10362.77","460200","942945.8","0","7.995601","180850.8","601.0012","510.851","0.6783413","49.68482","87819.11","25273.32"
"","200","38","999999","5.54166666666667","LF","1329407","0.1837365","95783.59","91162.5","0","61807.88","","","2920","197169.7","61807.88","17520","27813.54","","","0","0.5055455","4910.021","38.00008","32.30006","0.5892234","0.5051544","376300.4","-3.996803E-15"
"262.236407637983","200","","999999","245.352205797995","LF","1331724","0.1478187","72876.01","389618.4","46.29747","55410.03","5.39155","12.47939","2916","170146","55410.03","17496","24934.51","236012.8","483588.1","","","","","","0","38.90611","204106.4","137209.5"
"607.208333333333","200","301","999999","133","LF","1333026","0.1563544","45746.45","741637.5","69.40015","26411.67","5.605632","13.62541","1429","80235.27","26411.67","8574","11885.25","546487.5","1119748","0","4.004452","98877.61","301.0006","255.8505","1.209366","53.52101","121570.1","99808.23"
"511.333333333333","200","1203","999999","177.333333333333","CC","1334360","0.1412235","34052.15","894150","68.07527","800.2524","5.591807","11.4061","17","3014.251","800.2524","102","360.1136","460200","942945.8","0","16.00451","109699.5","1203.002","1022.552","5.974885","63.08777","230319.9","171198.6"
"511.333333333333","200","1804","999999","266","LF","1335984","0.1433518","20497.67","1071000","98.45132","1135.397","5.621512","10.98778","58","3525.268","1135.397","348","510.9286","460200","942945.8","0","24.00011","294600.9","1804.004","1533.403","0.02342357","81.04622","7639.307","161223.8"
"63.9166666666667","200","301","999999","188.416666666667","LF","1336011","0.1846493","82514.78","269300","19.42481","49694.27","4.862163","10.47911","2490","155371.4","49694.27","14940","22362.42","57525","117868.2","0","4.004452","21448.13","301.0006","255.8505","1.35019","13.83206","295599.6","2.309264E-14"
"63.9166666666667","200","","999999","11.0833333333333","LF","1338967","0.1850578","92679.58","140850","3.424435","59912.5","1.852906","20.34053","2920","189137.5","59912.5","17520","26960.62","57525","117868.2","","","","","","0","4.266189","351385.9","0"
"63.9166666666667","200","","999999","11.0833333333333","CC","1338967","0.1850578","92679.58","140850","3.424435","59912.5","1.852906","20.34053","2920","189137.5","59912.5","17520","26960.62","57525","117868.2","","","","","","0","4.266189","351385.9","0"
"511.333333333333","200","1804","999999","177.333333333333","LF","1341004","0.157177","22943.64","1044400","98.26287","1242.821","5.560048","11.08278","65","3825.268","1242.821","390","559.2696","460200","942945.8","0","24.00011","294268.1","1804.004","1533.403","0.02342357","74.05531","7639.307","100283.4"
"511.333333333333","200","541","999999","88.6666666666667","LF","1341827","0.1772358","49489.53","702050","70.73964","24937.15","5.415028","14.73392","1437","73809.27","24937.15","8622","11221.72","460200","942945.8","0","7.197371","165752.5","541.0011","459.8509","0.8348771","48.17091","97550.73","25949.04"
"","200","75","999999","11.0833333333333","LF","1341828","0.1854532","95900.3","102075","0","61661.44","","","2920","196549.1","61661.44","17520","27747.65","","","0","0.9977871","8851.128","75.00015","63.75013","1.061899","0.9106246","373369.1","-1.554312E-14"
"","200","902","999999","133","CC","1342845","0.1855938","77156.74","345400","0","26981.63","4.647222","10.52384","652","99881.71","26981.63","3912","12141.73","","","0","12.00005","153224","902.0018","766.7015","18.48289","15.76404","492146.6","1.278977E-13"
"","200","88","999999","123.31223042806","LF","1344568","0.185832","93256.48","138993.7","0","58170.14","0.3798468","10.35488","2711","186388.8","58170.14","16266","26176.56","","","0","1.170737","11939.1","88.00018","74.80015","1.432928","1.228322","375753.8","-4.618528E-14"
"53.1706770833332","200","271","999999","193.607361111111","LF","1350421","0.1866408","84837.23","253685.8","16.095","51265.79","3.537532","10.55298","2550","160700.5","51265.79","15300","23069.6","47853.61","98051.63","0","3.605338","19333.75","271.0005","230.3505","1.363564","11.71867","308907.1","-4.440892E-14"
"","200","902","999999","221.666666666667","CC","1350710","0.1866809","75707.52","372000","0","20840.52","4.455706","10.63479","468","77937.84","20840.52","2808","9378.234","","","0","12.00005","159973.9","902.0018","766.7015","19.30396","16.45849","515578.3","-4.263256E-14"
"","200","150","999999","22.1666666666667","LF","1358431","0.1877479","95477.01","124150","0","60664.66","","","2866","193522.5","60664.66","17196","27299.1","","","0","1.995574","14000.7","150.0003","127.5003","1.67839","1.440425","370038.3","-3.375078E-14"
"127.833333333333","200","","999999","22.1666666666667","LF","1363252","0.1884143","89851.13","201700","9.701223","58267.66","1.521708","21.1378","2920","182167.2","58267.66","17520","26220.45","115050","235736.5","","","","","","0","8.276524","323225.7","0"
"127.833333333333","200","","999999","22.1666666666667","CC","1363252","0.1884143","89851.13","201700","9.701223","58267.66","1.521708","21.1378","2920","182167.2","58267.66","17520","26220.45","115050","235736.5","","","","","","0","8.276524","323225.7","0"
"511.333333333333","200","361","999999","88.6666666666667","LF","1363488","0.1791699","54646.1","657050","62.77354","30341.72","4.97543","14.71244","1707","90724.72","30341.72","10242","13653.77","460200","942945.8","0","4.802682","115910.4","361.0007","306.8506","1.160452","43.40515","128415.9","28979.52"
"","200","5","999999","110.833333333333","CC","1364463","0.1885816","96690.12","114500","0","62086.43","","","2920","198350.1","62086.43","17520","27938.89","","","0","0.06651914","6.000012","5.00001","4.250009","0.001022809","0.0006172952","379544.5","0"
"511.333333333333","200","180","999999","88.6666666666667","LF","1365777","0.1779137","58323.43","611800","54.86567","35093.53","4.823298","13.847","1887","106869.8","35093.53","11322","15792.09","460200","942945.8","0","2.394689","62611.05","180.0004","153.0003","1.242375","38.50013","161147.2","34131.15"
"","200","180","999999","88.6666666666667","LF","1367241","0.1889655","94035.13","151600","0","58153.11","","10.56392","2710","186338.8","58153.11","16260","26168.9","","","0","2.394689","11959.86","180.0004","153.0003","1.431551","1.230458","375772.4","-4.618528E-14"
"393.852992321365","200","","999999","211.93724814963","LF","1368127","0.1375787","67304.35","498048.9","53.85529","53873.09","4.539584","16.2093","2839","165340.5","53873.09","17034","24242.89","354467.7","726301.3","","","","","","0","49.32272","189621.5","209547.1"
"404.805555555555","","1779","999999","221.666666666667","CC","1380019","0.14554","39020.92","875575","71.14816","0","4.937944","10.98136","","","","","","364325","746498.8","0","23.66751","128995.8","1779.004","1512.153","4.731925","64.55364","211622.1","174106.4"
"","200","301","999999","44.3333333333333","LF","1398893","0.1933402","95172.41","168550","0","58234.87","","10.8553","2716","186552.2","58234.87","16296","26205.69","","","0","4.004452","12029.83","301.0006","255.8505","1.434875","1.237657","375526.6","-4.618528E-14"
"","200","180","999999","177.333333333333","LF","1403002","0.1939081","94743.81","178200","0","58153.11","","10.88631","2710","186338.8","58153.11","16260","26168.9","","","0","2.394689","11959.86","180.0004","153.0003","1.431551","1.230458","375772.4","-4.618528E-14"
"511.333333333333","200","","999999","266","LF","1404948","0.1245659","60719.18","620000","60.84288","51665.27","4.101381","15.67645","2718","158667.7","51665.27","16308","23249.37","460200","942945.8","","","","","","0","62.58979","182963","312771.6"
"511.333333333333","200","","999999","266","LF","1404948","0.1245659","60719.18","620000","60.84288","51665.27","4.101381","15.67645","2718","158667.7","51665.27","16308","23249.37","460200","942945.8","","","","","","0","62.58979","182963","312771.6"
"511.333333333333","200","","999999","266","LF","1404948","0.1245659","60719.18","620000","60.84288","51665.27","4.101381","15.67645","2718","158667.7","51665.27","16308","23249.37","460200","942945.8","","","","","","0","62.58979","182963","312771.6"
"511.333333333333","200","","999999","266","CC","1404948","0.1245659","60719.18","620000","60.84288","51665.27","4.101381","15.67645","2718","158667.7","51665.27","16308","23249.37","460200","942945.8","","","","","","0","62.58979","182963","312771.6"
"511.333333333333","200","","999999","266","CC","1404948","0.1245659","60719.18","620000","60.84288","51665.27","4.101381","15.67645","2718","158667.7","51665.27","16308","23249.37","460200","942945.8","","","","","","0","62.58979","182963","312771.6"
"","200","256","999999","129.056891025641","LF","1413957","0.1954221","95241.77","182717.1","0","58153.11","","10.99137","2710","186338.8","58153.11","16260","26168.9","","","0","3.40578","11986.58","256.0005","217.6004","1.431566","1.233207","375748.5","-4.618528E-14"
"255.666666666667","200","","999999","44.3333333333333","LF","1420415","0.1959677","84858.91","323400","21.18233","56344.89","0.8728267","22.83513","2920","174019","56344.89","17520","25355.2","230100","471472.9","","","","","","0","15.63594","267896.4","991.0747"
"255.666666666667","200","","999999","44.3333333333333","CC","1420415","0.1959677","84858.91","323400","21.18233","56344.89","0.8728267","22.83513","2920","174019","56344.89","17520","25355.2","230100","471472.9","","","","","","0","15.63594","267896.4","991.0747"
"","200","282","999999","123.763888888889","LF","1422230","0.1965656","95501.77","187629.2","0","58153.11","","","2710","186338.8","58153.11","16260","26168.9","","","0","3.75168","11993.76","282.0005","239.7005","1.431335","1.233946","375739.9","-4.618528E-14"
"103.724357088502","200","829","999999","160.449878784184","LF","1437118","0.1986232","78002.67","428736.9","31.64201","43464.53","1.771627","12.98005","2206","135269.6","43464.53","13236","19559.04","93351.92","191277.3","0","11.02887","37245.87","829.0016","704.6514","1.309351","21.59482","247323","9.663381E-14"
"","200","180","999999","266","LF","1438764","0.1988507","95452.5","204800","0","58153.11","","","2710","186338.8","58153.11","16260","26168.9","","","0","2.394689","11959.86","180.0004","153.0003","1.431551","1.230458","375772.4","-4.618528E-14"
"","200","1203","999999","177.333333333333","CC","1439440","0.1989441","77779.04","433950","0","16757.74","1.931113","13.39078","365","62920.33","16757.74","2190","7540.985","","","0","16.00451","166054.8","1203.002","1022.552","20.03277","17.0841","531835.8","-1.705303E-13"
"","200","1203","999999","177.333333333333","CC","1439440","0.1989441","77779.04","433950","0","16757.74","1.931113","13.39078","365","62920.33","16757.74","2190","7540.985","","","0","16.00451","166054.8","1203.002","1022.552","20.03277","17.0841","531835.8","-1.705303E-13"
"","200","361","999999","88.6666666666667","LF","1439513","0.1989543","96125.44","196850","0","58136.07","","","2709","186288.8","58136.07","16254","26161.23","","","0","4.802682","12000.98","361.0007","306.8506","1.428877","1.234689","375760.7","-4.618528E-14"
"511.333333333333","200","","999999","177.333333333333","LF","1444591","0.1478497","65843.34","593400","54.79905","51665.27","3.107404","18.72926","2718","158667.7","51665.27","16308","23249.37","460200","942945.8","","","","","","0","49.27277","182963","196114.6"
"511.333333333333","200","","999999","177.333333333333","LF","1444591","0.1478497","65843.34","593400","54.79905","51665.27","3.107404","18.72926","2718","158667.7","51665.27","16308","23249.37","460200","942945.8","","","","","","0","49.27277","182963","196114.6"
"511.333333333333","200","","999999","177.333333333333","CC","1444591","0.1478497","65843.34","593400","54.79905","51665.27","3.107404","18.72926","2718","158667.7","51665.27","16308","23249.37","460200","942945.8","","","","","","0","49.27277","182963","196114.6"
"511.333333333333","200","","999999","177.333333333333","LF","1444591","0.1478497","65843.34","593400","54.79905","51665.27","3.107404","18.72926","2718","158667.7","51665.27","16308","23249.37","460200","942945.8","","","","","","0","49.27277","182963","196114.6"
"511.333333333333","200","","999999","177.333333333333","CC","1444591","0.1478497","65843.34","593400","54.79905","51665.27","3.107404","18.72926","2718","158667.7","51665.27","16308","23249.37","460200","942945.8","","","","","","0","49.27277","182963","196114.6"
"","200","1203","999999","266","CC","1465028","0.2024806","77700.76","460550","0","13725.84","1.47736","24.45798","291","51713.01","13725.84","1746","6176.628","","","0","16.00451","169240.3","1203.002","1022.552","20.43466","17.41184","543878","-1.421085E-13"
"","200","1203","999999","266","CC","1465028","0.2024806","77700.76","460550","0","13725.84","1.47736","24.45798","291","51713.01","13725.84","1746","6176.628","","","0","16.00451","169240.3","1203.002","1022.552","20.43466","17.41184","543878","-1.421085E-13"
"","200","361","999999","177.333333333333","LF","1475275","0.2038969","96834.13","223450","0","58136.07","","","2709","186288.8","58136.07","16254","26161.23","","","0","4.802682","12000.98","361.0007","306.8506","1.428877","1.234689","375760.7","-4.618528E-14"
"","200","1203","999999","88.6666666666667","CC","1478700","0.2043702","82873.58","407350","0","34924.45","","","885","128374.1","34924.45","5310","15716","","","0","16.00451","113467.8","1203.002","1022.552","13.7028","11.67383","455407","1.49214E-13"
"","200","1203","999999","88.6666666666667","CC","1478700","0.2043702","82873.58","407350","0","34924.45","","","885","128374.1","34924.45","5310","15716","","","0","16.00451","113467.8","1203.002","1022.552","13.7028","11.67383","455407","1.49214E-13"
"","200","361","999999","266","LF","1511036","0.2088395","97542.82","250050","0","58136.07","","","2709","186288.8","58136.07","16254","26161.23","","","0","4.802682","12000.98","361.0007","306.8506","1.428877","1.234689","375760.7","-4.618528E-14"
"","200","541","999999","88.6666666666667","LF","1511385","0.2088877","98204.1","241850","0","58119.04","","","2708","186238.8","58119.04","16248","26153.57","","","0","7.197371","12040.63","541.0011","459.8509","1.426067","1.238768","375749.1","-4.618528E-14"
"511.333333333333","200","1804","999999","266","CC","1514557","0.1424698","34311.09","1071000","75.07854","681.5669","3.668528","13.44795","13","2600","681.5669","78","306.7051","460200","942945.8","0","24.00011","126334.4","1804.004","1533.403","4.585457","75.30576","202337.4","262643.5"
"511.333333333333","200","1203","999999","88.6666666666667","CC","1524277","0.1979328","50800.74","867550","55.94315","16619.11","2.85942","20.3179","681","55325.08","16619.11","4086","7478.599","460200","942945.8","0","16.00451","72862.09","1203.002","1022.552","1.96675","40.1132","207123.8","36015.34"
"511.333333333333","200","","999999","88.6666666666667","LF","1526941","0.1956772","74271.1","566800","40.87332","51673.74","0.7652032","20.90081","2718","158703.6","51673.74","16308","23253.18","460200","942945.8","","","","","","0","30.15724","198199.6","43934.91"
"511.333333333333","200","","999999","88.6666666666667","LF","1526941","0.1956772","74271.1","566800","40.87332","51673.74","0.7652032","20.90081","2718","158703.6","51673.74","16308","23253.18","460200","942945.8","","","","","","0","30.15724","198199.6","43934.91"
"511.333333333333","200","","999999","88.6666666666667","LF","1526941","0.1956772","74271.1","566800","40.87332","51673.74","0.7652032","20.90081","2718","158703.6","51673.74","16308","23253.18","460200","942945.8","","","","","","0","30.15724","198199.6","43934.91"
"511.333333333333","200","","999999","88.6666666666667","CC","1526941","0.1956772","74271.1","566800","40.87332","51673.74","0.7652032","20.90081","2718","158703.6","51673.74","16308","23253.18","460200","942945.8","","","","","","0","30.15724","198199.6","43934.91"
"511.333333333333","200","","999999","88.6666666666667","CC","1526941","0.1956772","74271.1","566800","40.87332","51673.74","0.7652032","20.90081","2718","158703.6","51673.74","16308","23253.18","460200","942945.8","","","","","","0","30.15724","198199.6","43934.91"
"511.333333333333","200","1804","999999","88.6666666666667","LF","1531635","0.2036507","39747.36","1017800","87.53054","12241.57","3.250937","13.6439","706","36219.84","12241.57","4236","5508.705","460200","942945.8","0","24.00011","261501.7","1804.004","1533.403","0.02141697","58.1538","36324.21","22084.2"
"","200","601","999999","88.6666666666667","LF","1535221","0.212182","98887.59","256850","0","58102.6","","","2707","186191.3","58102.6","16242","26146.17","","","0","7.995601","12052.7","601.0012","510.851","1.424992","1.240009","375775.8","-4.618528E-14"
"","200","601","999999","88.6666666666667","LF","1535221","0.212182","98887.59","256850","0","58102.6","","","2707","186191.3","58102.6","16242","26146.17","","","0","7.995601","12052.7","601.0012","510.851","1.424992","1.240009","375775.8","-4.618528E-14"
"511.333333333333","200","1804","999999","177.333333333333","CC","1539174","0.1656731","38272.95","1044400","72.3134","1003.932","3.321908","20.62555","20","3810.862","1003.932","120","451.7696","460200","942945.8","0","24.00011","125158.1","1804.004","1533.403","3.809641","63.33482","195160.4","158965.7"
"1022.66666666667","200","601","999999","266","CC","1544434","0.1227706","24288.05","1230450","74.744","10290.75","3.705821","17.74038","209","38974.5","10290.75","1254","4630.838","920400","1885892","0","7.995601","84968.74","601.0012","510.851","6.977427","90.37411","206793.1","413415.9"
"","200","541","999999","177.333333333333","LF","1547147","0.2138302","98912.79","268450","0","58119.04","","","2708","186238.8","58119.04","16248","26153.57","","","0","7.197371","12040.63","541.0011","459.8509","1.426067","1.238768","375749.1","-4.618528E-14"
"1022.66666666667","200","601","999999","266","LF","1549742","0.1324968","24698.65","1230450","88.82545","13183.41","3.618898","16.08635","740","39457.1","13183.41","4440","5932.533","920400","1885892","0","7.995601","184870.5","601.0012","510.851","0.6722106","92.45045","61647.11","345082"
"1022.66666666667","200","1203","999999","266","LF","1557516","0.137245","13658.16","1380950","98.56475","1694.987","3.873719","17.79565","94","5098.304","1694.987","564","762.744","920400","1885892","0","16.00451","273742.1","1203.002","1022.552","0.02261412","98.79682","7501.055","318161.3"
"1022.66666666667","200","541","999999","266","LF","1559415","0.1323768","26607.18","1215450","87.15813","15328.61","3.493849","16.11648","858","45931.06","15328.61","5148","6897.874","920400","1885892","0","7.197371","169010.9","541.0011","459.8509","0.8186294","91.52648","71089.64","351554.5"
"","200","601","999999","177.333333333333","LF","1570983","0.2171246","99596.28","283450","0","58102.6","","","2707","186191.3","58102.6","16242","26146.17","","","0","7.995601","12052.7","601.0012","510.851","1.424992","1.240009","375775.8","-4.618528E-14"
"","200","601","999999","177.333333333333","LF","1570983","0.2171246","99596.28","283450","0","58102.6","","","2707","186191.3","58102.6","16242","26146.17","","","0","7.995601","12052.7","601.0012","510.851","1.424992","1.240009","375775.8","-4.618528E-14"
"1022.66666666667","200","361","999999","266","LF","1580014","0.1317766","31681.54","1170450","82.00021","21650.26","3.154883","17.51357","1177","65646.2","21650.26","7062","9742.617","920400","1885892","0","4.802682","117167.7","361.0007","306.8506","1.136548","88.01605","101299.3","367796.3"
"1022.66666666667","200","180","999999","266","LF","1581593","0.1284268","35303.96","1125200","77.236","27108.19","3.020929","18.23113","1420","83386.55","27108.19","8520","12198.69","920400","1885892","0","2.394689","62581.99","180.0004","153.0003","1.214972","85.27165","133469.9","392939.6"
"","200","541","999999","266","LF","1582908","0.2187728","99621.48","295050","0","58119.04","","","2708","186238.8","58119.04","16248","26153.57","","","0","7.197371","12040.63","541.0011","459.8509","1.426067","1.238768","375749.1","-4.618528E-14"
"","200","601","999999","266","LF","1606744","0.2220672","100305","310050","0","58102.6","","","2707","186191.3","58102.6","16242","26146.17","","","0","7.995601","12052.7","601.0012","510.851","1.424992","1.240009","375775.8","-4.618528E-14"
"","200","601","999999","266","LF","1606744","0.2220672","100305","310050","0","58102.6","","","2707","186191.3","58102.6","16242","26146.17","","","0","7.995601","12052.7","601.0012","510.851","1.424992","1.240009","375775.8","-4.618528E-14"
"893.580587270204","","2082","999999","637.122188675965","LF","1608995","0.1049017","7204.454","1515859","99.79052","0","3.555342","13.40629","","","","","","804222.5","1647845","0","27.69857","285909.4","2082.004","1769.703","0","135.1582","2485.437","626993.4"
"882.920648902476","","2098","999999","641.796234852265","LF","1610651","0.1056082","7656.811","1511668","99.79018","0","3.533916","13.40569","","","","","","794628.6","1628187","0","27.91143","286236.1","2098.004","1783.304","0","134.3917","2475.446","620272.8"
"907.832847468198","","2076","999999","633.490945798374","LF","1613602","0.1043647","6768.913","1526097","99.79501","0","3.535732","13.46201","","","","","","817049.6","1674128","0","27.61875","285537.6","2076.004","1764.604","0","136.2487","2451.632","636507.3"
"876.51446080483","","2116","999999","636.190044276182","LF","1613975","0.1065258","8141.964","1508720","99.79149","0","3.501069","13.43268","","","","","","788863","1616374","0","28.1509","286464.4","2116.004","1798.604","0","133.5108","2443.748","612526.8"
"1022.66666666667","200","601","999999","177.333333333333","LF","1614585","0.1664046","31772.13","1203850","86.52768","13233.52","2.879092","17.21939","745","39558.57","13233.52","4470","5955.083","920400","1885892","0","7.995601","184870.5","601.0012","510.851","0.6722106","74.84399","61558.13","190861.9"
"1022.66666666667","200","1203","999999","177.333333333333","LF","1615139","0.1699839","20173.15","1354350","98.27318","1814.21","3.310922","18.81409","101","5448.304","1814.21","606","816.3944","920400","1885892","0","16.00451","273653","1203.002","1022.552","0.02261412","82.47897","7243.811","175309.7"
"898.017550087926","","2095","999999","645.085363157649","LF","1617266","0.1048061","7099.19","1525491","99.79648","0","3.503995","13.47133","","","","","","808215.8","1656027","0","27.87152","285842.7","2095.004","1780.754","0","135.985","2429.354","634178.6"
"870.935644959306","","2129","999999","644.919544281249","LF","1617713","0.106882","8365.497","1509568","99.79293","0","3.471136","13.45123","","","","","","783842.1","1606086","0","28.32385","286656.2","2129.004","1809.654","0","133.376","2424.342","611328.8"
"890.848949021339","","2116","999999","635.124073566989","LF","1620967","0.1059705","7709.553","1521301","99.7979","0","3.466131","13.50528","","","","","","801764.1","1642808","0","28.1509","286094.2","2116.004","1798.604","0","134.8004","2391.256","623766.5"
"921.77785452291","","2076","999999","637.377898169038","LF","1621284","0.1037641","6302.111","1539814","99.80138","0","3.497197","13.53505","","","","","","829600.1","1699843","0","27.61875","285204.9","2076.004","1764.604","0","137.6985","2400.566","649151.5"
"1022.66666666667","200","601","999999","177.333333333333","CC","1622132","0.1581765","32355.92","1203850","69.40509","10530.87","2.859966","19.57984","217","39814.65","10530.87","1302","4738.891","920400","1885892","0","7.995601","84551.6","601.0012","510.851","6.597667","69.79651","202890.1","233595.1"
"839.440294450878","","2172","999999","655.176450710709","LF","1622876","0.109573","9887.991","1495049","99.78935","0","3.400109","13.46201","","","","","","755496.3","1548005","0","28.89592","287668.1","2172.004","1846.204","0","130.5109","2413.378","586225.6"
"908.136404943674","","2098","999999","639.736451889553","LF","1623051","0.1046901","6908.312","1533744","99.80128","0","3.471602","13.53397","","","","","","817322.8","1674687","0","27.91143","285605.1","2098.004","1783.304","0","136.6292","2383.106","639772"
"1022.66666666667","200","541","999999","177.333333333333","LF","1626103","0.1668563","33823.4","1188850","84.47546","15369.84","2.713589","18.64421","862","46017.09","15369.84","5172","6916.429","920400","1885892","0","7.197371","169010.9","541.0011","459.8509","0.8186294","73.55875","71016.11","194169.6"
"901.980642803892","","2116","999999","631.516736297897","LF","1626331","0.1056871","7433.222","1530238","99.80254","0","3.438495","13.56408","","","","","","811782.6","1663336","0","28.1509","285816.2","2116.004","1798.604","0","135.6155","2350.492","630861.3"
"794.618630764196","","2225","999999","653.857383858659","LF","1626558","0.1143119","12298.92","1467564","99.77929","0","3.314597","13.46596","","","","","","715156.8","1465350","0","29.60102","289169.1","2225.004","1891.254","0","125.3716","2429.338","541224.1"
"884.615687912862","","2141","999999","628.376465540073","LF","1627099","0.1071144","8290.951","1519917","99.80037","0","3.412919","13.55768","","","","","","796154.1","1631313","0","28.4835","286338.4","2141.004","1819.854","0","133.8687","2345.781","615552.6"
"869.106453111878","","2156","999999","653.848868008877","LF","1629073","0.1074761","8642.187","1517351","99.79881","0","3.390731","13.53734","","","","","","782195.8","1602713","0","28.68305","286797.3","2156.004","1832.604","0","133.5779","2358.974","613022.5"
"891.536420039171","","2148","999999","599.514989178763","LF","1631564","0.108295","8688.98","1519237","99.80193","0","3.375739","13.63455","","","","","","802382.8","1644075","0","28.57662","286185.6","2148.004","1825.804","0","132.7747","2308.424","605920.3"
"898.147928508359","","2135","999999","639.097732598247","LF","1632655","0.1060474","7645.884","1533813","99.80536","0","3.392755","13.60531","","","","","","808333.1","1656268","0","28.40368","285975.5","2135.004","1814.754","0","135.6841","2317.981","631419.4"
"918.836852001076","","2107","999999","647.066936085636","LF","1632824","0.1042812","6575.154","1547823","99.80856","0","3.417246","13.61692","","","","","","826953.2","1694420","0","28.03117","285379.4","2107.004","1790.954","0","138.0009","2318.746","651717.3"
"921.217496247944","","2111","999999","627.921693916743","LF","1634387","0.1050856","6897.272","1545222","99.80864","0","3.400474","13.65359","","","","","","829095.8","1698810","0","28.08438","285337","2111.004","1794.354","0","137.0757","2302.237","643590.4"
"827.625510717001","","2214","999999","670.914383685724","LF","1639038","0.111448","10783.24","1499637","99.79315","0","3.271985","13.58257","","","","","","744862.9","1526218","0","29.45468","288149.6","2214.004","1881.904","0","129.598","2353.166","578147.9"
"874.454211175745","","2182","999999","636.989572804244","LF","1639441","0.1083499","8960.385","1523606","99.80497","0","3.317015","13.64409","","","","","","787008.8","1612574","0","29.02895","286742.9","2182.004","1854.704","0","133.3523","2282.786","610944.2"
"969.355686622373","","2009","999999","784.677071946684","LF","1641101","0.09733659","2400.115","1610073","99.81342","0","3.458608","13.61006","","","","","","872420.1","1787581","0","26.72739","283946.7","2009.004","1707.653","0","148.6034","2433.337","744693.8"
"926.791666666667","","2105","999999","700.466666666667","LF","1642921","0.1024648","5601.855","1570503","99.81464","0","3.375557","13.65587","","","","","","834112.5","1709089","0","28.00456","285188.3","2105.004","1789.254","0","141.3243","2298.894","680804.3"
"868.679713767967","","2180","999999","676.977354590228","LF","1643031","0.1077585","8750.781","1529905","99.80456","0","3.29827","13.63627","","","","","","781811.8","1601926","0","29.00235","286890.4","2180.004","1853.004","0","134.3772","2305.129","619951.9"
"892.956500594479","","2166","999999","648.495604056404","LF","1643554","0.1067677","8032.822","1539710","99.80998","0","3.3139","13.68248","","","","","","803660.9","1646694","0","28.81609","286210.8","2166.004","1841.104","0","135.6747","2262.692","631263.6"
"890.080388392605","","2169","999999","659.10701995061","LF","1644858","0.1066834","8029.692","1541055","99.81012","0","3.305399","13.6811","","","","","","801072.4","1641390","0","28.856","286293.8","2169.004","1843.654","0","135.8899","2264.637","633150.8"
"1022.66666666667","200","1203","999999","266","CC","1647417","0.1383224","20612.41","1380950","85.45801","1688.451","3.064508","20.07076","33","6423.371","1688.451","198","759.803","920400","1885892","0","16.00451","185885.8","1203.002","1022.552","4.575421","94.69241","127550.4","361599.4"
"850.111074224046","","2235","999999","639.26421975381","LF","1649474","0.110916","10353.44","1515629","99.80565","0","3.217087","13.7082","","","","","","765099.9","1567683","0","29.73406","287584.3","2235.004","1899.754","0","131.0651","2235.797","590844.3"
"1022.66666666667","200","361","999999","177.333333333333","LF","1650941","0.1673839","39225.73","1143850","78.11712","21663.68","2.263897","20.3395","1179","65658.7","21663.68","7074","9748.654","920400","1885892","0","4.802682","117167.7","361.0007","306.8506","1.136548","69.23334","101299.3","203272.2"
"871.66271907273","","2215","999999","649.671080507967","LF","1653161","0.1090153","9283.52","1533148","99.81113","0","3.221467","13.7458","","","","","","784496.4","1607427","0","29.46798","286929.1","2215.004","1882.754","0","133.6556","2215.525","613511.9"
"1022.66666666667","200","180","999999","177.333333333333","LF","1656351","0.1639183","43144.45","1098600","72.25642","27108.19","2.032748","20.11926","1420","83386.55","27108.19","8520","12198.69","920400","1885892","0","2.394689","62581.99","180.0004","153.0003","1.214972","65.75297","133469.9","221955.9"
"767","","2371","999999","612.458072916667","LF","1663193","0.1208823","15192.86","1466787","99.79508","0","2.994584","13.79837","","","","","","690300","1414419","0","31.54338","290555.3","2371.005","2015.354","0","121.2467","2180.932","504755.8"
"862.757083431033","","2141","999999","798","LF","1664539","0.1083583","8772.55","1551131","99.79655","0","3.161187","13.7609","","","","","","776481.4","1591004","0","28.4835","286918.8","2141.004","1819.854","0","135.3717","2417.521","628807.6"
"811.28888751581","","2313","999999","641.670857285173","LF","1664667","0.1155084","12667.21","1500911","99.80482","0","3.057237","13.81353","","","","","","730160","1496092","0","30.77176","288966.1","2313.005","1966.054","0","127.0123","2175.853","555259.9"
"898.794072076844","","2215","999999","640.875561482926","LF","1665145","0.1080524","8525.813","1554927","99.82114","0","3.166963","13.87592","","","","","","808914.7","1657459","0","29.46798","286231.4","2215.004","1882.754","0","135.838","2132.14","632519.5"
"798.911189077744","","2306","999999","670.750744959557","LF","1665528","0.1163137","13056.07","1496745","99.79868","0","3.040198","13.79858","","","","","","719020.1","1473266","0","30.67863","289313.1","2306.005","1960.104","0","126.1904","2229.982","548131.5"
"","200","1804","999999","177.333333333333","CC","1671053","0.2309553","84072.84","584200","0","13728.19","","","295","51634.24","13728.19","1770","6177.684","","","0","24.00011","170781.3","1804.004","1533.403","20.61772","17.57037","544256","-9.947598E-14"
"","200","1804","999999","177.333333333333","CC","1671053","0.2309553","84072.84","584200","0","13728.19","","","295","51634.24","13728.19","1770","6177.684","","","0","24.00011","170781.3","1804.004","1533.403","20.61772","17.57037","544256","-9.947598E-14"
"744.260416666667","","2348","999999","690.80870895211","LF","1673268","0.1235835","16181.83","1464077","99.77987","0","2.89864","13.84825","","","","","","669834.4","1372485","0","31.23739","291255.4","2348.005","1995.804","0","119.2967","2305.527","487838.6"
"","200","929","999999","125.899739583333","LF","1681180","0.2323549","102971.1","350019.9","0","58067.95","","","2705","186088.8","58067.95","16230","26130.58","","","0","12.35926","12155.05","929.0018","789.6516","1.423494","1.25054","375772.2","-4.618528E-14"
"1022.66666666667","","1804","999999","266","CC","1683803","0.1489029","17992.84","1451200","99.57911","0","2.808047","20.44341","","","","","","920400","1885892","0","24.00011","284516.3","1804.004","1533.403","0.303653","99.75411","3681.665","315276.6"
"968.280293156707","","2176","999999","651.640542380335","LF","1687507","0.1043908","5922.42","1610944","99.83927","0","3.099641","20.48861","","","","","","871452.3","1785598","0","28.94913","284536.3","2176.004","1849.604","0","142.5166","2009.84","690865.6"
"849.69461152633","","2322","999999","659.031801304003","LF","1687925","0.1129332","11215.67","1542935","99.8238","0","2.952559","20.82415","","","","","","764725.1","1566915","0","30.89149","287891.7","2322.005","1973.704","0","131.7488","2037.135","596568.6"
"1046.66782152346","","2058","999999","744.204651568749","LF","1687942","0.09605885","632.7039","1679762","99.84925","0","3.224685","20.26746","","","","","","942001.1","1930152","0","27.37928","282702.3","2058.004","1749.303","0","154.9336","2049.085","799693.6"
"853.811352737524","","2311","999999","691.611384283312","LF","1693185","0.1121263","10792.59","1553664","99.82452","0","2.931681","20.85322","","","","","","768430.2","1574507","0","30.74515","287741.2","2311.005","1964.354","0","133.1113","2049.762","608521.4"
"866.92699895173","","2347","999999","625.780177594163","LF","1700260","0.1134714","11258.27","1554718","99.83377","0","2.877263","20.88788","","","","","","780234.3","1598693","0","31.22408","287505.5","2347.005","1994.954","0","132.0952","1926.718","599457"
"","200","1804","999999","266","CC","1700262","0.2349923","84274.67","610800","0","11907.9","","","246","45007.02","11907.9","1476","5358.556","","","0","24.00011","172870.2","1804.004","1533.403","20.89196","17.78528","551529.4","-4.263256E-14"
"","200","1804","999999","266","CC","1700262","0.2349923","84274.67","610800","0","11907.9","","","246","45007.02","11907.9","1476","5358.556","","","0","24.00011","172870.2","1804.004","1533.403","20.89196","17.78528","551529.4","-4.263256E-14"
"905.634345755555","","2293","999999","665.715699168728","LF","1702774","0.1090125","8875.473","1588036","99.84012","0","2.928736","20.79008","","","","","","815070.9","1670073","0","30.50568","286328.8","2293.005","1949.054","0","137.7104","1931.859","648655.2"
"1022.66666666667","200","1203","999999","177.333333333333","CC","1703426","0.1738514","27002.55","1354350","84.07275","2505.461","2.487474","20.68108","55","9397.752","2505.461","330","1127.457","920400","1885892","0","16.00451","194076.1","1203.002","1022.552","3.844272","76.78791","111319.9","198242"
"1042.00986842105","","2105","999999","612.558333333333","LF","1706416","0.1039274","4532.196","1647826","99.84609","0","3.028456","20.46056","","","","","","937808.9","1921562","0","28.00456","282939.7","2105.004","1789.254","0","144.7661","1954.727","710500.2"
"","200","1804","999999","88.6666666666667","CC","1707528","0.2359965","88951.99","557600","0","33827.8","","","813","125323.5","33827.8","4878","15222.51","","","0","24.00011","115282.8","1804.004","1533.403","13.94724","11.86056","459075.8","6.217249E-14"
"","200","1804","999999","88.6666666666667","CC","1707528","0.2359965","88951.99","557600","0","33827.8","","","813","125323.5","33827.8","4878","15222.51","","","0","24.00011","115282.8","1804.004","1533.403","13.94724","11.86056","459075.8","6.217249E-14"
"1022.66666666667","200","","999999","266","LF","1712670","0.1347667","48924.3","1080200","69.33734","42478.95","1.221037","22.19669","2196","131314.7","42478.95","13176","19115.53","920400","1885892","","","","","","0","79.7259","170114.7","423360.7"
"1022.66666666667","200","","999999","266","LF","1712670","0.1347667","48924.3","1080200","69.33734","42478.95","1.221037","22.19669","2196","131314.7","42478.95","13176","19115.53","920400","1885892","","","","","","0","79.7259","170114.7","423360.7"
"1022.66666666667","200","","999999","266","LF","1712670","0.1347667","48924.3","1080200","69.33734","42478.95","1.221037","22.19669","2196","131314.7","42478.95","13176","19115.53","920400","1885892","","","","","","0","79.7259","170114.7","423360.7"
"1022.66666666667","200","","999999","266","CC","1712670","0.1347667","48924.3","1080200","69.33734","42478.95","1.221037","22.19669","2196","131314.7","42478.95","13176","19115.53","920400","1885892","","","","","","0","79.7259","170114.7","423360.7"
"1022.66666666667","200","","999999","266","CC","1712670","0.1347667","48924.3","1080200","69.33734","42478.95","1.221037","22.19669","2196","131314.7","42478.95","13176","19115.53","920400","1885892","","","","","","0","79.7259","170114.7","423360.7"
"802.678809489219","","2473","999999","654.350338511789","LF","1728587","0.1206027","14822.72","1536966","99.83548","0","2.596575","21.61333","","","","","","722410.9","1480214","0","32.90037","289766.5","2473.005","2102.054","0","126.3572","1824.083","549065.1"
"511.333333333333","200","1804","999999","88.6666666666667","CC","1736814","0.2264824","55618.87","1017800","60.20034","16129.01","0.5025445","24.73644","705","52715.92","16129.01","4230","7258.053","460200","942945.8","0","24.00011","93937.94","1804.004","1533.403","1.229689","42.06046","183377","33513.86"
"1022.66666666667","200","1804","999999","266","LF","1745715","0.1543505","16593.69","1531200","99.64141","204.3826","2.561228","20.95183","12","600","204.3826","72","91.97215","920400","1885892","0","24.00011","282356.5","1804.004","1533.403","0.004994115","99.51967","2537.223","315193.8"
"1022.66666666667","200","1804","999999","266","CC","1751034","0.1547174","17005.12","1531200","99.29412","922.6783","2.515989","21.00488","23","3400","922.6783","138","415.2053","920400","1885892","0","24.00011","283978.4","1804.004","1533.403","0.4866615","99.74609","2779.75","315778.3"
"1122.52705882353","","2141","999999","697.027899509804","LF","1764556","0.09871636","767.6075","1754633","99.88508","0","2.802335","20.70937","","","","","","1010274","2070043","0","28.4835","281888.8","2141.004","1819.854","0","157.6622","1589.046","823062.6"
"1082.06220948831","","2201","999999","798","LF","1768519","0.09686745","387.8033","1763506","99.89031","0","2.786712","20.82514","","","","","","973856","1995423","0","29.28173","282647.8","2201.004","1870.854","0","161.0409","1549.025","852619.3"
"","200","1203","999999","88.6666666666667","LF","1775673","0.2454147","105845.8","407350","0","58050.91","","","2704","186038.8","58050.91","16224","26122.91","","","0","16.00451","12250.95","1203.002","1022.552","1.423494","1.260406","375735.8","-4.618528E-14"
"","200","1203","999999","88.6666666666667","LF","1775673","0.2454147","105845.8","407350","0","58050.91","","","2704","186038.8","58050.91","16224","26122.91","","","0","16.00451","12250.95","1203.002","1022.552","1.423494","1.260406","375735.8","-4.618528E-14"
"1189.48916666667","","2105","999999","767.277","LF","1787570","0.09373871","-3048.025","1826973","99.89648","0","2.778893","20.70258","","","","","","1070540","2193528","0","28.00456","280911.3","2105.004","1789.254","0","168.219","1527.039","915477.6"
"937.087905846298","","2395","999999","798","LF","1787871","0.1087521","8225.969","1681529","99.88039","0","2.461647","21.73632","","","","","","843379.1","1728077","0","31.86267","285940.5","2395.005","2035.754","0","144.9971","1520.97","712048.2"
"829.190970482242","","2514","999999","758.430577726082","LF","1788920","0.120591","14435.83","1602301","99.86031","0","2.257396","22.42572","","","","","","746271.9","1529105","0","33.44582","289124","2514.005","2136.904","0","130.8126","1602.864","587862.4"
"924.417568445218","","2490","999999","652.572615160402","LF","1789168","0.1136943","10746.08","1650248","99.89171","0","2.379587","21.89648","","","","","","831975.8","1704711","0","33.12653","286551.7","2490.005","2116.504","0","138.8106","1318.218","657614.2"
"1022.66666666667","200","","999999","177.333333333333","LF","1794697","0.1733566","57327.07","1053600","62.35997","42478.95","","","2196","131314.7","42478.95","13176","19115.53","920400","1885892","","","","","","0","58.92347","170114.7","241131.4"
"1022.66666666667","200","","999999","177.333333333333","LF","1794697","0.1733566","57327.07","1053600","62.35997","42478.95","","","2196","131314.7","42478.95","13176","19115.53","920400","1885892","","","","","","0","58.92347","170114.7","241131.4"
"1022.66666666667","200","","999999","177.333333333333","LF","1794697","0.1733566","57327.07","1053600","62.35997","42478.95","","","2196","131314.7","42478.95","13176","19115.53","920400","1885892","","","","","","0","58.92347","170114.7","241131.4"
"1022.66666666667","200","","999999","177.333333333333","CC","1794697","0.1733566","57327.07","1053600","62.35997","42478.95","","","2196","131314.7","42478.95","13176","19115.53","920400","1885892","","","","","","0","58.92347","170114.7","241131.4"
"1022.66666666667","200","","999999","177.333333333333","CC","1794697","0.1733566","57327.07","1053600","62.35997","42478.95","","","2196","131314.7","42478.95","13176","19115.53","920400","1885892","","","","","","0","58.92347","170114.7","241131.4"
"920.502815291856","","2496","999999","711.254527150342","LF","1798365","0.1124427","10252.27","1665829","99.89343","0","2.343261","22.0298","","","","","","828452.6","1697492","0","33.20636","286662.7","2496.005","2121.604","0","141.0796","1318.398","677487.8"
"1022.66666666667","200","1804","999999","177.333333333333","LF","1802670","0.1900561","23057.04","1504600","99.5247","323.6057","2.016767","22.23512","19","950","323.6057","114","145.6226","920400","1885892","0","24.00011","281982","1804.004","1533.403","0.004994115","83.36304","2537.223","174011.8"
"1022.66666666667","200","601","999999","88.6666666666667","LF","1805630","0.2347451","48607.98","1177250","76.9348","20819.7","0.5030755","24.33867","1207","61461.23","20819.7","7242","9368.866","920400","1885892","0","7.995601","183915.1","601.0012","510.851","0.582108","52.86872","75776.81","35310.8"
"1022.66666666667","200","1804","999999","177.333333333333","CC","1808475","0.1906066","23506.07","1504600","99.1144","1111.362","1.964649","22.36399","32","4000","1111.362","192","500.1127","920400","1885892","0","24.00011","283417.4","1804.004","1533.403","0.4651818","83.53058","2499.72","174248.5"
"1022.66666666667","200","601","999999","88.6666666666667","CC","1809253","0.2302338","48888.19","1177250","56.17379","16531.23","0.5087632","24.50856","696","54620.04","16531.23","4176","7439.055","920400","1885892","0","7.995601","60591.97","601.0012","510.851","2.872833","42.0043","211789","48186.52"
"","200","1203","999999","177.333333333333","LF","1811434","0.2503573","106554.4","433950","0","58050.91","","","2704","186038.8","58050.91","16224","26122.91","","","0","16.00451","12250.95","1203.002","1022.552","1.423494","1.260406","375735.8","-4.618528E-14"
"","200","1203","999999","177.333333333333","LF","1811434","0.2503573","106554.4","433950","0","58050.91","","","2704","186038.8","58050.91","16224","26122.91","","","0","16.00451","12250.95","1203.002","1022.552","1.423494","1.260406","375735.8","-4.618528E-14"
"1022.66666666667","200","1203","999999","88.6666666666667","LF","1811685","0.2363106","37434.46","1327750","88.08669","12008.59","1.203273","23.94179","693","35520.84","12008.59","4158","5403.865","920400","1885892","0","16.00451","247716.8","1203.002","1022.552","0.008438949","59.6424","35129.92","33350.72"
"1153.68128575768","","1803","999999","254.235510404366","LF","1811815","0.1602029","19066.4","1565334","99.72546","0","2.002848","21.58942","","","","","","1038313","2127495","0","23.9868","280319.8","1803.004","1532.553","0","99.59336","2401.698","315334.5"
"1156.84411494968","","1804","999999","256.469495108602","LF","1813747","0.1596352","18924.46","1569101","99.7277","0","1.997148","21.60333","","","","","","1041160","2133327","0","24.00011","280282.5","1804.004","1533.403","0","100.0564","2393.166","319379"
"1161.31044480611","","1804","999999","259.091081602306","LF","1816266","0.1589826","18747.57","1573907","99.73027","0","1.989504","21.62007","","","","","","1045179","2141564","0","24.00011","280226.5","1804.004","1533.403","0","100.6092","2383.656","324210.3"
"1022.66666666667","200","541","999999","88.6666666666667","LF","1820068","0.2363736","50885.1","1162250","74.29919","22861.75","0.2378401","24.78799","1324","67520.23","22861.75","7944","10287.79","920400","1885892","0","7.197371","168485.8","541.0011","459.8509","0.7624394","51.32143","85560.46","35936.28"
"1171.54292217268","","1804","999999","265.201964130258","LF","1821961","0.1574749","18333.87","1584949","99.73609","0","1.972902","21.65638","","","","","","1054389","2160433","0","24.00011","280101.7","1804.004","1533.403","0","101.8969","2361.918","335464.1"
"1046.32907503613","","2393","999999","755.20158128292","LF","1822346","0.1033805","4319.392","1766507","99.91833","0","2.39818","21.68139","","","","","","941696.2","1929527","0","31.83606","283846.9","2393.005","2034.054","0","155.5314","1113.516","803905.1"
"1166.94605874067","","1804","999999","254.207411707048","LF","1824848","0.1610774","19132.38","1577514","99.72936","0","1.927509","21.76441","","","","","","1050252","2151956","0","24.00011","280157.6","1804.004","1533.403","0","99.76907","2371.683","316836.4"
"1167.30237500752","","1804","999999","248.664094800908","LF","1828898","0.16314","19549.53","1576171","99.7266","0","1.889464","21.8548","","","","","","1050572","2152613","0","24.00011","280153.3","1804.004","1533.403","0","98.72358","2370.926","307677.1"
"1160.98138438425","","1804","999999","239.587173288889","LF","1828996","0.1661873","20207.78","1567759","99.71993","0","1.864056","21.91749","","","","","","1044883","2140957","0","24.00011","280230.6","1804.004","1533.403","0","96.91199","2384.354","291823.8"
"1176.62732040185","","1804","999999","256.978672243152","LF","1832227","0.160685","18964.88","1587058","99.73344","0","1.892917","21.84399","","","","","","1058965","2169809","0","24.00011","280040.3","1804.004","1533.403","0","100.4212","2351.116","322524.7"
"1182.09986596446","","1799","999999","253.373629507077","LF","1837867","0.1621654","19200.51","1589652","99.73183","0","1.853263","21.93049","","","","","","1063890","2179901","0","23.93359","279958.2","1799.004","1529.153","0","99.80915","2350.981","317164"
"1190.25794219802","","1804","999999","259.516544571325","LF","1843516","0.1606239","18830.27","1600087","99.73844","0","1.836156","21.97627","","","","","","1071232","2194946","0","24.00011","279879.1","1804.004","1533.403","0","101.0835","2322.159","328290.7"
"","200","1203","999999","266","LF","1847196","0.2552999","107263.1","460550","0","58050.91","","","2704","186038.8","58050.91","16224","26122.91","","","0","16.00451","12250.95","1203.002","1022.552","1.423494","1.260406","375735.8","-4.618528E-14"
"","200","1203","999999","266","LF","1847196","0.2552999","107263.1","460550","0","58050.91","","","2704","186038.8","58050.91","16224","26122.91","","","0","16.00451","12250.95","1203.002","1022.552","1.423494","1.260406","375735.8","-4.618528E-14"
"1022.66666666667","200","361","999999","88.6666666666667","LF","1848916","0.2390839","56597.57","1117250","66.06303","28501.59","","","1623","84789.57","28501.59","9738","12825.72","920400","1885892","0","4.802682","116978.6","361.0007","306.8506","1.114879","46.28701","118223.8","38517.64"
"1022.66666666667","200","180","999999","88.6666666666667","LF","1853821","0.2375047","60477.28","1072000","58.10385","33529.57","","","1822","101683.6","33529.57","10932","15088.3","920400","1885892","0","2.394689","62581.99","180.0004","153.0003","1.214972","41.32737","151277.9","44092.73"
"1278.33333333333","","2105","999999","651.7","LF","1862804","0.1009335","-731.5057","1872260","99.90897","0","2.352396","21.22402","","","","","","1150500","2357365","0","28.00456","280017.4","2105.004","1789.254","0","162.8235","1299.556","867985.6"
"1212.84954535706","","1804","999999","253.95034046046","LF","1868913","0.1641078","19351.22","1618750","99.74184","0","1.679646","22.35291","","","","","","1091565","2236607","0","24.00011","279623.8","1804.004","1533.403","0","100.304","2274.167","321404.2"
"1223.80138057577","","1804","999999","266","LF","1871188","0.1604112","18485.1","1632221","99.75053","0","1.700859","22.29693","","","","","","1101421","2256803","0","24.00011","279508.2","1804.004","1533.403","0","102.7492","2250.974","342796.8"
"1220.50167653455","","1786","999999","242.49153195816","LF","1877079","0.1684031","20064.17","1617699","99.73332","0","1.608938","22.50418","","","","","","1098452","2250718","0","23.76064","279480.8","1786.004","1518.103","0","98.16431","2299.329","302696.5"
"1228.92375236738","","1804","999999","231.488499635626","LF","1900199","0.1741459","21173.49","1626478","99.7346","0","1.442266","22.95387","","","","","","1106031","2266249","0","24.00011","279456.8","1804.004","1533.403","0","96.09756","2240.126","284515"
"1278.33333333333","","2105","999999","505.4","LF","1910159","0.116983","6326.723","1828370","99.89711","0","1.91967","22.13673","","","","","","1150500","2357365","0","28.00456","280017.4","2105.004","1789.254","0","144.0391","1299.556","703434.2"
"1264.15822279666","","1804","999999","250.608923460002","LF","1920656","0.1687714","19859.24","1663925","99.754","0","1.390637","23.07643","","","","","","1137742","2331224","0","24.00011","279119.1","1804.004","1533.403","0","100.2448","2165.581","320754.3"
"1022.66666666667","200","1203","999999","88.6666666666667","CC","1920667","0.2482838","45864.69","1327750","73.13113","14034.27","0.008089117","24.99352","704","43861.17","14034.27","4224","6315.421","920400","1885892","0","16.00451","171191.8","1203.002","1022.552","1.947892","52.0063","116921","38706.08"
"767","","2968","999999","700.466666666667","LF","1930504","0.1391545","22282.98","1642440","99.92697","0","1.203614","24.3017","","","","","","690300","1414419","0","39.48576","292265.1","2968.006","2522.805","0","122.4157","783.6633","513455.3"
"1307.46300429407","","1725","999999","240.89789022303","LF","1938343","0.1729396","19965.71","1680236","99.73981","0","1.299162","23.20704","","","","","","1176717","2411082","0","22.9491","278478.8","1725.003","1466.253","0","98.71555","2255.893","307490.3"
"1051.42916666667","","2692","999999","700.466666666667","LF","1941731","0.1123415","8687.255","1829426","99.96275","0","1.674341","23.53632","","","","","","946286.3","1938932","0","35.81391","284453.9","2692.005","2288.205","0","152.5695","498.0103","777317.7"
"1022.66666666667","200","","999999","88.6666666666667","LF","1946337","0.2461092","71114.73","1027000","46.36095","45430.54","","","2368","140008.4","45430.54","14208","20443.74","920400","1885892","","","","","","0","34.2913","188129.4","52061.97"
"1022.66666666667","200","","999999","88.6666666666667","LF","1946337","0.2461092","71114.73","1027000","46.36095","45430.54","","","2368","140008.4","45430.54","14208","20443.74","920400","1885892","","","","","","0","34.2913","188129.4","52061.97"
"1022.66666666667","200","","999999","88.6666666666667","LF","1946337","0.2461092","71114.73","1027000","46.36095","45430.54","","","2368","140008.4","45430.54","14208","20443.74","920400","1885892","","","","","","0","34.2913","188129.4","52061.97"
"1022.66666666667","200","","999999","88.6666666666667","CC","1946337","0.2461092","71114.73","1027000","46.36095","45430.54","","","2368","140008.4","45430.54","14208","20443.74","920400","1885892","","","","","","0","34.2913","188129.4","52061.97"
"1022.66666666667","200","","999999","88.6666666666667","CC","1946337","0.2461092","71114.73","1027000","46.36095","45430.54","","","2368","140008.4","45430.54","14208","20443.74","920400","1885892","","","","","","0","34.2913","188129.4","52061.97"
"1022.66666666667","","2766","999999","602.933333333333","LF","1958689","0.1212226","12833.8","1792780","99.96475","0","1.448962","24.03592","","","","","","920400","1885892","0","36.79839","285125.6","2766.006","2351.105","0","142.6296","440.5867","690186.1"
"1022.66666666667","","2766","999999","798","LF","1967523","0.1120801","8990.357","1851300","99.96756","0","1.541404","24.00203","","","","","","920400","1885892","0","36.79839","285125.6","2766.006","2351.105","0","154.9642","440.5867","798237.2"
"1390.67171717172","","1625","999999","238.123737373737","LF","1982132","0.1766239","19558.31","1729292","99.73383","0","1.103923","23.59538","","","","","","1251605","2564527","0","21.61872","277510.4","1625.003","1381.253","0","98.83404","2310.6","308624.8"
"1022.66666666667","","2766","999999","407.866666666667","LF","2002959","0.1462132","20785.01","1734260","99.95842","0","0.929673","24.36135","","","","","","920400","1885892","0","36.79839","285125.6","2766.006","2351.105","0","120.9165","440.5867","499979.5"
"","","2424","999999","648.375","CC","2010895","0.2781505","93628.41","800512.5","0","0","","","","","","","","","","0","32.24848","199893.5","2424.005","2060.404","24.15411","20.56551","601807.6","0"
"","","2424","999999","656.6875","CC","2014568","0.2786585","93719.59","803006.3","0","0","","","","","","","","","","0","32.24848","199893.5","2424.005","2060.404","24.18094","20.56551","602055","0"
"","200","1804","999999","88.6666666666667","LF","2016274","0.2786681","112834.8","557600","0","58050.91","","","2704","186038.8","58050.91","16224","26122.91","","","0","24.00011","12461.3","1804.004","1533.403","1.423494","1.282048","375546.2","-4.618528E-14"
"","200","1804","999999","88.6666666666667","LF","2016274","0.2786681","112834.8","557600","0","58050.91","","","2704","186038.8","58050.91","16224","26122.91","","","0","24.00011","12461.3","1804.004","1533.403","1.423494","1.282048","375546.2","-4.618528E-14"
"1401.24654387199","","1648","999999","214.29911305279","LF","2020282","0.1893847","21881.28","1737412","99.72879","0","0.8218302","24.14565","","","","","","1261122","2584028","0","21.92471","277513.8","1648.003","1400.803","0","93.94389","2237.944","265690.4"
"1534","200","601","999999","266","LF","2027020","0.1646782","26019.67","1690650","90.22269","12177.48","0.5997735","24.39505","690","36303.08","12177.48","4140","5479.865","1380600","2828838","0","7.995601","186035.1","601.0012","510.851","0.6604784","98.76123","56791.92","392463.5"
"1534","200","601","999999","266","CC","2033798","0.1550665","26543.99","1690650","76.40765","9692.464","0.6606312","24.17955","197","36705.25","9692.464","1182","4361.609","1380600","2828838","0","7.995601","84063.5","601.0012","510.851","6.858952","95.71492","202651.6","454863.1"
"","","2481","999999","648.375","CC","2033853","0.2813042","94302.02","814762.5","0","0","","","","","","","","","","0","33.0068","199962","2481.005","2108.854","24.16577","20.57255","601897.1","0"
"1534","200","1203","999999","266","LF","2036862","0.1689552","15139.19","1841150","99.11623","1164.31","1.136648","22.97091","66","3470.381","1164.31","396","523.9394","1380600","2828838","0","16.00451","271592.8","1203.002","1022.552","0.01284246","105.5289","4771.275","372866.5"
"1534","200","541","999999","266","LF","2037154","0.1647526","27963.88","1675650","88.62083","14274.73","0.455791","24.47736","803","42684.7","14274.73","4818","6423.626","1380600","2828838","0","7.197371","170119.9","541.0011","459.8509","0.790612","97.59493","66154.8","396791.2"
"","","2481","999999","665","CC","2040791","0.2823023","94452.84","819750","0","0","","","","","","","","","","0","33.0068","199877.1","2481.005","2108.854","24.18523","20.56382","602076.6","0"
"1022.66666666667","200","1804","999999","88.6666666666667","LF","2041499","0.2663051","43589.11","1478000","88.45387","11816.8","","","685","34885.5","11816.8","4110","5317.56","920400","1885892","0","24.00011","250060.9","1804.004","1533.403","0.0008911127","59.87893","33583.04","33310.12"
"1396.64844712504","","1799","999999","249.668718221496","LF","2048485","0.1781742","20642.05","1781634","99.78667","0","0.7444409","24.26684","","","","","","1256984","2575549","0","23.93359","278059.3","1799.004","1529.153","0","101.3074","1897.321","329743.3"
"","200","1804","999999","177.333333333333","LF","2052036","0.2836107","113543.5","584200","0","58050.91","","","2704","186038.8","58050.91","16224","26122.91","","","0","24.00011","12461.3","1804.004","1533.403","1.423494","1.282048","375546.2","-4.618528E-14"
"","200","1804","999999","177.333333333333","LF","2052036","0.2836107","113543.5","584200","0","58050.91","","","2704","186038.8","58050.91","16224","26122.91","","","0","24.00011","12461.3","1804.004","1533.403","1.423494","1.282048","375546.2","-4.618528E-14"
"","","2537","999999","640.0625","CC","2052850","0.2839611","94881.45","826268.8","0","0","","","","","","","","","","0","33.75181","199917.2","2537.005","2156.454","24.15996","20.56794","601825.9","0"
"1534","200","361","999999","266","LF","2053468","0.1623695","32706.84","1630650","83.77347","20473.29","0.1040572","24.81231","1117","61989.13","20473.29","6702","9212.981","1380600","2828838","0","4.802682","117919.5","361.0007","306.8506","1.107386","94.72147","96753.64","418601.9"
"1534","200","180","999999","266","LF","2058399","0.1595311","36588.52","1585400","79.05981","25948.55","","","1364","79714.2","25948.55","8184","11676.85","1380600","2828838","0","2.394689","62991.07","180.0004","153.0003","1.183088","91.32553","129287.4","438398.6"
"1465.49940310047","","1673","999999","255.611338341892","LF","2060805","0.1759991","19100.53","1813883","99.77375","0","0.758509","24.21068","","","","","","1318950","2702516","0","22.25731","277186.6","1673.003","1422.053","0","103.1629","2049.271","346213"
"1406.16666666667","","1804","999999","221.666666666667","LF","2081450","0.191887","23082.54","1783050","99.77741","0","0.4850457","24.51582","","","","","","1265550","2593101","0","24.00011","278010.4","1804.004","1533.403","0","95.57259","1867.704","279467.7"
"","200","1804","999999","266","LF","2087797","0.2885532","114252.2","610800","0","58050.91","","","2704","186038.8","58050.91","16224","26122.91","","","0","24.00011","12461.3","1804.004","1533.403","1.423494","1.282048","375546.2","-4.618528E-14"
"","200","1804","999999","266","LF","2087797","0.2885532","114252.2","610800","0","58050.91","","","2704","186038.8","58050.91","16224","26122.91","","","0","24.00011","12461.3","1804.004","1533.403","1.423494","1.282048","375546.2","-4.618528E-14"
"1495.65","","1563","999999","201.716666666667","LF","2089356","0.2000056","22587.92","1797350","99.72272","0","0.4757276","24.47156","","","","","","1346085","2758117","0","20.79388","276636.9","1563.003","1328.553","0","91.99094","2240.605","248609.3"
"1022.66666666667","","2766","999999","212.8","LF","2097755","0.2050699","32644.67","1675740","99.94432","0","","","","","","","","920400","1885892","0","36.79839","285125.6","2766.006","2351.105","0","90.28001","440.5867","231603.9"
"1534","200","601","999999","177.333333333333","LF","2107462","0.2105726","34299.82","1664050","87.96858","12249.63","","","696","36475.79","12249.63","4176","5512.335","1380600","2828838","0","7.995601","186035.1","601.0012","510.851","0.6604784","78.43913","56669.21","214491.8"
"1534","200","1203","999999","266","CC","2108183","0.1696874","20656.18","1841150","89.41386","2207.006","0.625121","24.40162","45","8354.748","2207.006","270","993.1528","1380600","2828838","0","16.00451","207310.2","1203.002","1022.552","3.724834","102.0153","93382.82","401355.3"
"1534","200","1203","999999","177.333333333333","LF","2111162","0.2137533","22944.26","1814550","98.89771","1283.533","0.477474","24.37663","73","3820.381","1283.533","438","577.5898","1380600","2828838","0","16.00451","271448.7","1203.002","1022.552","0.01284246","86.26684","4601.089","204310.9"
"1534","200","541","999999","177.333333333333","LF","2118093","0.2108295","36282.5","1649050","85.98841","14319.26","","","807","42784.7","14319.26","4842","6443.665","1380600","2828838","0","7.197371","170119.9","541.0011","459.8509","0.790612","77.11638","66104.8","217449.1"
"1534","200","601","999999","177.333333333333","CC","2123849","0.2016909","35567.43","1664050","71.05728","9961.391","","","205","37667.47","9961.391","1230","4482.625","1380600","2828838","0","7.995601","83723.84","601.0012","510.851","6.426718","72.84067","198087.9","254868.7"
"","","2706","999999","665","CC","2131133","0.2947146","97090.04","876000","0","0","","","","","","","","","","0","36.00016","200134.3","2706.005","2300.104","24.20763","20.59028","602212.2","0"
"1534","200","361","999999","177.333333333333","LF","2138614","0.2089157","41350.85","1604050","79.94675","20495.56","","","1119","62039.13","20495.56","6714","9223.001","1380600","2828838","0","4.802682","117919.5","361.0007","306.8506","1.107386","73.43314","96753.64","232166.1"
"1022.66666666667","200","1804","999999","88.6666666666667","CC","2143404","0.2775206","51471.89","1478000","75.4331","13273.26","","","702","40680.57","13273.26","4212","5972.966","920400","1885892","0","24.00011","179407.9","1804.004","1533.403","1.141685","52.64775","106091.7","37749.43"
"","","2706","999999","698.25","CC","2145047","0.2966194","97394.75","885975","0","0","","","","","","","","","","0","36.00016","200174.7","2706.005","2300.104","24.24987","20.59444","602601.7","0"
"1534","200","180","999999","177.333333333333","LF","2149575","0.2074069","45699.02","1558800","73.93034","25948.55","","","1364","79714.2","25948.55","8184","11676.85","1380600","2828838","0","2.394689","62991.07","180.0004","153.0003","1.183088","68.90729","129287.4","242014.8"
"","","2706","999999","731.5","CC","2158246","0.298417","97644.09","895950","0","0","","","","","","","","","","0","36.00016","200232","2706.005","2300.104","24.23207","20.60033","602437.5","0"
"1534","200","","999999","266","CC","2159989","0.1634878","47927.95","1540400","71.9061","39054.96","","","2002","121107","39054.96","12012","17574.73","1380600","2828838","","","","","","0","85.78195","166012.9","462311"
"1534","200","","999999","266","LF","2159989","0.1634878","47927.95","1540400","71.9061","39054.96","","","2002","121107","39054.96","12012","17574.73","1380600","2828838","","","","","","0","85.78195","166012.9","462311"
"1534","200","","999999","266","LF","2159989","0.1634878","47927.95","1540400","71.9061","39054.96","","","2002","121107","39054.96","12012","17574.73","1380600","2828838","","","","","","0","85.78195","166012.9","462311"
"1534","200","","999999","266","LF","2159989","0.1634878","47927.95","1540400","71.9061","39054.96","","","2002","121107","39054.96","12012","17574.73","1380600","2828838","","","","","","0","85.78195","166012.9","462311"
"1534","200","","999999","266","CC","2159989","0.1634878","47927.95","1540400","71.9061","39054.96","","","2002","121107","39054.96","12012","17574.73","1380600","2828838","","","","","","0","85.78195","166012.9","462311"
"1534","","1734","999999","238.291666666667","LF","2165254","0.1903701","21633.39","1885588","99.79701","0","0.1943729","24.79416","","","","","","1380600","2828838","0","23.06884","277010.6","1734.003","1473.903","0","100.2324","1785.946","320186.5"
"1534","","1804","999999","266","LF","2171142","0.180393","20092.19","1911400","99.8299","0","0.2417115","24.75119","","","","","","1380600","2828838","0","24.00011","277248.6","1804.004","1533.403","0","106.0987","1583.633","371360.2"
"1534","","1804","999999","266","CC","2172284","0.1804529","20180.48","1911400","99.72768","0","0.2329793","24.76016","","","","","","1380600","2828838","0","24.00011","278435.4","1804.004","1533.403","0.2125571","106.2343","2535.843","371498.8"
"511.333333333333","","4089","999999","212.8","LF","2173458","0.2467538","48514.19","1546290","99.84898","0","","","","","","","","460200","942945.8","0","54.39936","304967.3","4089.008","3475.657","0","77.66258","1028.93","121663.5"
"1534","200","1203","999999","177.333333333333","CC","2178212","0.2161341","28130.82","1814550","88.5123","3314.309","","","73","12426.25","3314.309","438","1491.439","1380600","2828838","0","16.00451","215131.5","1203.002","1022.552","3.102417","82.03575","77129.73","219892"
"","","2706","999999","798","CC","2185326","0.3021734","98195.61","915900","0","0","","","","","","","","","","0","36.00016","200207.1","2706.005","2300.104","24.25377","20.59777","602637.6","0"
"511.333333333333","","4089","999999","407.866666666667","LF","2201548","0.2241921","46160.29","1604810","99.86455","0","","","","","","","","460200","942945.8","0","54.39936","304967.3","4089.008","3475.657","0","86.59643","1028.93","199924"
"1278.33333333333","","3014","999999","700.466666666667","LF","2216319","0.1164567","7903.991","2114140","100","0","0.5636588","24.6057","","","","","","1150500","2357365","0","40.09774","281505.8","3014.006","2561.905","0","168.0539","0","912462.2"
"","","2932","999999","665","CC","2222122","0.3072023","99757.9","932500","0","0","","","","","","","","","","0","39.00682","200405.5","2932.006","2492.205","24.25067","20.61818","602537.8","0"
"1534","200","1804","999999","266","LF","2232337","0.1854691","18637.49","1991400","99.824","34.06376","0.2209283","24.81509","2","100","34.06376","12","15.32869","1380600","2828838","0","24.00011","277298.5","1804.004","1533.403","0.0008911127","106.0981","1538.633","371360.2"
"1534","200","1804","999999","266","CC","2234705","0.1856382","18820.68","1991400","99.67367","314.5693","0.203102","24.82977","6","1200","314.5693","36","141.5562","1380600","2828838","0","24.00011","278564.6","1804.004","1533.403","0.2369278","106.2026","1838.763","371498.8"
"1534","","1804","999999","177.333333333333","LF","2243897","0.2274536","27777.72","1884800","99.79248","0","","","","","","","","1380600","2828838","0","24.00011","277248.6","1804.004","1533.403","0","86.93378","1583.633","203475.8"
"1534","","1804","999999","177.333333333333","CC","2244321","0.2274923","27810.53","1884800","99.74854","0","","","","","","","","1380600","2828838","0","24.00011","278326.4","1804.004","1533.403","0.1417047","87.04633","1918.953","203490.2"
"1534","200","","999999","177.333333333333","CC","2254013","0.2123177","57258.71","1513800","65.03704","39054.96","","","2002","121107","39054.96","12012","17574.73","1380600","2828838","","","","","","0","62.86082","166012.9","261521.9"
"1534","200","","999999","177.333333333333","LF","2254013","0.2123177","57258.71","1513800","65.03704","39054.96","","","2002","121107","39054.96","12012","17574.73","1380600","2828838","","","","","","0","62.86082","166012.9","261521.9"
"1534","200","","999999","177.333333333333","LF","2254013","0.2123177","57258.71","1513800","65.03704","39054.96","","","2002","121107","39054.96","12012","17574.73","1380600","2828838","","","","","","0","62.86082","166012.9","261521.9"
"1534","200","","999999","177.333333333333","LF","2254013","0.2123177","57258.71","1513800","65.03704","39054.96","","","2002","121107","39054.96","12012","17574.73","1380600","2828838","","","","","","0","62.86082","166012.9","261521.9"
"1534","200","","999999","177.333333333333","CC","2254013","0.2123177","57258.71","1513800","65.03704","39054.96","","","2002","121107","39054.96","12012","17574.73","1380600","2828838","","","","","","0","62.86082","166012.9","261521.9"
"511.333333333333","","4089","999999","602.933333333333","LF","2277253","0.2305071","47489.66","1663330","99.86536","0","","","","","","","","460200","942945.8","0","54.39936","304967.3","4089.008","3475.657","0","87.12096","1028.93","204518.9"
"1534","","2766","999999","798","LF","2279342","0.1043994","-2487.575","2311500","100","0","0.713829","24.45217","","","","","","1380600","2828838","0","36.79839","279052.1","2766.006","2351.105","0","192.7935","0","1129181"
"","","3157","999999","598.5","CC","2285419","0.3158854","101846.3","968800","0","0","","","","","","","","","","0","42.00019","200617.1","3157.006","2683.455","24.25428","20.63995","602500.1","0"
"1534","200","1804","999999","177.333333333333","LF","2306552","0.2337919","26435.97","1964800","99.73942","153.2869","","","9","450","153.2869","54","68.97911","1380600","2828838","0","24.00011","276965.7","1804.004","1533.403","0.0008911127","86.89326","1538.633","203475.8"
"1534","200","1804","999999","177.333333333333","CC","2309688","0.2340944","26678.58","1964800","99.53134","590.419","","","16","2147.211","590.419","96","265.6885","1380600","2828838","0","24.00011","278099.3","1804.004","1533.403","0.2350661","86.96415","1429.683","203525.7"
"","","3157","999999","665","CC","2312693","0.3196359","102412.8","988750","0","0","","","","","","","","","","0","42.00019","200654.4","3157.006","2683.455","24.29224","20.64379","602850.1","0"
"1534","200","601","999999","88.6666666666667","LF","2313630","0.2987554","52305.46","1637450","78.17459","19930.08","","","1157","58800.06","19930.08","6942","8968.534","1380600","2828838","0","7.995601","185113.3","601.0012","510.851","0.5542426","54.04287","71945.04","39360.3"
"1534","200","601","999999","88.6666666666667","CC","2327041","0.2946039","53342.89","1637450","57.13909","16234.3","","","693","53428.26","16234.3","4158","7305.437","1380600","2828838","0","7.995601","59839.9","601.0012","510.851","2.788728","42.79022","208457.5","51323.41"
"1534","200","541","999999","88.6666666666667","LF","2327075","0.2999266","54505.84","1622450","75.57955","21971.45","","","1275","64834.04","21971.45","7650","9887.154","1380600","2828838","0","7.197371","169665.8","541.0011","459.8509","0.732581","52.55334","81732.16","40488.65"
"1534","200","1203","999999","88.6666666666667","LF","2329158","0.3014987","41864.84","1787950","88.45178","11869.79","","","687","35065.72","11869.79","4122","5341.407","1380600","2828838","0","16.00451","244906.7","1203.002","1022.552","0.007094743","60.34686","33944.5","37893.63"
"","","3157","999999","731.5","CC","2339581","0.3234047","102949.5","1008700","0","0","","","","","","","","","","0","42.00019","200553.5","3157.006","2683.455","24.29789","20.63341","602902.2","0"
"1534","","2766","999999","602.933333333333","LF","2347324","0.1241986","7297.895","2252980","100","0","0.128489","24.89798","","","","","","1380600","2828838","0","36.79839","279052.1","2766.006","2351.105","0","166.8926","0","902289.6"
"1534","200","1203","999999","88.6666666666667","CC","2347513","0.3038437","43284.64","1787950","86.44592","14357.85","","","708","45143.7","14357.85","4248","6461.031","1380600","2828838","0","16.00451","243085.3","1203.002","1022.552","0.899177","59.92356","35861.47","37954.54"
"1534","200","361","999999","88.6666666666667","LF","2355326","0.3018071","60172.09","1577450","67.44656","27530.16","","","1574","81759.56","27530.16","9444","12388.57","1380600","2828838","0","4.802682","117771.7","361.0007","306.8506","1.087071","47.62386","114758.8","43989.8"
"511.333333333333","","4089","999999","798","LF","2355929","0.2384708","49048.78","1721850","99.86536","0","","","","","","","","460200","942945.8","0","54.39936","304967.3","4089.008","3475.657","0","87.12096","1028.93","204518.9"
"1534","200","180","999999","88.6666666666667","LF","2362300","0.3014308","64211.89","1532200","59.28899","32555.53","","","1774","98620.43","32555.53","10644","14649.99","1380600","2828838","0","2.394689","63025.15","180.0004","153.0003","1.183088","42.27723","148179","46533.3"
"","","3608","999999","532","CC","2439602","0.3373627","106594.4","1061600","0","0","","","","","","","","","","0","48.00021","200468.4","3608.007","3066.806","24.29224","20.62465","602707.8","0"
"1534","200","","999999","88.6666666666667","LF","2441581","0.3076658","73825.55","1487200","47.95444","43540.7","","","2264","134306.1","43540.7","13584","19593.31","1380600","2828838","","","","","","0","35.49627","185186.3","54180.96"
"1534","200","","999999","88.6666666666667","LF","2441581","0.3076658","73825.55","1487200","47.95444","43540.7","","","2264","134306.1","43540.7","13584","19593.31","1380600","2828838","","","","","","0","35.49627","185186.3","54180.96"
"1534","200","","999999","88.6666666666667","LF","2441581","0.3076658","73825.55","1487200","47.95444","43540.7","","","2264","134306.1","43540.7","13584","19593.31","1380600","2828838","","","","","","0","35.49627","185186.3","54180.96"
"1534","200","","999999","88.6666666666667","CC","2441581","0.3076658","73825.55","1487200","47.95444","43540.7","","","2264","134306.1","43540.7","13584","19593.31","1380600","2828838","","","","","","0","35.49627","185186.3","54180.96"
"1534","200","","999999","88.6666666666667","CC","2441581","0.3076658","73825.55","1487200","47.95444","43540.7","","","2264","134306.1","43540.7","13584","19593.31","1380600","2828838","","","","","","0","35.49627","185186.3","54180.96"
"1534","","2766","999999","407.866666666667","LF","2452802","0.1611915","19983.84","2194460","100","0","","","","","","","","1380600","2828838","0","36.79839","279052.1","2766.006","2351.105","0","134.3696","0","617388.3"
"1022.66666666667","","4089","999999","602.933333333333","LF","2488852","0.154139","28259.22","2123530","100","0","","","","","","","","920400","1885892","0","54.39936","285614.5","4089.008","3475.657","0","142.5829","0","689336.4"
"","","3608","999999","665","CC","2493244","0.3447106","107657.5","1101500","0","0","","","","","","","","","","0","48.00021","200594.6","3608.007","3066.806","24.29224","20.63764","602707.8","0"
"1022.66666666667","","4089","999999","798","LF","2497686","0.1423699","24415.78","2182050","100","0","","","","","","","","920400","1885892","0","54.39936","285614.5","4089.008","3475.657","0","154.9175","0","797387.6"
"1022.66666666667","","4089","999999","407.866666666667","LF","2533121","0.1850627","36210.43","2065010","100","0","","","","","","","","920400","1885892","0","54.39936","285614.5","4089.008","3475.657","0","120.8698","0","499129.9"
"","","3608","999999","798","CC","2546884","0.3520551","108720.3","1141400","0","0","","","","","","","","","","0","48.00021","200720.8","3608.007","3066.806","24.29202","20.65062","602705.8","0"
"1534","200","1804","999999","88.6666666666667","LF","2562528","0.3317241","48294.52","1938200","88.7232","11731.64","","","680","34635.5","11731.64","4080","5279.238","1380600","2828838","0","24.00011","246564.7","1804.004","1533.403","0.0008911127","60.52242","32749.41","37863.49"
"1534","200","1804","999999","88.6666666666667","CC","2575660","0.3334233","49310.3","1938200","87.43219","13091.86","","","695","40067.08","13091.86","4170","5891.335","1380600","2828838","0","24.00011","245699.7","1804.004","1533.403","0.52264","60.19112","35032.45","37864.81"
"1534","","2766","999999","212.8","LF","2597409","0.2415964","35696.68","2135940","100","0","","","","","","","","1380600","2828838","0","36.79839","279052.1","2766.006","2351.105","0","94.93594","0","271949.3"
"1022.66666666667","","4089","999999","212.8","LF","2627738","0.2570654","48056.24","2006490","100","0","","","","","","","","920400","1885892","0","54.39936","285614.5","4089.008","3475.657","0","90.26495","0","231031.3"
"511.333333333333","","5412","999999","212.8","LF","2702841","0.3072111","63879.34","1877040","99.99773","0","","","","","","","","460200","942945.8","0","72.00032","306091.9","5412.011","4600.209","0","77.68812","15.42782","120873.7"
"511.333333333333","","5412","999999","407.866666666667","LF","2731561","0.2788126","61574.12","1935560","99.99796","0","","","","","","","","460200","942945.8","0","72.00032","306091.9","5412.011","4600.209","0","86.5108","15.42782","198160.4"
"511.333333333333","","5412","999999","602.933333333333","LF","2807282","0.2848241","62904.74","1994080","99.99798","0","","","","","","","","460200","942945.8","0","72.00032","306091.9","5412.011","4600.209","0","87.03249","15.42782","202730.4"
"1534","","4089","999999","798","LF","2809953","0.1287531","12972.55","2642250","100","0","","","","","","","","1380600","2828838","0","54.39936","279052.1","4089.008","3475.657","0","192.7179","0","1128519"
"1534","","4089","999999","602.933333333333","LF","2877920","0.1523394","22756.85","2583730","100","0","","","","","","","","1380600","2828838","0","54.39936","279052.1","4089.008","3475.657","0","166.8196","0","901650.5"
"511.333333333333","","5412","999999","798","LF","2885958","0.2928064","64463.86","2052600","99.99798","0","","","","","","","","460200","942945.8","0","72.00032","306091.9","5412.011","4600.209","0","87.03249","15.42782","202730.4"
"1534","","4089","999999","407.866666666667","LF","2983200","0.1961033","35427.5","2525210","100","0","","","","","","","","1380600","2828838","0","54.39936","279052.1","4089.008","3475.657","0","134.3316","0","617055.3"
"1022.66666666667","","5412","999999","602.933333333333","LF","3019035","0.1869741","43686.22","2454280","100","0","","","","","","","","920400","1885892","0","72.00032","285614.5","5412.011","4600.209","0","142.5829","0","689336.4"
"1022.66666666667","","5412","999999","798","LF","3027868","0.1725907","39842.79","2512800","100","0","","","","","","","","920400","1885892","0","72.00032","285614.5","5412.011","4600.209","0","154.9175","0","797387.6"
"","","5412","999999","266","CC","3055880","0.4225578","125552.4","1432800","0","0","","","","","","","","","","0","72.00032","200595.1","5412.011","4600.209","24.35297","20.63769","603190.1","0"
"1022.66666666667","","5412","999999","407.866666666667","LF","3063304","0.2237964","51637.44","2395760","100","0","","","","","","","","920400","1885892","0","72.00032","285614.5","5412.011","4600.209","0","120.8698","0","499129.9"
"1534","","4089","999999","212.8","LF","3127681","0.2909676","51130.57","2466690","100","0","","","","","","","","1380600","2828838","0","54.39936","279052.1","4089.008","3475.657","0","94.9202","0","271811.3"
"1022.66666666667","","5412","999999","212.8","LF","3157921","0.308932","63483.24","2337240","100","0","","","","","","","","920400","1885892","0","72.00032","285614.5","5412.011","4600.209","0","90.26495","0","231031.3"
"","","5412","999999","532","CC","3163165","0.4373929","127678.4","1512600","0","0","","","","","","","","","","0","72.00032","200595.1","5412.011","4600.209","24.35297","20.63769","603190.1","0"
"","","5412","999999","798","CC","3271174","0.452328","129860.5","1592400","0","0","","","","","","","","","","0","72.00032","200595.1","5412.011","4600.209","24.4137","20.63769","603750.1","0"
"1534","","5412","999999","798","LF","3340564","0.153126","28432.67","2973000","100","0","","","","","","","","1380600","2828838","0","72.00032","279052.1","5412.011","4600.209","0","192.6423","0","1127857"
"1534","","5412","999999","602.933333333333","LF","3408531","0.1805085","38216.98","2914480","100","0","","","","","","","","1380600","2828838","0","72.00032","279052.1","5412.011","4600.209","0","166.744","0","900988.1"
"1534","","5412","999999","407.866666666667","LF","3513715","0.2310784","50880.25","2855960","100","0","","","","","","","","1380600","2828838","0","72.00032","279052.1","5412.011","4600.209","0","134.2728","0","616540.3"
"1534","","5412","999999","212.8","LF","3657955","0.3403564","66564.61","2797440","100","0","","","","","","","","1380600","2828838","0","72.00032","279052.1","5412.011","4600.209","0","94.90414","0","271670.7"