sep=,
"Architecture/PV (kW)","Architecture/Gen (kW)","Architecture/1kWh LI (#)","Architecture/Grid (kW)","Architecture/Converter (kW)","Architecture/Dispatch","Cost/NPC ($)","Cost/LCOE ($/kWh)","Cost/Operating cost ($/yr)","Cost/CAPEX ($)","System/Ren Frac (%)","System/Total Fuel (L/yr)","Project Economics/IRR (%)","Project Economics/Simple Payback (yr)","Gen/Hours","Gen/Production (kWh)","Gen/Fuel (L)","Gen/O&M Cost ($/yr)","Gen/Fuel Cost ($/yr)","PV/CAPEX","PV/Energy Production (kWh/yr)","1kWh LI/Auxiliary Load Percent (%)","1kWh LI/Autonomy (hr)","1kWh LI/Annual Throughput (kWh/yr)","1kWh LI/Nominal Capacity (kWh)","1kWh LI/Accessible Capacity (kWh)","Converter/Rectifier Mean Output (kW)","Converter/Inverter Mean Output (kW)","Grid/Energy Purchased (kWh)","Grid/Energy Sold (kWh)"
"819.27427333131","640","650","999999","599.063045532482","CC","2540091","0.1013491","93175.27","1335566","62.46818","56311.81","17.13222","5.567028","397","220003.8","56311.81","7622.4","25340.31","737346.9","1510817","0","2.984894","208374.6","650.0013","552.5011","20.21992","159.5354","507631.7","317248.3"
"802.712640752105","640","653","999999","592.817182303404","CC","2540309","0.10202","94432.13","1319537","61.8952","56721.57","17.2861","5.544807","400","221599.5","56721.57","7680","25524.71","722441.4","1480276","0","2.99867","209856.4","653.0013","555.0511","20.31381","157.477","512349.8","304665.2"
"827.946434958394","640","684","999999","590.859420988149","CC","2541410","0.1013242","92206.41","1349410","62.63093","54431.24","16.97005","5.590139","372","213207.7","54431.24","7142.4","24494.06","745151.8","1526810","0","3.141026","212552.6","684.0013","581.4012","20.59151","160.3927","511826.6","318730.9"
"788.046597879538","640","668","999999","587.728348280134","CC","2541480","0.1026689","95371.72","1308561","61.36582","56415.49","17.37713","5.530316","392","220677.9","56415.49","7526.4","25386.97","709241.9","1453231","0","3.067552","213657.6","668.0013","567.8011","20.57545","155.7974","519105.3","293373.1"
"826.92422895918","640","684","999999","600.70926851235","CC","2541695","0.1011274","92071.06","1351445","62.69926","54394.48","16.95327","5.592056","371","213098.8","54394.48","7123.2","24477.51","744231.8","1524925","0","3.141026","212703","684.0013","581.4012","20.59951","160.8384","512099.9","322725.7"
"808.975039733465","640","677","999999","583.093578178075","CC","2542099","0.1021184","93896.11","1328256","61.98239","55813.41","17.17433","5.561309","387","218361","55813.41","7430.4","25116.04","728077.6","1491825","0","3.108881","212105.7","677.0013","575.4512","20.50258","157.832","513718.2","304163.7"
"796.302307663083","640","682","999999","600.545640377259","CC","2542274","0.1021507","94290.2","1323336","61.76128","55514.24","17.22991","5.551706","380","217421.7","55514.24","7296","24981.41","716672.1","1468455","0","3.131842","214615.9","682.0013","579.7012","20.69815","157.5182","518732.9","303686.9"
"832.422333073451","640","678","999999","606.491902538316","CC","2542350","0.1008522","91720.84","1356628","62.91217","54711","16.90791","5.599196","374","214299.4","54711","7180.8","24619.95","749180.1","1535064","0","3.113474","211550.5","678.0013","576.3011","20.48258","161.6049","508913.8","328533.2"
"847.988078838854","640","673","999999","596.808096344456","CC","2542983","0.1006575","91007.48","1366482","63.22729","54609.11","16.80777","5.615519","375","213820.7","54609.11","7200","24574.1","763189.3","1563768","0","3.090513","209420.7","673.0013","572.0511","20.36461","162.4895","504813","332790.5"
"809.053071301112","640","732","999999","596.987371609238","CC","2543596","0.1019194","92620.43","1346244","62.24126","53047.06","17.02634","5.591561","363","207764.3","53047.06","6969.6","23871.18","728147.8","1491969","0","3.361449","215477.1","732.0015","622.2012","20.38082","158.6207","521178.9","309060"
"793.853456669919","640","703","999999","590.220296587591","CC","2544207","0.1025485","94443.75","1323284","61.63804","55193.42","17.18377","5.556254","379","216109.1","55193.42","7276.8","24837.04","714468.1","1463939","0","3.228277","215720","703.0014","597.5512","20.64296","156.7665","520113.3","297678.8"
"771.742084734571","640","654","999999","597.201708523535","CC","2545051","0.103169","96833.98","1293228","60.8928","57527.25","17.53211","5.509691","410","224544.5","57527.25","7872","25887.26","694567.9","1423164","0","3.003262","212577.5","654.0013","555.9011","20.51814","154.244","521713.5","286768.5"
"846.372656317679","640","712","999999","619.675476244301","CC","2546224","0.1003129","90085.79","1381638","63.51517","53568.71","16.70635","5.640545","364","209927.9","53568.71","6988.8","24105.92","761735.4","1560789","0","3.269606","211453.8","712.0014","605.2012","20.13025","163.553","506441.4","342003.6"
"822.504288761298","640","670","999999","645.606953748815","CC","2546377","0.1006331","91969.8","1357436","62.92442","55223.64","16.89565","5.599451","379","216237.2","55223.64","7276.8","24850.64","740253.9","1516774","0","3.076736","210885.5","670.0013","569.5012","20.34369","162.0134","509459.1","335874.9"
"764.519538668816","640","714","999999","583.79137828418","CC","2547133","0.1038138","96648.7","1297705","60.61238","56022.98","17.40501","5.523741","386","219296.1","56022.98","7411.2","25210.34","688067.6","1409845","0","3.278791","217730.6","714.0014","606.9012","20.71547","153.1281","528255.4","276467.1"
"843.449898942322","640","634","999999","595.360919035674","CC","2547542","0.1009189","92463.91","1352213","62.97239","56487.64","16.93621","5.597616","411","220092","56487.64","7891.2","25419.44","759104.9","1555399","0","2.911419","204862.9","634.0013","538.9011","20.25432","161.6921","502943.5","331224.3"
"859.736911626138","640","680","999999","586.943272955265","CC","2547620","0.1007926","90641.82","1375846","63.3919","54387.13","16.67844","5.634718","374","212926.9","54387.13","7180.8","24474.21","773763.3","1585434","0","3.122658","209420.5","680.0013","578.0012","20.37874","162.9396","502834","333730.1"
"858.395255818026","640","637","999999","603.401977495314","CC","2547803","0.1002847","91198.98","1368826","63.498","55892.09","16.77827","5.620675","404","217896.7","55892.09","7756.8","25151.44","772555.8","1582960","0","2.925196","204452.2","637.0013","541.4511","20.18358","163.699","499456.2","343774.3"
"748.931775108442","640","686","999999","594.260343257309","CC","2549905","0.1042478","98246.91","1279817","59.99473","56752.68","17.60777","5.495529","392","222106.8","56752.68","7526.4","25538.71","674038.6","1381099","0","3.150211","219009","686.0013","583.1012","21.07528","151.7684","534829.5","270623.3"
"814.017306029188","640","782","999999","608.937300885701","CC","2550279","0.1018152","91547.5","1366797","62.62224","51373.68","16.74397","5.630271","356","201001.4","51373.68","6835.2","23118.15","732615.6","1501123","0","3.591057","217391.3","782.0016","664.7014","20.39212","159.9764","523223","316112.8"
"804.025290327039","640","632","999999","585.655000543192","CC","2550374","0.1024646","95691.6","1313319","61.68742","57948.95","17.30696","5.544083","430","225393","57948.95","8256","26077.03","723622.8","1482697","0","2.902235","207664","632.0013","537.201","20.54862","157.2139","512267.6","303906"
"845.007607331352","640","758","999999","586.044619638801","CC","2550482","0.1014643","90401.07","1381820","63.26792","52764.66","16.61312","5.654295","367","206379.8","52764.66","7046.4","23744.1","760506.9","1558272","0","3.480845","212013.5","758.0015","644.3013","19.85566","161.3351","507852.5","322969.4"
"877.885850310613","640","646","999999","653.559150470704","CC","2550529","0.0986797","88714.91","1403665","64.49763","54873.75","16.47086","5.667524","388","214332.1","54873.75","7449.6","24693.19","790097.3","1618903","0","2.966525","203857.1","646.0013","549.1011","20.03453","168.2955","495481.8","377874.6"
"821.218406271351","640","633","999999","606.307951088017","CC","2550653","0.1014653","94017.59","1335239","62.40118","57417.32","17.08776","5.574389","422","223515.5","57417.32","8102.4","25837.8","739096.6","1514403","0","2.906827","206052","633.0013","538.0511","20.39807","159.9901","507611.8","323080.5"
"901.009743149842","640","654","999999","610.745989031944","CC","2550683","0.09910388","87955.84","1413633","64.71814","54345.26","16.35688","5.687469","380","212467.9","54345.26","7296","24455.37","810908.8","1661545","0","3.003262","203514.8","654.0013","555.9011","19.84763","167.9787","489960.8","369437.8"
"825.313678762952","640","672","999999","663.705743408264","CC","2550758","0.1004675","91654.4","1365894","63.09976","55008.17","16.79228","5.613465","377","215417.9","55008.17","7238.4","24753.68","742782.3","1521955","0","3.085921","211127.6","672.0013","571.2012","20.37464","162.913","509281","342472.9"
"761.925839386244","640","646","999999","588.72198260166","CC","2550761","0.1038224","98310.5","1279850","60.35577","58446.3","17.63979","5.49614","427","227641.4","58446.3","8198.4","26300.83","685733.3","1405062","0","2.966525","211843.9","646.0013","549.1011","20.72375","152.7563","525789.9","279013.3"
"815.310564224474","640","814","999999","625.118213746498","CC","2550769","0.1016258","90501.06","1380815","62.96989","49441.41","16.67638","5.65176","345","193329.2","49441.41","6624","22248.63","733779.5","1503508","0","3.738005","219027.8","814.0016","691.9014","20.05179","160.6735","525634.7","320097.3"
"864.029184567489","640","741","999999","635.842819752813","CC","2550906","0.09960329","88282.73","1409629","64.19872","52169.95","16.40981","5.68556","354","204469.7","52169.95","6796.8","23476.48","777626.3","1593350","0","3.402779","211444","741.0015","629.8513","19.99234","166.2316","504788.1","359628.3"
"774.519018710105","640","744","999999","620.063603772537","CC","2551074","0.1031064","94835.53","1325086","61.29038","53441.04","17.18595","5.565229","365","209340","53441.04","7008","24048.47","697067.1","1428285","0","3.416555","219573","744.0015","632.4012","20.64473","155.6405","531528.6","292445.3"
"760.278775892137","640","702","999999","605.594772364787","CC","2551465","0.1037755","97005.12","1297429","60.55684","56501.19","17.40959","5.523058","387","221275.6","56501.19","7430.4","25425.53","684250.9","1402024","0","3.223685","218463.9","702.0014","596.7012","20.8207","153.3901","528879.8","280396.3"
"776.104022341707","640","822","999999","589.653098061749","CC","2551821","0.1037384","93980.23","1336890","61.35983","50449.27","17.0633","5.594591","356","197084","50449.27","6835.2","22702.17","698493.6","1431207","0","3.774742","222032.2","822.0016","698.7014","20.38091","154.7368","538164.9","281341.9"
"908.370139637363","640","647","999999","640.917482793432","CC","2552000","0.0980612","86980.47","1427558","65.16838","53991.91","16.25032","5.703938","380","210970.5","53991.91","7296","24296.36","817533.1","1675118","0","2.971117","202537.2","647.0013","549.9511","19.92418","170.7346","490229.5","391645.6"
"882.419435178478","640","737","999999","601.424913015031","CC","2552313","0.1000482","87987.37","1414855","64.36083","52479.5","16.34208","5.69885","359","205546.8","52479.5","6892.8","23615.77","794177.5","1627263","0","3.38441","209287","737.0015","626.4512","19.7353","165.7604","497747.6","351907"
"838.162455265768","640","618","999999","589.486033371527","CC","2553046","0.1014383","93703.51","1341692","62.66692","58156.63","17.0174","5.587395","433","226132.3","58156.63","8313.6","26170.48","754346.2","1545649","0","2.837945","203147.3","618.0012","525.301","20.29913","160.6434","500701.9","325422.5"
"918.012677747544","640","661","999999","664.863374465925","CC","2553528","0.09733592","85600.91","1446920","65.66646","53422.18","16.07767","5.729475","365","209260","53422.18","7008","24039.98","826211.4","1692900","0","3.035407","204325.5","661.0013","561.8511","19.85613","173.0231","487480.1","407860.1"
"880.597192548901","640","735","999999","654.154377413554","CC","2553565","0.09882434","87026.05","1428534","64.81303","52329.11","16.24248","5.712172","355","205097.2","52329.11","6816","23548.1","792537.5","1623903","0","3.375226","209564.2","735.0015","624.7512","19.75192","168.6772","498217.3","377324.8"
"773.406244220362","640","631","999999","580.337815034585","CC","2553627","0.1037013","98217.6","1283917","60.63669","59434.41","17.59145","5.504734","445","230984.1","59434.41","8544","26745.48","696065.6","1426233","0","2.897643","209115.6","631.0013","536.3511","20.62406","153.5623","518823.2","283369.7"
"797.511600204992","640","624","999999","599.165765754518","CC","2553809","0.1025219","96251.96","1309510","61.57421","58856.04","17.33517","5.540067","441","228720.8","58856.04","8467.2","26485.22","717760.4","1470685","0","2.865498","206569.1","624.0012","530.4011","20.52173","157.0432","511701.2","305420.2"
"837.929630415516","640","628","999999","630.012016431784","CC","2553896","0.10054","92651.64","1356140","63.04811","57135.26","16.87893","5.604428","419","222461","57135.26","8044.8","25710.87","754136.7","1545220","0","2.883866","204595","628.0013","533.8011","20.41645","162.9131","503621.4","343471.5"
"825.967845425098","640","609","999999","599.00026040576","CC","2554008","0.1016346","94580.16","1331321","62.40886","58395.23","17.02101","5.571035","443","226674.1","58395.23","8505.6","26277.85","743371.1","1523161","0","2.796616","203482.1","609.0012","517.6511","20.30044","159.8554","504045.5","322393.5"
"809.033794344998","640","613","999999","593.075690975625","CC","2554227","0.1022984","95836.17","1315303","61.84481","59032.73","17.16831","5.549302","448","229141.1","59032.73","8601.6","26564.73","728130.4","1491933","0","2.814984","204344","613.0012","521.051","20.40998","157.8404","507794","309947.2"
"868.067598665803","640","688","999999","573.837029232446","CC","2554601","0.1013181","90751.31","1381412","63.41699","54199.36","16.56719","5.651147","379","211896.6","54199.36","7276.8","24389.71","781260.8","1600797","0","3.159395","209417.7","688.0014","584.8011","20.28861","162.5525","501614.2","328920.4"
"856.93506462784","640","853","999999","598.73529864303","CC","2554767","0.1011143","87770.51","1420112","64.04348","48361.22","16.24053","5.721492","345","188751.7","48361.22","6624","21762.55","771241.6","1580267","0","3.917099","214983.5","853.0017","725.0515","19.49848","163.4122","513998.8","332977"
"873.964227424758","640","815","999999","665.904053072643","CC","2554803","0.09895975","85763.86","1446089","64.9481","47555.66","16.08654","5.744598","330","186041.8","47555.66","6336","21400.05","786567.8","1611671","0","3.742597","214013.3","815.0016","692.7514","19.78007","168.8839","513953.8","375557.7"
"782.3539746047","640","628","999999","604.438106687243","CC","2555428","0.1030072","97232.77","1298450","61.10985","59027.32","17.43638","5.525024","441","229446.6","59027.32","8467.2","26562.29","704118.6","1442733","0","2.883866","208079.7","628.0013","533.8011","20.64439","155.6024","516865.4","297557.7"
"757.658991244923","640","674","999999","628.835297021387","CC","2555487","0.1037507","97500.77","1295044","60.5137","57234.46","17.4297","5.519191","397","223913.8","57234.46","7622.4","25755.51","681893.1","1397193","0","3.095105","216377.6","674.0013","572.9011","20.80868","153.5224","528426","283850.3"
"768.257994695946","640","645","999999","565.839463921761","CC","2555603","0.1042925","98794.57","1278434","60.29201","58964.88","17.61441","5.500671","442","229135.1","58964.88","8486.4","26534.2","691432.2","1416739","0","2.961933","211041.3","645.0013","548.2511","20.69073","152.2407","523531.8","274036.9"
"909.751603427839","640","753","999999","614.983354123882","CC","2555720","0.09908448","85723.98","1447522","65.25603","51059","16.036","5.747055","346","200137.2","51059","6643.2","22976.55","818776.4","1677666","0","3.457884","209316.6","753.0015","640.0513","19.57157","169.2325","493083.9","373759.5"
"876.279063183658","640","621","999999","595.512596352651","CC","2555881","0.1003576","91071.32","1378555","63.75005","56871.25","16.64853","5.642488","419","221342.2","56871.25","8044.8","25592.06","788651.2","1615939","0","2.851721","201317.4","621.0012","527.8511","20.14842","164.5767","492796.6","348572.5"
"942.920629590663","640","678","999999","624.944278714129","CC","2556005","0.09781919","84656.11","1461612","65.8721","52142.08","15.90562","5.758905","350","204539.3","52142.08","6720","23463.94","848628.6","1738833","0","3.113474","204414.7","678.0013","576.3011","19.85829","172.8952","485274.9","399793.7"
"820.63592656809","640","818","999999","643.814690287883","CC","2556110","0.1013409","90032.24","1392217","63.2224","49481.45","16.53727","5.671649","346","193451.9","49481.45","6643.2","22266.65","738572.3","1513328","0","3.756374","218338.5","818.0016","695.3014","20.04481","161.914","524116.2","329632.6"
"841.13653557775","640","599","999999","580.462813398764","CC","2558136","0.1018413","94467.07","1336912","62.57281","58422.95","16.9481","5.584061","451","226416.2","58422.95","8659.2","26290.32","757022.9","1551133","0","2.750694","202231.2","599.0012","509.151","20.1935","160.0489","500814.4","321585.8"
"774.982991739871","640","745","999999","648.222097176529","CC","2558441","0.1031127","94700.3","1334201","61.42849","53383.55","17.05348","5.582302","364","209143.3","53383.55","6988.8","24022.6","697484.7","1429140","0","3.421147","219572","745.0015","633.2513","20.63","156.3062","531168.9","297856"
"774.637598855624","640","610","999999","595.700997671373","CC","2558575","0.1035491","98564.21","1284384","60.73052","60036.83","17.46688","5.507224","463","232692.3","60036.83","8889.6","27016.57","697173.8","1428503","0","2.801208","206539.6","610.0012","518.501","20.48096","154.0662","517879.2","289867"
"825.679979060963","640","839","999999","573.717354518618","CC","2560156","0.1029601","91214.63","1380977","62.78421","50349.03","16.5594","5.671998","372","195908.4","50349.03","7142.4","22657.06","743112","1522630","0","3.852809","215911.4","839.0016","713.1514","19.57057","158.4575","519921.1","301988.2"
"829.197549452149","640","598","999999","613.091914566186","CC","2560415","0.1014704","94736.63","1335705","62.55105","58704.53","16.96","5.580334","456","227374.8","58704.53","8755.2","26417.04","746277.8","1529117","0","2.746102","202583.6","598.0012","508.301","20.21552","160.655","503588.2","330423.9"
"917.473657216156","640","826","999999","623.48187900977","CC","2560887","0.09889684","83977.13","1475271","65.6797","46619.88","15.8008","5.797126","328","182170.1","46619.88","6297.6","20978.95","825726.3","1691906","0","3.793111","212236.8","826.0016","702.1014","19.59427","170.8082","505284.5","381586.8"
"797.11758017086","640","587","999999","588.364199714377","CC","2561828","0.1030714","97865.89","1296665","61.31268","59987.78","17.35029","5.526952","480","231686.6","59987.78","9216","26994.5","717405.8","1469958","0","2.695588","203488.5","587.0012","498.951","20.25918","155.8938","512129.1","301166.2"
"831.652432480184","640","926","999999","627.253061753504","CC","2563475","0.1016171","88130.76","1424163","63.69226","46767.27","16.16116","5.740742","342","182137.7","46767.27","6566.4","21045.27","748487.2","1533644","0","4.252325","217679.1","926.0018","787.1016","19.50935","162.422","526373.1","329936.4"
"946.676234588268","640","744","999999","642.022085909456","CC","2563633","0.09759513","83312.07","1486615","66.29609","50437.2","15.69681","5.804739","342","197689.9","50437.2","6566.4","22696.74","852008.6","1745758","0","3.416555","206594.6","744.0015","632.4012","19.52135","174.3276","487156.2","410480.4"
"737.292431481252","640","821","999999","614.139634744855","CC","2565296","0.105329","97175.7","1309055","59.94378","51106.12","17.16487","5.56261","359","199726.8","51106.12","6892.8","22997.75","663563.2","1359635","0","3.77015","226445","821.0016","697.8514","20.95602","150.9772","554921.3","262504"
"754.860831843082","640","663","999999","655.080825539923","CC","2566346","0.1041412","98139.24","1297649","60.45755","57925.51","17.34509","5.530221","411","226185.3","57925.51","7891.2","26066.48","679374.8","1392033","0","3.044591","214512.2","663.0013","563.5511","20.70552","153.3553","527588.3","284770.9"
"820.485937006592","640","735","999999","554.439789567507","CC","2567997","0.1037621","94641.34","1344519","61.83373","55023.46","16.85126","5.617726","410","213934.1","55023.46","7872","24760.56","738437.3","1513052","0","3.375226","212389.3","735.0015","624.7512","20.14547","156.3389","516734.6","292967.3"
"756.862292307087","640","747","999999","663.681224272514","CC","2569367","0.104268","96409.56","1323030","60.7389","54266.49","17.09031","5.575129","370","212603.4","54266.49","7104","24419.92","681176.1","1395724","0","3.430331","220751.4","747.0015","634.9513","20.79901","154.0606","535776.8","284693.9"
"728.810952415778","640","618","999999","593.097957683289","CC","2572719","0.1058754","102754.5","1244359","58.91928","61955.29","17.79813","5.461015","480","240024.4","61955.29","9216","27879.88","655929.9","1343995","0","2.837945","211218.1","618.0012","525.301","20.8115","148.3326","532158.7","258204.5"
"978.061758070891","640","739","999999","608.770112140784","CC","2575815","0.09838244","82937.7","1503637","66.4843","50265.24","15.48636","5.843934","341","197008.1","50265.24","6547.2","22619.36","880255.6","1803636","0","3.393594","204924.2","739.0015","628.1512","19.4607","174.1937","481773.9","403797.6"
"962.748744525826","640","758","999999","580.95274828546","CC","2577479","0.09990671","84410.58","1486260","65.86639","50056.3","15.65295","5.828026","347","195841.1","50056.3","6662.4","22525.33","866473.9","1775398","0","3.480845","205650.1","758.0015","644.3013","19.27998","170.3479","485347.9","374186.4"
"792.099666919425","640","587","999999","649.668496492846","CC","2577598","0.1029173","98012.45","1310540","61.48478","60392","17.12479","5.55444","485","233165","60392","9312","27176.4","712889.7","1460705","0","2.695588","203979","587.0012","498.951","20.29534","157.3435","513015.5","315897.2"
"694.894972272852","640","751","999999","562.979308891888","CC","2578110","0.1079662","103659.6","1238049","57.57981","58243.35","17.89998","5.468871","428","226734.5","58243.35","8217.6","26209.51","625405.5","1281450","0","3.4487","224081.6","751.0015","638.3513","21.18345","143.7112","556823.4","225666.2"
"772.763799050273","640","1014","999999","596.23614041179","CC","2578716","0.1048648","92427.51","1383858","61.489","47889.93","16.39954","5.70847","338","187082.9","47889.93","6489.6","21550.47","695487.4","1425048","0","4.656434","225571.1","1014.002","861.9017","20.44091","155.0385","545477.6","280743.1"
"904.975858264777","640","564","999999","625.717710412395","CC","2578724","0.0995537","91241.84","1399194","64.48444","57910.48","16.31146","5.683708","476","223071.3","57910.48","9139.2","26059.71","814478.3","1668859","0","2.589969","195417.2","564.0011","479.401","19.71761","168.2523","488553.5","382230.1"
"881.301125205019","640","563","999999","650.779389871847","CC","2579280","0.09967028","92370.8","1385155","64.10338","58575.02","16.44261","5.661153","485","225465.1","58575.02","9312","26358.76","793171","1625201","0","2.585377","196320","563.0011","478.551","19.80409","167.3318","493108.5","380317.9"
"883.464110171354","640","567","999999","563.19528226218","CC","2580748","0.1022589","94288.91","1361826","63.17715","58577.95","16.60057","5.640753","487","225383.7","58577.95","9350.4","26360.08","795117.7","1629189","0","2.603746","196806.4","567.0012","481.951","19.80582","161.6426","493480.3","330754.6"
"707.033285976546","640","758","999999","640.214325234497","CC","2581483","0.1070947","101147.7","1273894","58.47632","55288.38","17.38972","5.515641","375","216699.2","55288.38","7200","24879.77","636329.9","1303835","0","3.480845","228326.9","758.0015","644.3013","21.52561","147.1278","557552.3","243134.3"
"875.154121287551","640","574","999999","685.852827194517","CC","2581949","0.09938728","91978.55","1392895","64.21087","58133.41","16.35401","5.671256","474","224109.9","58133.41","9100.8","26160.03","787638.7","1613865","0","2.63589","197734.9","574.0012","487.901","19.86934","168.2162","495095.4","388095.2"
"700.436629647401","640","892","999999","573.201718234124","CC","2582645","0.1080034","100660.6","1281354","58.20414","51560.99","17.33081","5.551863","385","200434.3","51560.99","7392","23202.45","630392.9","1291670","0","4.096192","229455.4","892.0018","758.2015","20.86104","144.8624","572683.1","228278.5"
"792.617280045167","640","558","999999","599.145316528155","CC","2585955","0.1039404","100356.1","1288599","60.91784","62281.87","17.28993","5.53403","538","238686.6","62281.87","10329.6","28026.84","713355.6","1461659","0","2.562416","199905","558.0011","474.3009","20.12097","155.0125","513455.6","303046.8"
"680.946889795508","640","808","999999","592.675863937681","CC","2586215","0.1086309","103466.1","1248655","57.2046","55343.17","17.66531","5.492476","388","216321.4","55343.17","7449.6","24904.43","612852.2","1255729","0","3.710452","231639.9","808.0016","686.8014","21.77301","143.1794","571800","220134.9"
"695.813380755278","640","615","999999","550.705359613832","CC","2586387","0.1082348","107150.8","1201194","57.12309","64214.86","18.20275","5.411775","517","247863.5","64214.86","9926.4","28896.69","626232.1","1283144","0","2.824168","214131.1","615.0012","522.751","21.07958","142.7257","544701.6","226997.8"
"820.587039680613","640","923","999999","549.50379443948","CC","2587381","0.1049343","92612.63","1390130","62.21103","48760.06","16.27642","5.723605","397","188001.6","48760.06","7622.4","21942.03","738528.3","1513238","0","4.238549","217367.2","923.0018","784.5516","19.68655","156.1794","532761.8","285869.7"
"726.014271800858","640","589","999999","615.104392385076","CC","2590225","0.1064987","104353.4","1241194","58.72155","63054.21","17.73635","5.467831","517","242945","63054.21","9926.4","28374.39","653412.9","1338837","0","2.704773","208679.7","589.0012","500.651","20.66189","147.8657","533662.3","259918.4"
"991.426151705353","640","572","999999","647.556286369503","CC","2590760","0.09710559","85492.77","1485550","66.64083","55802.1","15.53174","5.813878","441","215779","55802.1","8467.2","25110.95","892283.6","1828281","0","2.626706","191847.6","572.0012","486.201","19.40535","177.4283","472687.8","442332.9"
"796.241381465739","640","568","999999","664.79230565023","CC","2591982","0.10317","98853.28","1314055","61.53505","61080.41","17.00123","5.569615","515","234674.4","61080.41","9888","27486.19","716617.3","1468343","0","2.608338","201632","568.0012","482.801","20.1102","157.6841","512855.3","321937.1"
"920.57593429087","640","1083","999999","645.5204153407","CC","2594197","0.09959771","80856.42","1548925","66.31024","42394.74","15.05475","5.950668","286","166236","42394.74","5491.2","19077.63","828518.3","1697627","0","4.973292","219171.4","1083.002","920.5518","19.85397","173.4186","512555.6","393362.5"
"766.874283625633","640","546","999999","579.412696306031","CC","2595127","0.1055441","103547.8","1256511","59.76094","64777.21","17.57868","5.496791","572","247665.6","64777.21","10982.4","29149.75","690186.9","1414187","0","2.507311","199108.2","546.0011","464.1009","20.16743","150.9836","517679.7","280528.1"
"1007.84429965109","640","573","999999","606.749797862585","CC","2596893","0.09842884","85751.84","1488335","66.46586","55344.8","15.45271","5.829845","433","214216.6","55344.8","8313.6","24905.16","907059.9","1858558","0","2.631299","191232.7","573.0012","487.051","19.37908","175.249","470173.8","419408"
"1050.23959928831","640","842","999999","626.429182829106","CC","2597966","0.09708886","77224.51","1599644","68.3271","44330.46","14.74343","6.016378","308","173406.7","44330.46","5913.6","19948.71","945215.6","1936739","0","3.866585","204039.1","842.0017","715.7014","18.88879","181.3328","482190","448429.6"
"708.543832327936","640","615","999999","644.173607561246","CC","2600404","0.1076084","105179.7","1240692","58.10788","63127.88","17.66203","5.475343","494","244336.5","63127.88","9484.8","28407.54","637689.4","1306620","0","2.824168","212862.8","615.0012","522.751","20.99787","146.0999","538754.3","247834.9"
"642.892136617564","640","672","999999","587.850579299053","CC","2602278","0.1108484","110100","1178958","54.92946","63701.35","18.28868","5.391416","459","248409.2","63701.35","8812.8","28665.61","578602.9","1185552","0","3.085921","227175.6","672.0013","571.2012","21.59359","136.6004","570059.4","194504.1"
"740.5","640","871","999999","718.333333333333","CC","2609947","0.1066761","97021.52","1355700","60.21737","49253.87","16.47786","5.666891","353","192159","49253.87","6777.6","22164.24","666450","1365550","0","3.999757","228229.6","871.0018","740.3515","20.98101","152.1845","560750.6","271090.6"
"740.5","640","871","999999","502.833333333333","CC","2616086","0.1095342","102497.3","1291050","58.47929","55603.89","16.96654","5.606605","486","212827.3","55603.89","9331.2","25021.75","666450","1365550","0","3.999757","218670.3","871.0018","740.3515","20.28502","144.6896","554272.8","226043.9"
"673.126430607501","640","629","999999","667.000336350303","CC","2621615","0.1101808","108485.8","1219164","56.44148","63335.66","17.74055","5.46098","487","245545.5","63335.66","9350.4","28501.04","605813.8","1241307","0","2.888458","218587.4","629.0013","534.6511","21.26514","140.9727","556171.1","219082.6"
"669.934034794537","640","963","999999","644.077038692066","CC","2629971","0.1110701","103427.2","1292914","56.86886","53850.8","16.89816","5.615956","384","210184.8","53850.8","7372.8","24232.86","602940.6","1235420","0","4.422235","234080.2","963.002","818.5516","21.54226","141.5835","579819.8","210165.8"
"617.083333333332","640","726","999999","610.583333333333","CC","2633807","0.1134172","112763.9","1176050","53.48075","63555.79","18.15939","5.416384","447","248355.5","63555.79","8582.4","28600.1","555375","1137959","0","3.333896","235123.9","726.0015","617.1013","22.03347","132.862","587291.1","174878"
"793.386509453424","640","512","999999","640.438111967964","CC","2636835","0.1052136","104169.7","1290179","60.69408","66758.78","17.0191","5.571679","637","253012.7","66758.78","12230.4","30041.45","714047.9","1463078","0","2.351178","190571.1","512.001","435.2009","19.58895","154.9391","508984.9","317165.2"
"886.681822288053","640","1215","999999","553.907511483179","CC","2643638","0.1057441","86613.83","1523936","64.42349","41209.46","14.89789","5.971109","303","160415.4","41209.46","5817.6","18544.26","798013.6","1635123","0","5.579455","226227.1","1215.002","1032.752","19.60909","162.8645","527593.4","312417.1"
"1067.08400882361","640","1079","999999","594.683866707613","CC","2658958","0.1004599","76923.28","1664531","68.29366","40991.71","13.9772","6.415236","282","160478.1","40991.71","5414.4","18446.27","960375.6","1967801","0","4.954923","210888","1079.002","917.1519","19.1832","179.8192","488679.1","425936.8"
"572.216528447214","640","755","999999","572.194397351972","CC","2659904","0.1165364","118236.2","1131403","50.59285","65083.59","18.47513","5.377594","465","253985.2","65083.59","8928","29287.62","514994.9","1055220","0","3.467069","241748.3","755.0015","641.7513","22.6282","125.7896","618341.4","144119.5"
"943.174733539488","640","501","999999","775.704887854572","CC","2661740","0.09863143","92741.77","1462819","65.65559","63391.53","15.38299","5.828588","607","240151","63391.53","11654.4","28526.19","848857.3","1739301","0","2.300664","182084.4","501.001","425.8509","18.88421","176.3379","476802.7","466073.4"
"1071.19389139661","640","624","999999","539.442438514321","CC","2666988","0.1030768","87339.34","1537907","66.07604","55643.32","14.7042","5.978468","437","215293.9","55643.32","8390.4","25039.49","964074.5","1975380","0","2.865498","192930.1","624.0012","530.4011","19.43235","171.4231","463677.5","379982.7"
"628.900247465246","640","522","999999","586.786582106328","CC","2683847","0.1147548","120309.3","1128546","53.36696","72706.23","18.38792","5.372771","700","275259.9","72706.23","13440","32717.8","566010.3","1159750","0","2.397099","199777.5","522.001","443.7009","20.23952","131.5196","568396.1","187669.8"
"1046.13393800159","640","923","999999","525.324540894835","CC","2685152","0.1053503","85034.43","1585868","66.20805","46594.27","14.28856","6.23777","401","178635.8","46594.27","7699.2","20967.42","941520.6","1929168","0","4.238549","202171","923.0018","784.5516","18.35729","168.3379","487604.8","350127.4"
"1295.875","640","799","999999","814.111111111111","CC","2687455","0.08859655","63522.17","1866271","73.26608","42892.14","12.97897","6.921402","290","168156.2","42892.14","5568","19301.46","1166288","2389713","0","3.669123","196184.9","799.0016","679.1514","18.6871","215.9199","459138.9","724970.6"
"740.5","640","1525","999999","610.583333333333","CC","2691035","0.1113688","93147.05","1486875","60.98225","30125.47","14.84996","5.951175","204","118090.3","30125.47","3916.8","13556.46","666450","1365550","0","7.003019","255810.7","1525.003","1296.253","21.28263","152.5216","611204.2","247667"
"1235.46654640253","640","942","999999","706.613304748815","CC","2696196","0.09372874","68133.12","1815404","71.69142","40092.84","13.11812","6.887075","292","156199.7","40092.84","5606.4","18041.78","1111920","2278314","0","4.325799","198674.7","942.0019","800.7016","18.53809","201.622","473715","603703.8"
"821.378087445021","640","461","999999","601.334671066722","CC","2705384","0.1076076","109417.3","1290891","60.76642","71661.6","16.56203","5.625422","800","266140.3","71661.6","15360","32247.72","739240.3","1514697","0","2.116978","169979.2","461.0009","391.8508","17.77382","153.615","496867","323313.4"
"786.78125","640","1470","999999","758.739583333333","CC","2710229","0.1093755","89035.16","1559225","63.0366","28125.59","14.29259","6.135174","185","110507","28125.59","3552","12656.52","708103.1","1450897","0","6.750452","250011.6","1470.003","1249.502","21.07489","160.1143","597997.5","295305.1"
"1195.72470866779","640","846","999999","564.391321505723","CC","2716539","0.1019887","77630.44","1712970","69.04745","45127.57","13.42477","6.683683","346","175001.4","45127.57","6643.2","20307.41","1076152","2205027","0","3.884954","197896.1","846.0017","719.1014","18.0141","181.3645","462740.3","438917.5"
"539.466298114288","640","957","999999","551.740987324176","CC","2722931","0.1206765","121959.9","1146292","48.29348","64612.86","17.74125","5.487862","492","250723.3","64612.86","9446.4","29075.79","485519.7","994825.6","0","4.394682","247694.3","957.0019","813.4516","23.18207","120.6261","651770.1","123946.8"
"740.5","640","1307","999999","862","CC","2727148","0.1119986","94321.92","1507800","60.68353","37378.89","14.51077","6.014309","239","147185.9","37378.89","4588.8","16820.5","666450","1365550","0","6.001932","246777.1","1307.003","1110.952","21.87713","153.5097","593365.9","262098.2"
"1295.875","640","871","999999","610.583333333333","CC","2744689","0.09891788","71280.25","1823213","71.06583","40330.74","12.81571","7.055199","296","157020.1","40330.74","5683.2","18148.83","1166288","2389713","0","3.999757","198077.4","871.0018","740.3515","17.9718","193.0422","464012.3","524895.3"
"555.375","640","653","999999","826.083333333333","CC","2774741","0.1221124","124372.6","1166913","49.36103","70319.4","17.16285","5.509927","530","273122.8","70319.4","10176","31643.73","499837.5","1024163","0","2.99867","236018.6","653.0013","555.0511","22.21841","122.4317","616964.2","136243.5"
"529.789925867978","640","1253","999999","600.436919000924","CC","2775458","0.1237651","119842.5","1226192","47.62548","55204.97","16.38999","5.675601","355","217284.3","55204.97","6816","24842.24","476810.9","976981.5","0","5.753956","277787.5","1253.003","1065.052","26.05234","121.7333","691250.1","113219.8"
"1224.25518318368","640","462","999999","592.159899304264","CC","2792326","0.1023026","88288.3","1650978","68.17301","61368.88","13.39581","6.579298","635","230265.6","61368.88","12192","27616","1101830","2257640","0","2.121571","164405.4","462.0009","392.7008","17.28209","182.5051","441720.1","489902.8"
"1186.31471971274","640","1516","999999","631.839457935543","CC","2809623","0.1026432","70963.92","1892235","71.39386","21850.47","12.1882","7.350332","150","85557.21","21850.47","2880","9832.714","1067683","2187674","0","6.96169","226124.3","1516.003","1288.603","17.85309","191.3604","520148.9","495930.8"
"563.702398010182","640","699","999999","401.069444444444","CC","2812040","0.1246941","135651.5","1058403","47.65327","81044.34","18.28821","5.405015","898","301302.9","81044.34","17241.6","36469.95","507332.2","1039519","0","3.209908","197939.3","699.0014","594.1512","19.86597","115.8217","611863.8","122989.7"
"1319.18589672995","640","705","999999","526.766628979465","CC","2838015","0.1072049","82031.79","1777547","68.54323","51787.73","12.52595","7.175443","402","200597.4","51787.73","7718.4","23304.48","1187267","2432701","0","3.237461","190387.8","705.0014","599.2512","18.4356","179.6365","443570.7","426320"
"478.700093283582","640","1168","999999","659.544361525705","CC","2853508","0.1289449","129709","1176693","43.4412","63960.14","16.31071","5.663365","417","251476.8","63960.14","8006.4","28782.06","430830.1","882767.1","0","5.363624","283084.8","1168.002","992.802","26.9192","113.2262","716712","90358.91"
"1295.875","640","1525","999999","718.333333333333","CC","2861690","0.09850563","65182.88","2019038","73.4949","21281.33","11.52807","7.757383","145","83379.98","21281.33","2784","9576.6","1166288","2389713","0","7.003019","222907.5","1525.003","1296.253","17.83634","207.3134","512248.9","625756.3"
"1087.89164398634","640","2087","999999","588.021991200616","LF","2869593","0.1202925","72429.55","1933259","88.2416","30218.14","12.10373","7.089731","589","100416","30218.14","11308.8","13598.16","979102.5","2006173","0","9.583804","515592.3","2087.004","1773.953","1.324316","187.2755","116561.7","223831.1"
"1078.79659756938","640","2045","999999","587.89297651401","LF","2869660","0.1204174","73883.07","1914535","87.75632","31256.8","12.1981","7.039099","611","103785.1","31256.8","11731.2","14065.56","970916.9","1989400","0","9.390934","509146.1","2045.004","1738.253","1.386512","186.1312","121918.2","221959.1"
"1096.1419213601","640","1978","999999","616.98967813541","LF","2870073","0.1188896","73327.98","1922125","87.79099","31368.72","12.06677","7.038192","612","104212.5","31368.72","11750.4","14115.92","986527.8","2021387","0","9.083261","503212.4","1978.004","1681.303","1.441368","188.6629","123776.8","245917.5"
"1067.81144449152","640","1994","999999","624.03570687236","LF","2870446","0.1196716","74856.22","1902741","87.26249","32213.09","12.09985","6.999354","629","106992.9","32213.09","12076.8","14495.89","961030.3","1969143","0","9.156734","499855.1","1994.004","1694.903","1.436287","186.3394","129342","233955.7"
"1080.59723101228","640","2004","999999","594.684249979674","LF","2870524","0.1200866","74459.88","1907943","87.55089","31769.77","12.09774","7.014197","621","105489.7","31769.77","11923.2","14296.4","972537.5","1992721","0","9.202657","504604.2","2004.004","1703.403","1.431348","186.3093","124702.3","227594.9"
"1094.60591484678","640","2036","999999","616.008060363107","LF","2870575","0.1192281","72374.89","1934948","88.14968","30501.63","11.9757","7.079782","595","101335.7","30501.63","11424","13725.73","985145.3","2018554","0","9.349605","510679.7","2036.004","1730.604","1.378819","188.8609","119365.8","240941.1"
"1068.71106473657","640","2001","999999","610.309600699646","LF","2870678","0.1200124","74994.66","1901183","87.27323","32205.54","12.10106","6.999076","629","106960.9","32205.54","12076.8","14492.49","961839.9","1970802","0","9.18888","501178.2","2001.004","1700.853","1.432454","185.8481","128523.1","228836.2"
"1128.016858888","640","1957","999999","622.80189299884","LF","2870945","0.1177468","71447.55","1947306","88.353","30269.38","11.99582","7.090148","591","100539.3","30269.38","11347.2","13621.22","1015215","2080167","0","8.986826","505393.1","1957.004","1663.453","1.407709","191.7113","119132.8","264614.2"
"1102.98365763882","640","2076","999999","594.38683373218","LF","2871098","0.1197323","71560.25","1946001","88.53175","29563.59","12.06919","7.11378","577","98205.27","29563.59","11078.4","13303.61","992685.3","2034004","0","9.533291","517188","2076.004","1764.604","1.31809","188.8509","114519.9","233437"
"1126.10211973929","640","1964","999999","632.740375836765","LF","2871821","0.1175769","71282.63","1950314","88.38606","30228.89","11.97655","7.098058","590","100414.6","30228.89","11328","13603","1013492","2076636","0","9.01897","505917.4","1964.004","1669.403","1.397412","192.1048","119017.4","267916.4"
"1107.22929469924","640","2043","999999","631.90283939015","LF","2871920","0.1185072","71095.84","1952827","88.53613","29652.41","11.91053","7.117973","579","98487.83","29652.41","11116.8","13343.58","996506.4","2041833","0","9.38175","513311.3","2043.004","1736.553","1.32989","190.8649","116415.7","253148.8"
"1110.8069882449","640","2037","999999","583.441842672503","LF","2872064","0.1197316","72098.54","1940009","88.38294","30029.27","11.95813","7.097645","587","99709.44","30029.27","11270.4","13513.17","999726.3","2048431","0","9.354198","513584.3","2037.004","1731.453","1.317648","188.5993","115849.7","234071.2"
"1104.24157334724","640","1953","999999","608.560016522998","LF","2872147","0.1188577","73603.57","1920635","87.74271","31567.05","12.08539","7.034305","617","104818.3","31567.05","11846.4","14205.17","993817.4","2036323","0","8.968457","501427.6","1953.004","1660.053","1.472","188.7776","124299.3","247767.5"
"1088.52432539529","640","1999","999999","582.407847307226","LF","2872309","0.1202445","74427.63","1910144","87.59835","31764.47","12.08559","7.024928","620","105514.1","31764.47","11904","14294.01","979671.9","2007339","0","9.179696","504947.2","1999.004","1699.153","1.411524","186.2606","123641.4","226314.1"
"1051.02561219698","640","2058","999999","595.442782337457","LF","2872392","0.1211694","75601.23","1895056","87.11495","32468.06","12.21907","7.008548","634","107838.8","32468.06","12172.8","14610.63","945923.1","1938188","0","9.450632","503525.5","2058.004","1749.303","1.41357","183.8458","128438.4","212263.4"
"1067.68680353447","640","2077","999999","622.08360994286","LF","2872497","0.1201167","73463.7","1922793","87.76418","31155.9","12.12183","7.070498","608","103498.3","31155.9","11673.6","14020.15","960918.1","1968913","0","9.537883","509767.6","2077.004","1765.453","1.372577","186.7784","122848.5","228400.7"
"1070.48083359438","640","2102","999999","594.411383459261","LF","2872548","0.1207728","73431.84","1923256","87.902","30971.4","12.10604","7.079955","605","102857.2","30971.4","11616","13937.13","963432.8","1974065","0","9.652686","513719.6","2102.004","1786.704","1.363764","186.055","119728.1","218383.6"
"1060.38196407181","640","2003","999999","587.945547865879","LF","2872935","0.1209127","76229.48","1887477","86.99149","32955.15","12.29696","6.975086","644","109433.6","32955.15","12364.8","14829.82","954343.8","1955442","0","9.198064","499818.5","2003.004","1702.553","1.450462","184.0472","129659.1","216503.4"
"1088.44675050653","640","1937","999999","626.533563974207","LF","2873204","0.1188362","74677.26","1907812","87.36336","32436.24","12.12285","7.000394","634","107703.9","32436.24","12172.8","14596.31","979602.1","2007196","0","8.894982","496470.4","1937.004","1646.453","1.483085","188.0822","128634.5","248794.6"
"1123.64665222653","640","2000","999999","611.790695524234","LF","2873336","0.1184312","71360.69","1950819","88.5137","29975.26","11.94691","7.1102","585","99574.42","29975.26","11232","13488.87","1011282","2072108","0","9.184288","510908.8","2000.004","1700.003","1.361618","191.0653","115994.1","255277"
"1068.65571732738","640","1960","999999","602.081670682782","LF","2873361","0.1201712","76189.92","1888415","86.98018","33114.11","12.17522","6.964256","648","109919.5","33114.11","12441.6","14901.35","961790.1","1970700","0","9.000602","496256.7","1960.004","1666.003","1.496831","185.2255","130893.2","228118"
"1082.10660342055","640","2139","999999","590.675314403265","LF","2873412","0.120687","72060.5","1941849","88.398","29776.96","12.02145","7.127189","581","98921.78","29776.96","11155.2","13399.63","973895.9","1995504","0","9.822596","520909.6","2139.004","1818.154","1.337315","187.2569","114753.9","220246.4"
"1069.19615548888","640","1954","999999","620.57480863138","LF","2873494","0.1196734","75849.43","1892949","87.02113","33015.83","12.16041","6.971723","646","109596.9","33015.83","12403.2","14857.12","962276.6","1971696","0","8.973049","495304.6","1954.004","1660.903","1.505688","186.0941","131468.1","235897.3"
"1090.41466502533","640","1958","999999","589.206857750849","LF","2873540","0.1198876","75026.4","1903635","87.40208","32380.47","12.12226","7.001648","633","107514.5","32380.47","12153.6","14571.21","981373.2","2010825","0","8.991418","499695.3","1958.004","1664.303","1.476155","186.5426","126060.7","232608.9"
"1123.22258034609","640","2026","999999","590.551458084404","LF","2873622","0.1191835","71402.4","1950566","88.61208","29710.3","11.92946","7.118268","580","98686.23","29710.3","11136","13369.64","1010900","2071326","0","9.303683","514293.5","2026.004","1722.103","1.334167","190.0676","113708.1","243616.1"
"1115.76806719943","640","2003","999999","603.675289454278","LF","2873710","0.1189103","72068.44","1942044","88.32566","30387.82","11.96982","7.094725","594","100900.4","30387.82","11404.8","13674.52","1004191","2057579","0","9.198064","510285.3","2003.004","1702.553","1.373359","189.9368","117342.7","247957.5"
"1052.43227539065","640","2101","999999","587.660720804825","LF","2873907","0.1215267","74969.54","1904737","87.37396","31983.25","12.15993","7.045752","624","106253.6","31983.25","11980.8","14392.46","947189.1","1940782","0","9.648094","508979","2101.004","1785.854","1.392139","183.9238","124715.1","207836.2"
"1051.89201094012","640","2063","999999","579.485256622056","LF","2874010","0.121621","75939.67","1892298","87.09203","32607.8","12.22222","7.007551","637","108290.2","32607.8","12230.4","14673.51","946702.8","1939786","0","9.473593","504690.8","2063.004","1753.553","1.403895","183.213","127661.3","206483.5"
"1127.09087130249","640","2086","999999","588.580394764481","LF","2874411","0.1193695","70079.58","1968456","89.10017","28476.18","11.83055","7.167505","555","94629.54","28476.18","10656","12814.28","1014382","2078460","0","9.579212","522478.3","2086.004","1773.104","1.27098","190.7967","108400.4","241220.9"
"1138.67621485558","640","1964","999999","591.023354695568","LF","2874486","0.1186073","71581.41","1949116","88.45834","30025.61","11.9708","7.108865","587","99693.91","30025.61","11270.4","13511.52","1024809","2099824","0","9.01897","507896.9","1964.004","1669.403","1.382811","190.7632","116678.3","253239"
"1106.73590606216","640","2089","999999","606.773812376781","LF","2874551","0.1194524","71027.27","1956345","88.71772","29309.69","12.01238","7.143001","572","97363.97","29309.69","10982.4","13189.36","996062.3","2040923","0","9.592989","519310.5","2089.004","1775.654","1.31119","189.904","112654.2","240018.2"
"1107.74319208843","640","2015","999999","644.735092365625","LF","2874638","0.1181538","71514.02","1950139","88.37432","30208.4","11.92686","7.110401","590","100327.8","30208.4","11328","13593.78","996968.9","2042781","0","9.25317","510205.1","2015.004","1712.753","1.386133","191.323","118467.8","260535.1"
"1102.69170811659","640","1923","999999","616.614452448663","LF","2874994","0.1186732","74324.98","1914157","87.51432","32226.86","12.10498","7.017179","631","106957.4","32226.86","12115.2","14502.09","992422.6","2033465","0","8.830692","496898.5","1923.004","1634.553","1.493033","188.7882","127024.2","252531.2"
"1078.13145271043","640","2117","999999","581.940302449527","LF","2875077","0.1210172","73094.2","1930150","88.10069","30672.13","12.064","7.104371","599","101870.5","30672.13","11500.8","13802.46","970318.3","1988174","0","9.721569","517417.8","2117.004","1799.454","1.352695","186.2497","116809.4","216286"
"1041.86406363579","640","2058","999999","588.175437576943","LF","2875094","0.1217123","76616.7","1884630","86.81367","33123.44","12.24573","6.99124","646","110053","33123.44","12403.2","14905.55","937677.7","1921293","0","9.450632","501874.3","2058.004","1749.303","1.441885","182.6044","130896.8","205800.6"
"1077.21335818638","640","1913","999999","594.791766234413","LF","2875381","0.1200041","76828.44","1882180","86.82154","33663.44","12.21356","6.943329","660","111684.4","33663.44","12672","15148.55","969492","1986481","0","8.784771","491744.4","1913.004","1626.053","1.535654","185.3158","132573.7","231996.1"
"1133.93725106364","640","2009","999999","619.677378006878","LF","2875399","0.1180368","70446.83","1964697","88.80268","29271.6","11.89212","7.141962","571","97249.45","29271.6","10963.2","13172.22","1020544","2091085","0","9.225617","514073.8","2009.004","1707.653","1.357044","192.4523","113749.2","262899.3"
"1092.85727266484","640","1853","999999","605.660481743069","LF","2876060","0.119049","76699.98","1884520","86.76656","33993.69","12.21265","6.939273","666","112802.3","33993.69","12787.2","15297.16","983571.6","2015330","0","8.509243","485054.6","1853.004","1575.053","1.551219","186.7324","134500.8","247306.6"
"1107.90910608856","640","2083","999999","581.933049596406","LF","2876081","0.1201638","71756.43","1948448","88.59086","29696.71","12.03644","7.132394","580","98628.63","29696.71","11136","13363.52","997118.2","2043087","0","9.565435","519112.9","2083.004","1770.554","1.31555","188.6242","112606","229983.5"
"1102.54504943201","640","2148","999999","598.698437104875","LF","2876286","0.1200542","70499.72","1964900","88.96205","28638.54","11.93984","7.177012","558","95176.77","28638.54","10713.6","12887.34","992290.6","2033195","0","9.863925","526182.8","2148.004","1825.804","1.317899","189.5962","109386.5","231805.6"
"1143.74323224644","640","1958","999999","614.15110822753","LF","2876371","0.117797","70953.84","1959114","88.605","29861.79","11.93673","7.127442","584","99140.47","29861.79","11212.8","13437.8","1029369","2109168","0","8.991418","508052.4","1958.004","1664.303","1.401545","192.5265","116093","267374"
"1040.66744313404","640","2044","999999","632.56590316928","LF","2877106","0.1208146","76096.27","1893371","86.81833","32958.51","12.2061","7.009418","642","109541.8","32958.51","12326.4","14831.33","936600.7","1919087","0","9.386342","499261.8","2044.004","1737.403","1.456628","184.103","133282.4","220666.2"
"1148.7504581577","640","1946","999999","604.177152661078","LF","2877111","0.1179714","71125.97","1957629","88.57337","29893.96","11.94693","7.125865","585","99229.89","29893.96","11232","13452.28","1033875","2118402","0","8.936312","507328.7","1946.004","1654.103","1.405705","192.2294","116337.4","265066.7"
"1033.19817502077","640","2009","999999","601.346219520475","LF","2877304","0.1216044","78032.92","1868532","86.33487","34234.68","12.31601","6.944192","668","113729.7","34234.68","12825.6","15405.61","929878.4","1905313","0","9.225617","494167.9","2009.004","1707.653","1.505151","181.9706","136382.6","208828"
"1066.10167847997","640","1946","999999","613.152734207402","LF","2877410","0.1200839","76694.75","1885937","86.84422","33596.45","12.16138","6.960945","658","111494.3","33596.45","12633.6","15118.4","959491.5","1965990","0","8.936312","494001","1946.004","1654.103","1.519853","185.3546","132353.2","232070.8"
"1046.18292765807","640","2031","999999","617.555299247498","LF","2877652","0.120916","76354.27","1890581","86.84248","33171.54","12.23199","6.99934","647","110209.9","33171.54","12422.4","14927.19","941564.6","1929258","0","9.326644","499280.3","2031.004","1726.353","1.475069","184.0547","132012","219471.4"
"1090.88368533591","640","2163","999999","582.658519855282","LF","2877697","0.1209071","71502.82","1953343","88.70483","29373.76","11.95453","7.164512","572","97635.48","29373.76","10982.4","13218.19","981795.3","2011690","0","9.932807","525704.4","2163.004","1838.554","1.322276","187.8242","110320.3","219634.8"
"1027.39939739973","640","1961","999999","593.187350866813","LF","2877959","0.1218179","79604.85","1848866","85.84953","35384.05","12.40728","6.888303","691","117521.1","35384.05","13267.2","15922.82","924659.4","1894619","0","9.005194","486959.6","1961.004","1666.853","1.550157","180.7303","141079.2","206035.6"
"1109.28206402408","640","2123","999999","586.166402682695","LF","2878398","0.1202224","70968.32","1960954","88.88883","29009.27","11.96271","7.169096","566","96372.42","29009.27","10867.2","13054.17","998353.9","2045618","0","9.749122","524644.7","2123.004","1804.554","1.310647","189.3084","109410.8","230571.1"
"1113.23472352228","640","1884","999999","639.592717694463","LF","2878474","0.1177331","74081.1","1920789","87.55721","32495.57","12.06522","7.026901","637","107814.6","32495.57","12230.4","14623.01","1001911","2052908","0","8.651599","493055.8","1884.004","1601.403","1.488668","190.5996","127509.5","269781.2"
"1029.70554076647","640","2074","999999","604.939589482916","LF","2878630","0.1219006","77038.24","1882717","86.60571","33488.31","12.1966","7.000619","653","111270.7","33488.31","12537.6","15069.74","926735","1898872","0","9.524106","500056.3","2074.004","1762.904","1.442366","182.114","133401.4","205222.1"
"1025.91710624556","640","2020","999999","585.204293167469","LF","2878777","0.1222726","78815.66","1859887","86.11828","34754.07","12.33103","6.933966","678","115461.4","34754.07","13017.6","15639.33","923325.4","1891886","0","9.276131","493215.9","2020.004","1717.003","1.494899","180.6157","137356","199758"
"1036.04243597484","640","1920","999999","625.70312622668","LF","2879164","0.1207027","79134.66","1856149","85.92202","35248.34","12.25393","6.892567","689","117039.8","35248.34","13228.8","15861.75","932438.2","1910558","0","8.816916","483968.3","1920.004","1632.003","1.57011","182.6344","142721.5","223692.5"
"1042.09902268268","640","2171","999999","601.656122216717","LF","2879917","0.1219689","74475.31","1917136","87.49457","31519.48","12.0334","7.10333","613","104804.4","31519.48","11769.6","14183.77","937889.1","1921727","0","9.969544","514022.3","2171.004","1845.354","1.394408","183.8963","123605.2","205015.2"
"1050.40007757408","640","1681","999999","616.296262778179","LF","2879965","0.1193749","83037.27","1806499","84.52905","38940.27","12.55848","6.7305","764","129165.6","38940.27","14668.8","17523.12","945360.1","1937035","0","7.719394","451377.1","1681.003","1428.853","1.733325","181.9027","159553.8","244735.8"
"1157.22952025648","640","2035","999999","597.793083670649","LF","2880265","0.1184352","69206.69","1985595","89.38692","27983.95","11.79616","7.201484","547","92919.01","27983.95","10502.4","12592.78","1041507","2134038","0","9.345013","521395.2","2035.004","1729.753","1.256782","193.2809","106735","259738"
"1053.20398258833","640","1967","999999","637.937481848254","LF","2880577","0.1201147","76856.37","1887015","86.6983","33769.55","12.11708","6.974934","660","112134","33769.55","12672","15196.3","947883.6","1942205","0","9.032747","493438.6","1967.004","1671.953","1.533004","185.2146","134626.5","233636.1"
"1148.99002385771","640","2101","999999","599.550902172857","LF","2880877","0.1187807","68510.51","1995206","89.65205","27318.36","11.7178","7.234245","533","90755.42","27318.36","10233.6","12293.26","1034091","2118844","0","9.648094","528230.5","2101.004","1785.854","1.251635","193.3257","103385.8","254665"
"1130.63505365957","640","1892","999999","584.533351682492","LF","2881367","0.1190623","74216.49","1921932","87.7179","32150.42","12.04177","7.048746","630","106680.4","32150.42","12096","14467.69","1017572","2084995","0","8.688336","496890.5","1892.004","1608.203","1.448531","188.9781","123242.2","250546.1"
"1048.98872537161","640","1940","999999","581.531380223133","LF","2881762","0.1215006","79072.64","1859549","86.21141","35085.15","12.22742","6.910792","687","116442.1","35085.15","13190.4","15788.32","944089.9","1934432","0","8.908759","490027.8","1940.004","1649.003","1.550275","182.1934","136536.8","213229.8"
"1143.56244002244","640","2127","999999","589.433569009531","LF","2881890","0.1193513","68698.71","1993786","89.67306","27297.04","11.85502","7.239384","532","90712.02","27297.04","10214.4","12283.67","1029206","2108835","0","9.76749","531093.8","2127.004","1807.954","1.258884","192.5274","102176.8","246352.3"
"1018.41277540389","640","1933","999999","604.784563427154","LF","2882176","0.1218847","80829.05","1837257","85.43205","36269.9","12.45419","6.861261","709","120430.4","36269.9","13612.8","16321.45","916571.5","1878047","0","8.876615","481798.4","1933.004","1643.053","1.601531","180.0769","146043.5","207711.5"
"1009.32607454633","640","1991","999999","625.843259932593","LF","2882272","0.12195","79858.76","1849897","85.56158","35583.46","12.33808","6.913046","694","118225.3","35583.46","13324.8","16012.56","908393.4","1861290","0","9.142959","484589","1991.004","1692.353","1.546122","180.1992","145746.5","206792.2"
"1025.01071937713","640","1961","999999","615.899035764592","LF","2882309","0.1215665","79580.61","1853529","85.83095","35495.92","12.36633","6.906148","693","117901.3","35495.92","13305.6","15973.16","922509.6","1890214","0","9.005194","486222.1","1961.004","1666.853","1.573976","181.3582","141966.5","212583.4"
"1068.99479514997","640","2028","999999","571.593261537917","LF","2882814","0.1215899","76290.02","1896573","87.20637","32944.55","12.21013","7.020744","645","109341.8","32944.55","12384","14825.05","962095.3","1971325","0","9.312868","505264.7","2028.004","1723.803","1.407611","184.0595","125295.9","212551.5"
"1148.70184340942","640","2024","999999","581.966614316375","LF","2883104","0.1192446","70599.99","1970422","89.01183","28985.77","11.83261","7.179816","567","96225.9","28985.77","10886.4","13043.59","1033832","2118312","0","9.294499","518429.3","2024.004","1720.403","1.295973","191.4064","109283.6","248811.2"
"1077.3674137868","640","1583","999999","644.516298295547","LF","2884007","0.117542","82712.84","1814736","84.44943","39480.98","12.42499","6.743832","777","130847","39480.98","14918.4","17766.44","969630.7","1986765","0","7.269364","439308","1583.003","1345.553","1.825668","184.8921","164297.1","276495.9"
"996.330136170105","640","2026","999999","616.240906194412","LF","2884966","0.1227677","80517.87","1844069","85.2841","35898.31","12.30978","6.921336","700","119278","35898.31","13440","16154.24","896697.1","1837325","0","9.303683","484094.4","2026.004","1722.103","1.531023","178.584","148224.7","196312.4"
"1104.60515971184","640","1679","999999","586.603852915971","LF","2885077","0.1189948","80386.77","1845876","85.48746","37091.33","12.24565","6.84727","729","122972.8","37091.33","13996.8","16691.1","994144.6","2036994","0","7.710209","458748.3","1679.003","1427.153","1.693721","184.8088","149208.1","254020.3"
"984.850978629911","640","2006","999999","636.007628949763","LF","2887859","0.1228786","81468.89","1834668","84.85351","36565.31","12.33512","6.904407","713","121494.5","36565.31","13689.6","16454.39","886365.9","1816156","0","9.211841","477182.2","2006.004","1705.103","1.552441","177.7305","153862.9","196493.7"
"1139.94609844488","640","1815","999999","677.646281712796","LF","2888549","0.1159853","73452.09","1938995","87.62493","32889.13","12.00876","7.070819","645","109106.9","32889.13","12384","14800.11","1025952","2102166","0","8.334742","486623","1815.004","1542.753","1.558613","194.3422","129294.6","304998.8"
"976.713966388402","640","2034","999999","595.856650867599","LF","2888824","0.1239415","82500.34","1822300","84.58784","37077.16","12.3414","6.887021","723","123194.4","37077.16","13881.6","16684.72","879042.6","1801151","0","9.340421","477904.3","2034.004","1728.903","1.567063","175.7474","154682.7","181505.8"
"1178.7012315357","640","2101","999999","655.268551958987","LF","2889971","0.1166908","65852.48","2038662","90.37479","25973.84","11.5602","7.326863","506","86324.73","25973.84","9715.2","11688.23","1060831","2173634","0","9.648094","533130.3","2101.004","1785.854","1.198232","198.9059","98071.27","294294.4"
"1047.17045536358","640","2241","999999","632.549524106159","LF","2889986","0.121826","72830.52","1948468","88.04977","30268.23","11.83589","7.204605","588","100675.1","30268.23","11289.6","13620.7","942453.4","1931079","0","10.29099","521317.7","2241.004","1904.854","1.336339","185.8507","118613.8","213550.8"
"1183.4074816495","640","2155","999999","611.986565861385","LF","2890357","0.1180846","65514.86","2043413","90.69621","24998.68","11.51311","7.353471","486","83130.84","24998.68","9331.2","11249.41","1065067","2182313","0","9.89607","541148.6","2155.004","1831.754","1.187806","197.2828","93027.5","271935.1"
"965.436944009892","640","1917","999999","588.319510231534","LF","2890442","0.12409","85848.09","1780639","83.50465","39754.61","12.56398","6.762388","777","132006.5","39754.61","14918.4","17889.57","868893.3","1780355","0","8.80314","462475.9","1917.004","1629.453","1.695405","173.5435","165210.7","180356.4"
"1008.8971105627","640","2062","999999","653.359429659955","LF","2891593","0.1221496","78598.08","1875515","85.98773","34709.16","12.15742","7.009696","676","115365","34709.16","12979.2","15619.12","908007.4","1860499","0","9.469001","491840.6","2062.004","1752.703","1.484881","181.3103","141224.3","209707"
"971.286558030457","640","2101","999999","578.348712410384","LF","2898180","0.1250941","82712.54","1828913","84.65512","36956.67","12.34894","6.939423","721","122777.6","36956.67","13843.2","16630.5","874157.9","1791142","0","9.648094","483236.4","2101.004","1785.854","1.545568","174.8168","152225.1","170678.4"
"924.557580747974","640","1799","999999","612.39109040714","LF","2898384","0.1248305","91031.74","1721569","81.34322","43494.12","12.76109","6.621987","851","144380.9","43494.12","16339.2","19572.35","832101.8","1704970","0","8.261267","433294","1799.004","1529.153","1.888651","168.7654","190705.4","174588.1"
"1218.58317078974","640","1976","999999","592.010749034773","LF","2899866","0.1177755","67726.72","2024328","89.8379","27213.24","11.59123","7.324869","532","90356.88","27213.24","10214.4","12245.96","1096725","2247180","0","9.074077","519268.3","1976.004","1679.603","1.253864","196.6473","103192.3","283149.7"
"1247.10551075269","640","1227","999999","512.295250896057","CC","2900282","0.1119389","82107.65","1838834","68.31291","38840.55","11.90781","7.573192","333","148968.8","38840.55","6393.6","17478.25","1122395","2299778","0","5.634561","210577.9","1227.002","1042.952","18.09657","175.3431","486107.9","382744.9"
"1210.06928538358","640","1701","999999","620.866868202735","LF","2902237","0.1160077","73151.31","1956572","87.56317","32930.05","11.78794","7.157703","648","109139.6","32930.05","12441.6","14818.52","1089062","2231479","0","7.811237","472881","1701.003","1445.853","1.554555","195.0773","131540.9","313755.3"
"1071.96626082658","640","1892","999999","564.262670190216","LF","2902501","0.1220756","80406.22","1863048","86.18217","36313.89","12.17499","6.94862","714","120382.1","36313.89","13708.8","16341.25","964769.6","1976805","0","8.688336","488171.9","1892.004","1608.203","1.536763","182.5606","133754.9","217729.1"
"914.736718605347","640","1358","999999","583.293502604907","LF","2902560","0.1236989","101242.1","1593751","77.92529","52298.8","13.2939","6.185118","1028","173386.6","52298.8","19737.6","23534.46","823263.1","1686859","0","6.236131","372482.8","1358.003","1154.302","2.50714","164.1027","227291","193630.3"
"1192.56248383601","640","2309","999999","586.020208104944","LF","2902891","0.1196948","63471.45","2082362","91.7031","22902.9","11.41061","7.490898","444","76220.45","22902.9","8524.8","10306.3","1073306","2199195","0","10.60326","561061.5","2309.005","1962.654","1.089833","197.5375","79432.08","254563.8"
"1230.94817175223","640","1891","999999","619.181003114702","LF","2903730","0.1163325","68177.96","2022358","89.45012","28432.23","11.62576","7.317348","558","94302.5","28432.23","10713.6","12794.5","1107853","2269982","0","8.683744","507640","1891.004","1607.353","1.344973","198.5748","109395.8","309343.3"
"1154.36066751667","640","2121","999999","565.261338712359","LF","2905016","0.1208565","70412.84","1994753","89.51074","28622.5","11.60181","7.294684","560","95014.98","28622.5","10752","12880.13","1038925","2128748","0","9.739937","533166.5","2121.004","1802.854","1.25762","191.3155","100018.2","237892.3"
"964.009444948767","640","1703","999999","687.321870904987","LF","2905542","0.1222678","88956.54","1755555","82.41576","42604.47","12.55324","6.669","834","141408.6","42604.47","16012.8","19172.01","867608.5","1777722","0","7.820421","435352.1","1703.003","1447.553","1.846747","174.8882","181830.1","216762.1"
"1229.72789296284","640","1789","999999","593.624537980874","LF","2909355","0.1172801","71263.68","1988093","88.43617","30853.49","11.60279","7.26134","607","102263.7","30853.49","11654.4","13884.07","1106755","2267732","0","8.215345","490800.6","1789.004","1520.653","1.46354","195.2644","119637","297452.9"
"979.113528820391","640","2086","999999","685.997225045708","LF","2910395","0.1237118","80904.46","1864501","85.12975","35875","12.05244","7.038935","699","119226.1","35875","13420.8","16143.75","881202.2","1805576","0","9.579212","483185.7","2086.004","1773.104","1.518846","178.4479","151383.9","198340.2"
"918.672811435252","640","1894","999999","659.716249486855","LF","2918043","0.1257519","90026.74","1754220","81.66727","42362.05","12.46519","6.774362","828","140662.9","42362.05","15897.6","19062.92","826805.5","1694117","0","8.69752","439056.7","1894.004","1609.903","1.799126","169.2361","188407.7","173521"
"1012.01666666667","640","1728","999999","771.011111111111","LF","2920079","0.1200132","84313.19","1830118","84.19872","39801.06","12.21597","6.865001","780","132062.6","39801.06","14976","17910.48","910815","1866252","0","7.935225","451309.6","1728.003","1468.803","1.767875","182.7664","165338.7","260665.5"
"1140.88008532291","640","1300","999999","629.84757011375","LF","2920660","0.1162167","86939.66","1796746","82.69501","44901.32","12.35385","6.785555","888","148608","44901.32","17049.6","20205.59","1026792","2103888","0","5.969787","387782","1300.003","1105.002","2.303398","185.9401","187801.9","322537.1"
"1274.72211853171","640","1990","999999","687.063640748665","LF","2921997","0.1139236","63053.67","2106869","90.93663","25278.3","11.26166","7.518985","495","83893.45","25278.3","9504","11375.24","1147250","2350705","0","9.138367","526807.6","1990.004","1691.503","1.185142","207.2089","95927.72","362574.7"
"1278.96092295219","640","1636","999999","674.961829409171","LF","2924128","0.1129415","70050.13","2018553","88.07114","32319.78","11.51685","7.339527","638","107022.7","32319.78","12249.6","14543.9","1151065","2358522","0","7.512747","465693.3","1636.003","1390.603","1.533618","202.967","131883.1","381286.7"
"740.5","640","2178","999999","718.333333333333","CC","2925267","0.1215733","96137.36","1682450","61.61615","11810.23","12.40325","7.001964","81","46247.41","11810.23","1555.2","5314.604","666450","1365550","0","10.00169","272117.5","2178.004","1851.304","21.75454","153.8185","668184.3","239814"
"1289.79325976745","640","1920","999999","652.057428406466","LF","2926155","0.1147214","64492.16","2092431","90.49048","26160.61","11.31225","7.507839","514","86740.8","26160.61","9868.8","11772.27","1160814","2378498","0","8.816916","517072.2","1920.004","1632.003","1.246975","205.1277","100886.6","351579.6"
"944.519375013291","640","356","999999","549.514108298274","CC","2927583","0.1149398","121265.5","1359922","61.22401","84802.34","14.39469","5.909761","1145","305637.2","84802.34","21984","38161.05","850067.4","1741781","0","1.634803","142040.8","356.0007","302.6006","15.4867","154.0121","458350.8","348792.7"
"989.910882790956","640","1478","999999","523.488392646597","LF","2927802","0.1248121","97028.31","1673466","80.3995","49132.16","12.76867","6.469302","968","162782.9","49132.16","18585.6","22109.47","890919.8","1825487","0","6.787189","408855.1","1478.003","1256.302","2.106013","168.757","192878.8","193085.5"
"1240.57483974359","640","2266","999999","815.35438034188","LF","2931568","0.1130575","57856.77","2183624","92.67121","21281.15","11.06207","7.685368","413","70802.69","21281.15","7929.6","9576.52","1116517","2287735","0","10.4058","562287.1","2266.005","1926.104","1.029725","213.2746","76197.46","384322.5"
"723.446083667291","640","360","999999","705.480680005274","CC","2940947","0.1206013","133993.4","1208746","55.88498","89526.81","15.537","5.681183","1205","322842.6","89526.81","23136","40287.07","651101.5","1334101","0","1.653172","145380.3","360.0007","306.0006","15.91326","137.1066","509317.3","264873.1"
"1348.11263484209","640","2141","999999","631.336343095336","LF","2957406","0.1161855","59056.46","2193952","92.61198","20761.24","10.84011","7.802172","405","68974.84","20761.24","7776","9342.558","1213301","2486044","0","9.83178","553988.6","2141.004","1819.854","1.020372","209.2388","76494.74","347524.3"
"823.223043291571","640","1572","999999","634.453921323712","LF","2960797","0.1297897","106792.3","1580237","75.32639","55017.22","12.967","6.377405","1077","182607.1","55017.22","20678.4","24757.75","740900.8","1518099","0","7.21885","365878","1572.003","1336.203","2.414948","154.2807","252790.7","143160.6"
"957.101696148804","640","2545","999999","552.689101820265","LF","2966228","0.130083","80972.97","1919448","85.6113","35198.08","11.54662","7.433773","684","117061.5","35198.08","13132.8","15839.14","861391.5","1764984","0","11.68701","511835.1","2545.005","2163.254","1.406636","173.8642","136737.9","142411.3"
"1313.58372314334","640","2614","999999","585.797606929599","LF","2969962","0.1203796","54341.25","2267465","94.82592","15106.26","10.63609","8.048132","289","50454.18","15106.26","5548.8","6797.818","1182225","2422370","0","12.00386","602829.2","2614.005","2221.905","0.7766235","207.4058","48291.1","286991"
"429.436598557692","640","1110","999999","777.21594551282","CC","2970093","0.1356471","140547.9","1153158","39.12244","71916.97","15.61613","5.722486","480","282239.3","71916.97","9216","32362.64","386492.9","791920.7","0","5.09728","288976.5","1110.002","943.5019","27.81292","104.9209","748863.3","72263.59"
"1234.63118122551","640","1794","999999","523.526266742918","LF","2976647","0.1232314","77657.65","1972726","87.52209","34256.16","11.33513","7.385797","678","113351.4","34256.16","13017.6","15415.27","1111168","2276774","0","8.238306","492803.3","1794.004","1524.903","1.463058","188.2229","119797.2","247021.9"
"1395.40009084706","640","1796","999999","629.057683266899","LF","2979901","0.1151992","64229.16","2149578","90.26521","26524.13","10.8118","7.778625","523","87858.94","26524.13","10041.6","11935.86","1255860","2573247","0","8.247491","499367.8","1796.004","1526.603","1.249871","207.499","106929.7","379486.5"
"902.765496251663","640","2119","999999","491.877036555132","LF","2982688","0.1321985","95678.54","1745802","80.96225","46089.17","12.13697","6.943687","904","152890.9","46089.17","17356.8","20740.13","812488.9","1664783","0","9.730753","463208.4","2119.004","1801.154","1.764208","163.1609","179372","123816.3"
"1481","640","1742","999999","862","CC","2996290","0.09446134","55176.11","2283000","76.93204","11766.94","10.27221","8.581522","82","46017.04","11766.94","1574.4","5295.125","1332900","2731101","0","7.999515","224989.8","1742.004","1480.703","16.77451","233.1427","519992.7","832193.6"
"1481","640","1742","999999","862","LF","3001936","0.1046558","55612.8","2283000","91.17258","26270.36","10.44074","8.019934","519","86971.26","26270.36","9964.8","11821.66","1332900","2731101","0","7.999515","490746.8","1742.004","1480.703","1.24698","232.244","108893.8","597356.4"
"1240.8464347079","640","351","999999","707.657073310424","CC","3004490","0.1038238","103011.3","1672809","68.21021","79085.56","12.1694","7.041044","1056","285587.6","79085.56","20275.2","35588.5","1116762","2288235","0","1.611843","138451.2","351.0007","298.3506","15.13093","190.254","426029.1","617039.2"
"740.5","640","2069","999999","431","CC","3005762","0.1302676","111139.8","1569000","57.65992","29998.09","12.464","6.969658","400","108352.7","29998.09","7680","13499.14","666450","1365550","0","9.501145","250763.6","2069.004","1758.654","17.68105","136.0941","647356.5","163387.4"
"1481","640","2178","999999","718.333333333333","LF","3015264","0.1118983","51546.18","2348900","94.06289","17485.21","10.23442","8.213532","340","58142.19","17485.21","6528","7868.342","1332900","2731101","0","10.00169","563145.1","2178.004","1851.304","0.8457031","224.7112","65612.56","462958.5"
"1243.61840064506","640","817","999999","609.397645719072","LF","3020795","0.1158453","97348.05","1762326","78.14933","57190.03","11.86637","7.039152","1139","188905.4","57190.03","21868.8","25735.51","1119257","2293347","0","3.751781","270422.9","817.0016","694.4514","3.608721","183.7474","251844.7","395632.8"
"740.5","640","871","999999","299.305555555555","CC","3022787","0.1347577","138680.6","1229992","47.39075","75763.62","14.54723","5.931437","996","274325.8","75763.62","19123.2","34093.63","666450","1365550","0","3.999757","182183.7","871.0018","740.3515","16.77471","111.53","638527.8","113689.8"
"1354.33356757599","640","2196","999999","517.456595265417","LF","3037897","0.1250921","66428.8","2179137","91.798","24420.97","10.48616","8.016331","480","80964.22","24420.97","9216","10989.44","1218900","2497516","0","10.08435","562339.3","2196.004","1866.604","0.9731651","197.8843","73116.47","257105.2"
"1334.35245184984","640","1251","999999","563.879111324784","LF","3046812","0.1202682","85707.21","1938831","83.494","44091.82","11.08859","7.510295","878","145646.8","44091.82","16857.6","19841.32","1200917","2460669","0","5.744772","383112.2","1251.002","1063.352","2.309633","189.2114","177813.9","338187.1"
"1481","640","1742","999999","574.666666666667","LF","3055206","0.1194479","66401.44","2196800","89.93724","27344.61","10.36632","8.102571","541","90491.26","27344.61","10387.2","12305.08","1332900","2731101","0","7.999515","490985.3","1742.004","1480.703","1.24698","204.4465","108605.3","357081.1"
"802.208333333333","640","1234","999999","862","LF","3055998","0.1324771","116875.5","1545088","72.37853","62293.2","12.6292","6.418072","1223","206589.3","62293.2","23481.6","28031.94","721987.5","1479346","0","5.666706","317599.9","1234.002","1048.902","2.979587","150.5722","286293.8","162952.2"
"1481","640","1234","999999","730.305555555556","LF","3060458","0.1091279","73019.9","2116492","85.83558","40284.21","10.5351","7.918653","802","133077.7","40284.21","15398.4","18127.89","1332900","2731101","0","5.666706","379628.7","1234.002","1048.902","2.255353","214.9424","174202.2","547910.4"
"883.841561896496","640","2572","999999","628.758225046371","LF","3060929","0.1357959","91111.35","1883085","82.15175","39303.18","11.17016","7.567513","763","130750.5","39303.18","14649.6","17686.43","795457.4","1629885","0","11.81099","466112","2572.005","2186.204","1.660109","165.2649","180454.8","122149.7"
"301.42816891825","640","1459","999999","461.852999637107","CC","3070539","0.1441309","157798.9","1030591","27.74987","76905.21","15.83363","5.723265","590","298216.1","76905.21","11328","34607.35","271285.3","555861.4","0","6.699938","295952.9","1459.003","1240.152","28.85244","82.57446","892425.6","26475.87"
"740.5","640","871","999999","718.333333333333","LF","3070632","0.1333584","132657.5","1355700","66.58538","75145.64","13.60444","5.91154","1479","249041","75145.64","28396.8","33815.54","666450","1365550","0","3.999757","245753.8","871.0018","740.3515","3.978618","139.572","346112.4","159648.6"
"296.737418008264","640","1218","999999","559.097446083568","CC","3075669","0.1441935","160926.2","995292.9","26.91393","82217.96","16.31067","5.611887","542","322982.5","82217.96","10406.4","36998.08","267063.7","547211.2","0","5.593231","314593.6","1218.002","1035.302","30.83752","83.15398","882923.4","28512.39"
"740.5","640","1192","999999","425.323180911435","LF","3089595","0.1388294","134716.3","1348047","66.78879","75553.28","13.52127","5.929608","1490","250252.3","75553.28","28608","33998.98","666450","1365550","0","5.473835","307311.3","1192.002","1013.202","3.293669","134.7186","321476.3","100024.4"
"768.920560130181","640","1987","999999","632.322353454403","LF","3093725","0.1393244","112879.4","1634475","73.44646","56333.78","11.87368","6.976348","1103","186966.2","56333.78","21177.6","25350.2","692028.5","1417960","0","9.12459","364900.3","1987.004","1688.953","2.352684","146.491","269135.7","96201.08"
"294.475796568627","640","346","999999","479.945261437909","CC","3099235","0.1447983","181606.7","751511.8","27.9168","109929.2","20.82959","5.123543","1315","404140.2","109929.2","25248","49468.13","265028.2","543040.5","0","1.588882","154139.1","346.0007","294.1006","17.29928","70.97528","789325.3","34209.71"
"1481","640","1742","999999","574.666666666667","CC","3099689","0.1127987","69842.37","2196800","73.64255","13908.87","9.964242","8.882345","116","53498.39","13908.87","2227.2","6258.99","1332900","2731101","0","7.999515","224678.5","1742.004","1480.703","15.60636","195.1274","506778.1","504217.2"
"1240.10297901821","640","355","999999","461.852999637107","CC","3105901","0.1228114","116534.6","1599399","62.91245","79138.5","11.78742","7.625348","1055","285858.8","79138.5","20256","35612.32","1116093","2286864","0","1.630211","139106.8","355.0007","301.7506","15.17649","156.4979","439682.5","334825.3"
"1851.25","640","871","999999","718.333333333333","CC","3107357","0.09828442","58169.13","2355375","75.85901","37389.38","9.654355","9.261061","269","145822.5","37389.38","5164.8","16825.22","1666125","3413876","0","3.999757","189974.6","871.0018","740.3515","17.66006","230.3746","444577.7","824165.7"
"982.872763660868","","3194","999999","870.039921503467","CC","3124013","0.1163546","91271.6","1944098","71.07328","0","10.65827","7.778521","","","","","","884585.5","1812508","0","14.66731","257775.9","3194.006","2714.906","17.33135","186.7499","600776.9","456657"
"966.49743865353","","3188","999999","884.749765075738","CC","3127557","0.1173051","92460.48","1932273","70.58808","0","10.67209","7.761138","","","","","","869847.7","1782310","0","14.63975","258954.8","3188.006","2709.805","17.71398","184.8346","606591.7","442186.1"
"1207.75058348179","640","1939","999999","434.554284611243","LF","3128585","0.1346088","90542.77","1958092","85.19176","41084.96","10.69236","7.734954","818","135720.2","41084.96","15705.6","18488.23","1086976","2227204","0","8.904167","515509.3","1939.004","1648.153","1.332415","176.2474","130513.5","176406.8"
"969.669949990644","","3235","999999","847.171524229907","CC","3130139","0.1173489","92402.51","1935604","70.74255","0","10.64878","7.776342","","","","","","872702.9","1788161","0","14.85559","258742.7","3235.007","2749.756","17.35995","184.9009","603678.9","443108.6"
"981.22160267601","","3183","999999","907.075851947773","CC","3137272","0.1167237","91765.51","1950972","70.88627","0","10.56939","7.827389","","","","","","883099.4","1809463","0","14.61679","257902","3183.006","2705.555","17.79778","186.9772","605307.5","458864.9"
"1312.19617004221","","3010","999999","838.363391809533","CC","3141840","0.1049181","74016.83","2184986","76.72823","0","9.981369","8.36973","","","","","","1180977","2419811","0","13.82235","255305","3010.006","2558.505","15.44257","219.1494","539073.1","696234.8"
"1304.85873127329","","3027","999999","844.590296724039","CC","3144943","0.1050162","74294.47","2184500","76.6825","0","9.968739","8.372102","","","","","","1174373","2406280","0","13.90042","255569.4","3027.006","2572.955","15.51927","219.12","540161.3","696351"
"1126.17708333333","640","1325","999999","401.069444444444","CC","3145385","0.1310711","110172.3","1721130","60.75542","53325.38","11.04301","8.033425","680","194067.7","53325.38","13056","23996.42","1013559","2076774","0","6.08459","208469.5","1325.003","1126.252","17.13225","146.7796","534435.5","234847.3"
"965.257792635329","","3231","999999","889.962372887904","CC","3146237","0.1181307","93039.23","1943471","70.5882","0","10.54216","7.833063","","","","","","868732","1780024","0","14.83722","259140.3","3231.006","2746.355","17.62638","184.5669","605947.9","439937.1"
"981.576495547289","","3250","999999","871.743446506847","CC","3147159","0.1172857","92029.84","1957442","71.03735","0","10.49985","7.86688","","","","","","883418.9","1810118","0","14.92447","257981.1","3250.007","2762.506","17.35662","186.5923","601169.6","455350.7"
"933.389691225376","","3257","999999","870.923803685758","CC","3147321","0.119993","95280.72","1915578","69.71759","0","10.6121","7.774901","","","","","","840050.8","1721257","0","14.95661","261655.2","3257.007","2768.456","17.95305","180.374","614412.8","408683.5"
"1316.2292870206","","3020","999999","852.580176119674","CC","3148825","0.1045665","73753.09","2195381","76.80995","0","9.927973","8.403069","","","","","","1184606","2427248","0","13.86827","255251.8","3020.006","2567.005","15.58894","220.6556","540184.8","709144.4"
"1337.61792781108","","2997","999999","844.817421301083","CC","3148850","0.1043219","72890.91","2206551","77.06725","0","9.903714","8.431602","","","","","","1203856","2466691","0","13.76266","254602.5","2997.006","2547.455","15.27557","221.4921","535448","714587.4"
"1287.730459266","","3065","999999","844.92681326459","CC","3150033","0.1056639","75137.95","2178686","76.55698","0","9.958049","8.367611","","","","","","1158957","2374694","0","14.07492","256165","3065.006","2605.255","15.4682","217.819","540613.4","685875.7"
"1282.62471840189","","3077","999999","838.166049124947","CC","3151590","0.1060851","75538.71","2175062","76.49036","0","9.958044","8.365165","","","","","","1154362","2365278","0","14.13003","256334.8","3077.006","2615.455","15.39931","216.8707","540264.3","677858.9"
"1298.65405706819","","3066","999999","853.789148171615","CC","3156984","0.1052957","74690.16","2191426","76.68307","0","9.899064","8.409394","","","","","","1168789","2394838","0","14.07951","255873.3","3066.006","2606.105","15.55326","219.3934","540776.7","698992.6"
"950.824885923538","","3206","999999","938.925393829054","CC","3158269","0.1193263","94321.97","1938920","70.06866","0","10.49022","7.853624","","","","","","855742.4","1753409","0","14.72241","260228.7","3206.006","2725.105","18.1328","182.8508","612807.1","427110.8"
"1348.43660774271","","3013","999999","837.514697211497","CC","3161361","0.1047094","72965.54","2218097","77.13095","0","9.821515","8.49017","","","","","","1213593","2486642","0","13.83613","254353.5","3013.006","2561.055","15.18944","221.6243","534098.7","715123.8"
"1319.81222609463","","3051","999999","837.832590456783","CC","3162558","0.1054225","74308.73","2201931","76.79428","0","9.849358","8.455478","","","","","","1187831","2433856","0","14.01063","255217.2","3051.006","2593.355","15.4283","219.6703","538499.3","700249.3"
"1017.59256266015","","3262","999999","893.359669182071","CC","3163136","0.1157608","90024.6","1999341","71.92692","0","10.30934","7.996651","","","","","","915833.3","1876535","0","14.97957","255630","3262.007","2772.706","17.14935","191.6035","593377.8","493329.1"
"1296.65001343703","","3091","999999","820.904377572739","CC","3163859","0.1066961","75641.2","2186006","76.56793","0","9.875701","8.426453","","","","","","1166985","2391142","0","14.19432","255907.5","3091.006","2627.355","15.18293","216.4737","537482.1","673555.5"
"1247.4313973604","","3152","999999","860.818299404292","CC","3164752","0.1069672","77030.91","2168934","76.25533","0","9.911934","8.368501","","","","","","1122688","2300379","0","14.47444","257696.6","3152.006","2679.205","15.52769","215.5683","543425.9","668411.6"
"1358.99385778842","","3020","999999","851.462066808001","CC","3169914","0.1042667","72433.14","2233533","77.29818","0","9.752388","8.537646","","","","","","1223095","2506110","0","13.86827","254133","3020.006","2567.005","15.2386","223.5568","533884.8","731317.5"
"1346.36880896062","","3045","999999","844.327233818418","CC","3173164","0.1049136","73245.61","2226280","77.13818","0","9.751479","8.53142","","","","","","1211732","2482828","0","13.98308","254512.9","3045.006","2588.255","15.26612","222.0903","534879.8","719222.8"
"1282.74235282412","","3136","999999","830.477483669725","CC","3174761","0.1071221","76360.32","2187611","76.47145","0","9.822547","8.449114","","","","","","1154468","2365495","0","14.40096","256473.4","3136.006","2665.605","15.31063","216.2464","539401.2","672254.6"
"1280.5009741592","","3137","999999","847.616668220835","CC","3175284","0.1066383","76139.76","2190986","76.49857","0","9.814542","8.450609","","","","","","1152451","2361362","0","14.40556","256588.5","3137.006","2666.455","15.50566","217.464","541312.8","683013.7"
"1319.70814039074","","3086","999999","845.134342790608","CC","3175999","0.1056229","74509.36","2212778","76.84697","0","9.765859","8.505885","","","","","","1187737","2433664","0","14.17136","255335.4","3086.006","2623.105","15.43532","220.2946","538536.5","705619.9"
"949.470455981052","","3289","999999","915.758694149621","CC","3176744","0.1203335","94777.9","1951501","70.2763","0","10.35915","7.926719","","","","","","854523.4","1750911","0","15.10356","260481","3289.007","2795.656","17.48767","182.235","606992.7","421745.7"
"902.892323975668","","3336","999999","879.23108790822","CC","3178019","0.123245","98057.97","1910372","69.0083","0","10.46019","7.840954","","","","","","812603.1","1665017","0","15.31939","264431.6","3336.007","2835.606","17.7428","175.8103","618183.7","374332.6"
"1343.1407444811","","3087","999999","831.249528482495","CC","3185682","0.105891","73929.92","2229952","77.14169","0","9.686146","8.571405","","","","","","1208827","2476876","0","14.17595","254672","3087.006","2623.955","14.95241","220.6731","531952","706739.9"
"1468.65833333333","","2933","999999","860.802777777778","CC","3187281","0.1022952","67607.55","2313283","78.70512","0","9.524157","8.745749","","","","","","1321793","2708342","0","13.46876","263952.5","2933.006","2493.055","14.85516","232.1823","513245.5","789687.4"
"1245.59019994407","","3194","999999","944.965875609979","CC","3192552","0.1062234","76544.56","2203021","76.54829","0","9.716546","8.479053","","","","","","1121031","2296983","0","14.66731","257949.3","3194.006","2714.906","15.72615","219.712","545227.1","704619.1"
"938.707413156741","","3256","999999","973.762215756517","CC","3192811","0.1213975","96062.22","1950965","69.70677","0","10.27418","7.969431","","","","","","844836.7","1731063","0","14.95202","261319.3","3256.007","2767.605","18.31444","181.1681","616302.6","414102.8"
"1380.69235096099","","3053","999999","862","CC","3194123","0.1041654","71912.45","2264473","77.57594","0","9.583366","8.655684","","","","","","1242623","2546124","0","14.01982","253656.6","3053.006","2595.055","15.14319","225.9967","531896.8","751475.6"
"1467.80098416484","","2963","999999","836.674582343501","CC","3200834","0.1036659","68695.39","2312773","78.57372","0","9.462809","8.789399","","","","","","1321021","2706761","0","13.60652","264027.9","2963.006","2518.555","14.69234","229.698","511751.3","767909.9"
"1371.16135772983","","3090","999999","846.75516178519","CC","3202824","0.1052095","72887.32","2260572","77.45396","0","9.550206","8.672838","","","","","","1234045","2528548","0","14.18972","253963.1","3090.006","2626.505","15.00935","224.0097","530924.9","734320.1"
"857.306114904253","","3252","999999","992.833404447398","CC","3203749","0.1267435","102210.1","1882426","66.99474","0","10.39236","7.851709","","","","","","771575.5","1580952","0","14.93365","268786.7","3252.007","2764.206","19.65165","170.2249","645358.6","335091.8"
"999.645274238883","","3319","999999","954.413301091174","CC","3206277","0.1183827","92092.13","2015755","71.60339","0","10.04734","8.137392","","","","","","899680.8","1843438","0","15.24133","256987.5","3319.007","2821.156","16.94443","189.085","594928","474542.4"
"1386.13428692155","","3076","999999","819.078389369758","CC","3206520","0.1059965","73043.82","2262245","77.46018","0","9.527534","8.701461","","","","","","1247521","2556160","0","14.12543","253490.4","3076.006","2614.605","14.68611","222.3788","527445.8","719537.4"
"1329.12295305727","","3157","999999","838.238167014396","CC","3206547","0.1066399","75003.95","2236932","77.0097","0","9.577603","8.63","","","","","","1196211","2451025","0","14.4974","255218.2","3157.006","2683.455","15.10301","220.3747","534745.6","705485.2"
"897.365600290836","","3351","999999","936.432139576177","CC","3210073","0.1248232","99304.76","1926309","68.7243","0","10.24364","7.961098","","","","","","807629.1","1654825","0","15.38827","265018.6","3351.007","2848.356","18.06326","175.0808","622173.6","368913.5"
"1201.25742595625","","3327","999999","880.400169467367","CC","3213080","0.1100025","80145.22","2177002","75.98566","0","9.668706","8.486063","","","","","","1081132","2215230","0","15.27806","259729.9","3327.007","2827.956","15.054","211.8352","542593.4","639168.1"
"1342.93426759968","","3169","999999","862","CC","3216603","0.1059075","74036.82","2259491","77.3523","0","9.491648","8.689089","","","","","","1208641","2476495","0","14.5525","254887.2","3169.006","2693.655","14.97519","223.2188","532083.4","728862.5"
"277.6875","640","1525","999999","718.333333333333","CC","3224495","0.151645","164132.5","1102669","24.76457","73570.55","13.70695","5.962465","484","289059","73570.55","9292.8","33106.75","249918.8","512081.4","0","7.003019","342426.2","1525.003","1296.253","34.38314","82.69195","948429.1","23352.67"
"271.516666666666","640","319","999999","715.938888888889","CC","3227999","0.1513875","188211.1","794896.7","25.92063","111937.2","18.15921","5.309488","1362","410444","111937.2","26150.4","50371.74","244365","500701.8","0","1.464894","149934.6","319.0006","271.1505","16.76534","66.45335","811427.8","27940.97"
"1481","640","3485","999999","862","LF","3234558","0.1166889","39899.99","2718750","97.79943","6278.879","8.71018","9.450891","112","21352.3","6278.879","2150.4","2825.496","1332900","2731101","0","16.00362","631252.2","3485.007","2962.256","0.3140787","239.7187","25832.83","522756.7"
"1481","","3049","999999","1005.66666666667","CC","3235524","0.0992427","64875.06","2396850","79.56307","0","9.184555","8.948885","","","","","","1332900","2731101","0","14.00145","263981.8","3049.006","2591.655","15.16763","245.0202","515402.3","901328.9"
"1851.25","640","2614","999999","862","LF","3236257","0.1071055","31098.95","2834225","97.84531","7090.927","8.592982","9.55608","131","23901.92","7090.927","2515.2","3190.917","1666125","3413876","0","12.00386","612966.5","2614.005","2221.905","0.3393462","261.4241","26459.94","715840.1"
"1450.96497150255","","3086","999999","851.52759330032","CC","3236364","0.1046986","69892.55","2332827","78.62177","0","9.273214","8.898533","","","","","","1305869","2675713","0","14.17136","264701.9","3086.006","2623.105","14.57304","229.9452","511178.9","770514.4"
"1360.84538438289","","3207","999999","816.571498966706","CC","3241862","0.107962","75063.13","2271482","77.33661","0","9.350898","8.798425","","","","","","1224761","2509525","0","14.72701","254403.3","3207.006","2725.956","14.49839","220.3256","526421.4","702194.8"
"833.0625","","3485","999999","887.141666666667","CC","3246846","0.1303895","105178.6","1887149","66.56293","0","10.13837","7.982186","","","","","","749756.3","1536244","0","16.00362","271850.4","3485.007","2962.256","18.88614","166.2435","644068.8","305738.2"
"1481","640","3485","999999","574.666666666667","LF","3262684","0.129931","48743.65","2632550","97.40446","7353.135","8.68871","9.529271","134","24872.3","7353.135","2572.8","3308.911","1332900","2731101","0","16.00362","631490.8","3485.007","2962.256","0.3140787","216.3148","25544.4","320970.2"
"1495.06777634621","","3093","999999","825.795880430973","CC","3269618","0.1057948","69856.27","2366550","78.77515","0","9.069246","9.068781","","","","","","1345561","2757043","0","14.2035","263474.8","3093.006","2629.055","14.3352","230.0719","507413.8","770049.3"
"761.538689532667","","3747","999999","715.947325109397","CC","3275399","0.1373648","111272.7","1836919","64.51117","0","10.10363","7.954611","","","","","","685384.8","1404348","0","17.20676","281069.7","3747.008","3184.956","17.84665","154.6187","654583.8","224316.2"
"1638.41524203185","","2924","999999","832.357247756775","CC","3295565","0.1035627","64999.66","2455281","79.72105","0","8.8254","9.330065","","","","","","1474574","3021389","0","13.42743","259998.4","2924.006","2485.405","14.00566","238.7594","499179.4","841018.3"
"740.5","640","2178","999999","862","LF","3296787","0.1500614","121542.1","1725550","71.93813","58890.79","10.32214","7.778075","1151","195549.6","58890.79","22099.2","26500.85","666450","1365550","0","10.00169","357641","2178.004","1851.304","2.496621","142.1883","281346.1","77975.27"
"740.5","640","2614","999999","488.55175605958","LF","3311057","0.1524602","122880.7","1722516","72.73622","58927.2","10.17874","7.827028","1155","195516.2","58927.2","22176","26517.24","666450","1365550","0","12.00386","390044.8","2614.005","2221.905","2.419138","142.036","262500.3","58476.68"
"1851.25","640","871","999999","862","LF","3315102","0.1030121","70905.12","2398475","84.62691","49339.85","8.873001","10.12835","988","162724.5","49339.85","18969.6","22202.93","1666125","3413876","0","3.999757","284483.6","871.0018","740.3515","3.209247","243.8687","219972","867925.1"
"1346.41024809709","","3417","999999","1034.90919441114","CC","3317902","0.1059081","72822.16","2376492","78.79064","0","8.857186","9.079062","","","","","","1211769","2482905","0","15.69136","268079.7","3417.007","2904.456","14.43297","233.1592","513980.9","803122.8"
"1326.72916666667","","3499","999999","889.775555555556","CC","3322614","0.1098687","76339.09","2335739","78.16303","0","8.888912","9.062912","","","","","","1194056","2446611","0","16.06791","269372.5","3499.007","2974.156","13.92373","223.388","510837.6","718484.6"
"1503.60719822791","","3243","999999","900.106136843243","CC","3322880","0.1045358","68756.59","2434028","79.41379","0","8.746336","9.276603","","","","","","1353247","2772790","0","14.89232","263485.9","3243.007","2756.555","14.31497","237.9767","506187","838158.1"
"1599.66413336122","","3206","999999","844.690701291584","CC","3372808","0.1063048","67932.82","2494605","79.84048","0","8.45082","9.562772","","","","","","1439698","2949928","0","14.72241","261267.6","3206.006","2725.105","13.46154","237.8581","494770.5","833524.4"
"740.5","640","2614","999999","718.333333333333","LF","3374950","0.154902","122490.6","1791450","72.88976","56725.79","9.634453","8.189989","1108","188392.8","56725.79","21273.6","25526.61","666450","1365550","0","12.00386","377424.1","2614.005","2221.905","2.433491","142.797","268515","63902.05"
"1742.94724942017","","2988","999999","904.886240784452","CC","3377603","0.1012458","61147.41","2587119","80.76389","0","8.327119","9.735948","","","","","","1568653","3214156","0","13.72133","258218.8","2988.006","2539.805","14.01498","252.6719","496402.1","959934.8"
"1481","","3485","999999","862","CC","3400974","0.1092155","72575.69","2462750","79.3951","0","8.371328","9.530771","","","","","","1332900","2731101","0","16.00362","264535.7","3485.007","2962.256","13.14731","232.1593","496334.4","787895.5"
"","640","466","999999","323.844494383071","CC","3405293","0.1624542","227084.6","469653.3","0","138447.1","27.00488","4.704869","1225","529214.8","138447.1","23520","62301.19","","","0","2.139939","208297.2","466.0009","396.1008","25.09248","21.4301","1135905","-2.344791E-13"
"","640","487","999999","325.090729166667","CC","3405449","0.1624617","226661.6","475277.2","0","138585.9","26.28061","4.810529","1211","530459.9","138585.9","23251.2","62363.64","","","0","2.236374","210845.8","487.001","413.9508","25.40042","21.69231","1135202","-2.633449E-13"
"","640","493","999999","333.166928385417","CC","3405522","0.1624651","226363.8","479200.1","0","138021.5","25.95166","4.856228","1190","529053.8","138021.5","22848","62109.69","","","0","2.263927","215998.4","493.001","419.0508","26.02079","22.22241","1137685","-1.012523E-13"
"","640","476","999999","329.450109446602","CC","3405905","0.1624834","226808.4","473835","0","138461","26.53487","4.774095","1211","529930.8","138461","23251.2","62307.45","","","0","2.18586","211472.5","476.0009","404.6008","25.47517","21.75678","1135856","-6.394885E-14"
"","640","478","999999","314.4953125","CC","3406275","0.162501","227145.4","469848.6","0","139108.8","26.82058","4.730427","1231","531737.3","139108.8","23635.2","62598.96","","","0","2.195045","207465.2","478.0009","406.3008","24.99309","21.3445","1133216","-9.592327E-14"
"","640","455","999999","334.220339383627","CC","3406370","0.1625056","227139.8","470016.1","0","138484.9","26.959","4.691763","1216","529797.5","138484.9","23347.2","62318.22","","","0","2.089426","211442.3","455.0009","386.7508","25.47026","21.75367","1135971","-2.060574E-13"
"","640","470","999999","334.524466145833","CC","3406534","0.1625134","226855.4","473857.3","0","138277.3","26.58325","4.764332","1207","529339.8","138277.3","23174.4","62224.77","","","0","2.158308","213037.4","470.0009","399.5008","25.66311","21.91778","1136770","-1.776357E-13"
"","640","491","999999","341.657291666667","CC","3406727","0.1625226","226298.7","481247.2","0","137884.6","25.80204","4.882515","1182","528849","137884.6","22694.4","62048.07","","","0","2.254743","217585.1","491.001","417.3508","26.21161","22.38566","1138219","-1.49214E-13"
"","640","468","999999","315.108606305463","CC","3407181","0.1625443","227394.6","467532.6","0","139118.9","27.11555","4.69074","1239","531404.9","139118.9","23788.8","62603.52","","","0","2.149123","206047.2","468.0009","397.8008","24.82186","21.19861","1133247","-1.74083E-13"
"","640","457","999999","323.25","CC","3407632","0.1625658","227453.3","467225","0","138790.3","27.2401","4.673186","1237","530106.1","138790.3","23750.4","62455.64","","","0","2.09861","206452.7","457.0009","388.4508","24.86999","21.24033","1134624","-8.881784E-14"
"","640","508","999999","332.2235546875","CC","3407871","0.1625772","226277.3","482667.1","0","138134.2","26.16568","4.936452","1188","529625.3","138134.2","22809.6","62160.4","","","0","2.332809","216649.6","508.001","431.8009","26.10006","22.28942","1137258","-2.922107E-13"
"","640","452","999999","319.381778894038","CC","3407994","0.162583","227667.8","464814.5","0","139096.7","27.50789","4.635052","1245","531029.2","139096.7","23904","62593.53","","","0","2.075649","205218.1","452.0009","384.2008","24.72112","21.11331","1133441","-1.563194E-13"
"","640","459","999999","348.66086623037","CC","3409216","0.1626414","226947.5","475348.3","0","138118.3","26.40054","4.781678","1202","528900.8","138118.3","23078.4","62153.24","","","0","2.107794","214636.1","459.0009","390.1508","25.85482","22.08226","1137535","-1.598721E-13"
"","640","465","999999","305.291666666667","CC","3409573","0.1626584","227865.5","463837.5","0","139502.8","27.04256","4.644358","1255","532280.9","139502.8","24096","62776.27","","","0","2.135347","204491.6","465.0009","395.2508","24.63449","21.03857","1132050","-1.49214E-13"
"","640","510","999999","328.181158875378","CC","3409897","0.1626738","226489.1","481954.3","0","138420","26.12042","4.951013","1201","530226.3","138420","23059.2","62289","","","0","2.341993","214290.4","510.001","433.5009","25.81629","22.04669","1136166","-1.065814E-13"
"","640","527","999999","348.447786458333","CC","3410806","0.1627172","225760.4","492284.3","0","137351.2","25.25519","5.012738","1155","527855.4","137351.2","22176","61808.02","","","0","2.42006","223545.9","527.001","447.9509","26.93103","22.99892","1140475","-1.563194E-13"
"","640","499","999999","360.024935169302","CC","3411188","0.1627354","226062.8","488757.5","0","137466.5","25.09904","4.992023","1154","528391","137466.5","22156.8","61859.91","","","0","2.29148","224642.9","499.001","424.1508","27.06134","23.11178","1140152","-2.344791E-13"
"","640","517","999999","336.703161168981","CC","3412268","0.1627869","226339.4","486260.9","0","138486.3","25.69913","5.003089","1187","531163.9","138486.3","22790.4","62318.81","","","0","2.374138","217635.5","517.001","439.4509","26.21922","22.39084","1135929","-2.096101E-13"
"","640","466","999999","363.65625","CC","3413033","0.1628235","226759.4","481596.9","0","137939.3","25.76498","4.88444","1184","528986.7","137939.3","22732.8","62072.66","","","0","2.139939","218722.5","466.0009","396.1008","26.34696","22.50268","1138305","-6.326051E-13"
"","640","482","999999","305.291666666667","CC","3413379","0.1628399","227831.2","468087.5","0","139071.4","27.10134","4.745244","1253","530546.6","139071.4","24057.6","62582.15","","","0","2.213413","205901.5","482.001","409.7008","24.80517","21.18362","1134083","-5.684342E-14"
"","640","436","999999","287.333333333333","CC","3414256","0.1628818","229205.3","451200","0","140947.1","28.49471","4.446022","1300","536289.4","140947.1","24960","63426.18","","","0","2.002175","198694.7","436.0009","370.6007","23.9352","20.44217","1126822","-1.705303E-13"
"","640","408","999999","268.926041666667","CC","3415151","0.1629245","230243.2","438677.8","0","142212.7","30.05021","4.226787","1338","539869.6","142212.7","25689.6","63995.72","","","0","1.873595","193253.3","408.0008","346.8007","23.27876","19.88235","1122084","-1.278977E-13"
"","640","457","999999","287.333333333333","CC","3415530","0.1629426","228897.8","456450","0","140449.5","27.71248","4.55509","1290","534650.2","140449.5","24768","63202.28","","","0","2.09861","200823.6","457.0009","388.4508","24.19264","20.6612","1128918","-1.705303E-13"
"","640","425","999999","305.291666666667","CC","3415576","0.1629447","229103.4","453837.5","0","140802.8","28.18374","4.481718","1292","536053.5","140802.8","24806.4","63361.27","","","0","1.951661","199300.9","425.0009","361.2507","24.00749","20.50454","1127169","-1.49214E-13"
"","640","539","999999","368.145833333333","CC","3416279","0.1629783","225494.6","501193.8","0","136966.9","24.08856","5.032374","1120","527869.6","136966.9","21504","61635.12","","","0","2.475166","232937.2","539.0011","458.1509","28.06181","23.96512","1142424","-3.872458E-13"
"740.5","","3920","999999","862","CC","3417373","0.1443173","116984.8","1905050","63.13981","0","9.123352","8.537552","","","","","","666450","1365550","0","18.0012","285408.2","3920.008","3332.007","19.43195","152.4803","675175.1","210741.9"
"","640","422","999999","310.696329369969","CC","3417771","0.1630495","229205.8","454708.9","0","140954.1","28.06894","4.504364","1294","536600.9","140954.1","24844.8","63429.35","","","0","1.937885","198911.8","422.0009","358.7007","23.96049","20.46451","1126539","-1.705303E-13"
"","640","436","999999","359.166666666667","CC","3418850","0.163101","227893.8","472750","0","139190.5","26.59431","4.779032","1232","532036.7","139190.5","23654.4","62635.73","","","0","2.002175","209339.8","436.0009","370.6007","25.21613","21.53736","1133283","-6.608047E-13"
"","640","421","999999","319.298250912013","CC","3420404","0.1631751","229229.2","457039.5","0","140957.6","27.77868","4.552539","1292","536709.6","140957.6","24806.4","63430.94","","","0","1.933293","199279.1","421.0009","357.8507","24.00462","20.5023","1126506","-1.423306E-13"
"","640","531","999999","327.739583333333","CC","3420512","0.1631802","226914.4","487071.9","0","138901.7","25.28152","5.017153","1216","531563.8","138901.7","23347.2","62505.78","","","0","2.438428","213314.7","531.001","451.3509","25.70015","21.94631","1134637","-1.207923E-13"
"","640","454","999999","390.802680826118","CC","3421573","0.1632308","227022.1","486740.8","0","137748.5","25.21284","4.999445","1190","527896.8","137748.5","22848","61986.82","","","0","2.084833","216604.8","454.0009","385.9008","26.09142","22.28481","1138947","-3.481659E-13"
"","640","432","999999","345.248958333333","CC","3421877","0.1632454","228528.2","467574.7","0","140406.6","26.62153","4.718677","1256","536064","140406.6","24115.2","63182.98","","","0","1.983806","206052","432.0009","367.2007","24.82027","21.19911","1128569","-2.913225E-13"
"","640","418","999999","327.881752122002","CC","3423363","0.1633163","229317","458864.5","0","140964.2","27.53006","4.592541","1292","536737.5","140964.2","24806.4","63433.89","","","0","1.919516","199386.9","418.0008","355.3007","24.01741","20.51338","1126499","-1.705303E-13"
"","640","546","999999","354.806311325105","CC","3423384","0.1633173","226218.4","498941.9","0","138315.4","24.33742","5.040294","1162","531613.1","138315.4","22310.4","62241.92","","","0","2.507311","225676.4","546.0011","464.1009","27.18854","23.21811","1137171","-2.771117E-13"
"","640","392","999999","287.333333333333","CC","3423926","0.1633431","230804.3","440200","0","142490.2","29.79775","4.280873","1351","540435.6","142490.2","25939.2","64120.59","","","0","1.80012","191023","392.0008","333.2007","23.00942","19.65289","1121044","-3.126388E-13"
"","640","508","999999","320.087471334899","CC","3424184","0.1633554","227820.9","479026.3","0","139793.9","26.06155","4.98952","1243","534077.6","139793.9","23865.6","62907.26","","","0","2.332809","209947.3","508.001","431.8009","25.29357","21.59987","1131410","-1.847411E-13"
"","640","497","999999","309.332291666667","CC","3425107","0.1633995","228354.6","473049.7","0","140348.7","26.23297","4.90201","1266","535349.2","140348.7","24307.2","63156.91","","","0","2.282295","205765.5","497.001","422.4508","24.78971","21.16963","1129260","-9.325873E-14"
"","640","509","999999","319.747079649342","CC","3425770","0.1634311","227932","479174.1","0","139860.7","26.00687","5.000204","1246","534219.8","139860.7","23923.2","62937.31","","","0","2.337401","209850.4","509.001","432.6509","25.28197","21.5899","1131247","-9.947598E-14"
"","640","407","999999","341.064624445883","CC","3428025","0.1635386","229584.3","460069.4","0","140526.1","27.42743","4.622944","1297","534646.4","140526.1","24902.4","63236.77","","","0","1.869003","198307.1","407.0008","345.9507","23.88682","20.40229","1128359","-2.575717E-13"
"","640","513","999999","310.529513888889","CC","3431420","0.1637006","228505.7","477408.8","0","139844.4","25.59682","5.002538","1268","533118.3","139844.4","24345.6","62929.97","","","0","2.35577","207342.2","513.001","436.0509","24.98039","21.33184","1131828","-2.700062E-13"
"","640","392","999999","323.25","CC","3434719","0.163858","230805.6","450975","0","142105.9","28.31476","4.508037","1341","539276.3","142105.9","25747.2","63947.66","","","0","1.80012","192321.6","392.0008","333.2007","23.16568","19.78649","1122474","-2.557954E-13"
"","640","554","999999","323.436313055578","CC","3437264","0.1639794","227865.3","491530.9","0","139545.2","24.04815","5.047022","1251","532647.9","139545.2","24019.2","62795.32","","","0","2.544048","209930.3","554.0011","470.9009","25.29428","21.59812","1132861","-8.526513E-14"
"","640","871","999999","287.333333333333","CC","3437308","0.1639815","222576.2","559950","0","129790","20.65404","5.254992","1134","496799","129790","21772.8","58405.52","","","0","3.999757","225550.7","871.0018","740.3515","27.17929","23.20518","1172013","-1.136868E-13"
"","640","523","999999","431","CC","3437779","0.164004","226008.5","516050","0","137208.4","23.15933","5.063792","1060","531708.7","137208.4","20352","61743.79","","","0","2.401691","254763.3","523.001","444.5509","30.68719","26.21064","1143122","-5.186962E-13"
"","640","523","999999","287.333333333333","CC","3440974","0.1641564","229589.6","472950","0","140614.1","25.68697","5.005426","1315","534174.6","140614.1","25248","63276.35","","","0","2.401691","201111.8","523.001","444.5509","24.23128","20.69084","1129480","-4.263256E-14"
"","640","436","999999","250.51875","CC","3441609","0.1641867","232175.6","440155.6","0","143100.5","28.40909","4.424193","1402","540628.5","143100.5","26918.4","64395.22","","","0","2.002175","188159","436.0009","370.6007","22.66744","19.35823","1120345","-1.136868E-13"
"","640","327","999999","251.416666666667","CC","3442280","0.1642187","234314.5","413175","0","145174","32.22093","3.858256","1472","546130.3","145174","28262.4","65328.28","","","0","1.501631","174627.5","327.0006","277.9506","21.03264","17.96609","1111898","-2.273737E-13"
"","640","457","999999","251.416666666667","CC","3443471","0.1642755","231892.7","445675","0","142064.2","28.26258","4.548101","1394","536612.3","142064.2","26764.8","63928.88","","","0","2.09861","189954.3","457.0009","388.4508","22.88473","19.54294","1124699","-9.947598E-14"
"","640","643","999999","396.75477994228","CC","3444816","0.1643397","225027","535776.4","0","135381.3","21.7175","5.134693","1049","524482.2","135381.3","20140.8","60921.6","","","0","2.952749","258331.4","643.0013","546.5511","31.11007","26.57773","1151033","-1.136868E-13"
"577.508222798735","640","1839","999999","575.126907132072","LF","3445669","0.161108","157619.1","1408046","58.34395","83665.73","10.3111","7.243559","1633","277920","83665.73","31353.6","37649.58","519757.4","1064978","0","8.444953","252877.4","1839.004","1563.153","3.780058","114.1667","411238.8","32934.66"
"","640","372","999999","323.25","CC","3446585","0.1644241","232110.3","445975","0","143902.4","28.20455","4.47939","1384","544871.5","143902.4","26572.8","64756.09","","","0","1.708278","185898.2","372.0007","316.2006","22.39155","19.12564","1115530","-3.410605E-13"
"","640","556","999999","291.552080591449","CC","3447090","0.1644482","229326.6","482465.6","0","140965.3","24.99915","5.039819","1314","535709.6","140965.3","25228.8","63434.37","","","0","2.553232","201146.7","556.0011","472.601","24.23748","20.69444","1127970","-3.268497E-13"
"","640","784","999999","287.333333333333","CC","3447200","0.1644534","225023.9","538200","0","135222.4","21.32543","5.202398","1200","516722.7","135222.4","23040","60850.09","","","0","3.600241","218541.4","784.0016","666.4013","26.33062","22.48404","1150581","-1.563194E-13"
"","640","392","999999","359.166666666667","CC","3448956","0.1645372","231073.5","461750","0","142111.6","26.86669","4.755027","1340","539347.1","142111.6","25728","63950.2","","","0","1.80012","192525.9","392.0008","333.2007","23.19027","19.80751","1122446","-2.557954E-13"
"","640","629","999999","342.044056637807","CC","3449634","0.1645696","226940","515863.2","0","138110.4","22.63871","5.121747","1213","528351.1","138110.4","23289.6","62149.68","","","0","2.888458","219975.7","629.0013","534.6511","26.49388","22.63161","1139166","-4.618528E-14"
"","640","343","999999","302.350700619636","CC","3449942","0.1645843","233415.8","432455.2","0","145159.8","29.17265","4.246093","1430","548041.5","145159.8","27456","65321.93","","","0","1.575105","179581.1","343.0007","291.5506","21.62967","18.47572","1111028","-3.410605E-13"
"","640","653","999999","242.4375","CC","3450242","0.1645986","228834.4","491981.3","0","139420.7","24.10421","5.08118","1318","528976.3","139420.7","25305.6","62739.3","","","0","2.99867","202472.2","653.0013","555.0511","24.38913","20.8308","1134907","3.126388E-13"
"","640","653","999999","279.252083333333","CC","3451091","0.1646391","228045.8","503025.6","0","139122.7","23.32672","5.105702","1285","529262.1","139122.7","24672","62605.2","","","0","2.99867","205644.1","653.0013","555.0511","24.77081","21.15714","1135282","-8.526513E-14"
"","640","392","999999","215.5","CC","3451376","0.1646501","234594.6","418650","0","145146.9","31.28679","4.073849","1490","545171","145146.9","28608","65316.11","","","0","1.80012","176562.7","392.0008","333.2007","21.26941","18.16518","1113445","24.94119"
"","640","525","999999","268.926041666667","CC","3454270","0.1647907","231006.6","467927.8","0","141669.3","25.82552","5.007803","1366","536252.9","141669.3","26227.2","63751.19","","","0","2.410876","195761.6","525.001","446.2509","23.58762","20.14041","1126288","-4.263256E-14"
"","640","653","999999","360.838113275613","CC","3456383","0.1648915","226561.8","527501.4","0","137910.7","21.69934","5.153718","1186","528771.9","137910.7","22771.2","62059.82","","","0","2.99867","226500.3","653.0013","555.0511","27.28044","23.30288","1140117","-3.410605E-13"
"","640","871","999999","359.166666666667","CC","3458157","0.1649761","222522","581500","0","130780.8","19.37798","5.30488","1066","504188.5","130780.8","20467.2","58851.35","","","0","3.999757","243359.6","871.0018","740.3515","29.32224","25.03741","1168334","-1.442402E-12"
"","640","653","999999","359.166666666667","CC","3458217","0.164979","226742.4","527000","0","138437.7","21.65816","5.155932","1197","530488.8","138437.7","22982.4","62296.95","","","0","2.99867","224091.2","653.0013","555.0511","26.99055","23.05503","1137899","-1.563194E-12"
"","640","425","999999","432.710317460317","CC","3458385","0.164987","229458","492063.1","0","140507.8","23.77802","5.042657","1268","535929.7","140507.8","24345.6","63228.52","","","0","1.951661","202982","425.0009","361.2507","24.45043","20.88326","1128060","-7.460699E-13"
"61.7083333333329","640","871","999999","634.527777777778","CC","3458949","0.1650121","211897.1","719645.8","2.875478","120384.4","15.70811","5.50187","863","469657.8","120384.4","16569.6","54172.98","55537.5","113795.9","0","3.999757","299805.4","871.0018","740.3515","34.50558","41.64421","1105203","18.34478"
"","640","653","999999","323.25","CC","3458957","0.1650143","227633.2","516225","0","138978.6","22.27295","5.139294","1255","530059.4","138978.6","24096","62540.38","","","0","2.99867","210786.2","653.0013","555.0511","25.38956","21.68617","1135556","-4.263256E-14"
"1758.6875","640","871","999999","431","CC","3460002","0.1352315","98559.8","2185869","65.95623","55361.62","8.361747","10.19627","629","205090","55361.62","12076.8","24912.73","1582819","3243182","0","3.999757","185866","871.0018","740.3515","17.28238","167.2087","468694.5","357703.3"
"","640","653","999999","502.833333333333","CC","3460135","0.1650705","223556.9","570100","0","132798.7","20.15666","5.208602","936","518840.6","132798.7","17971.2","59759.43","","","0","2.99867","279349.1","653.0013","555.0511","33.63974","28.74008","1161058","-5.968559E-13"
"","640","293","999999","269.390588831018","CC","3462171","0.1651676","236093.6","410067.2","0","145832.6","31.60246","3.870885","1523","546528","145832.6","29241.6","65624.66","","","0","1.345498","168474.3","293.0006","249.0505","20.29017","17.33302","1110200","-3.410605E-13"
"","640","653","999999","215.5","CC","3466419","0.1653703","230710.9","483900","0","141658","23.84189","5.077814","1378","535641.7","141658","26457.6","63746.08","","","0","2.99867","197739.9","653.0013","555.0511","23.8197","20.34394","1127256","2.984279E-13"
"","640","327","999999","323.25","CC","3467398","0.165417","234590.5","434725","0","144920.6","28.6083","4.363465","1462","545526.1","144920.6","28070.4","65214.28","","","0","1.501631","175753.4","327.0006","277.9506","21.16812","18.08192","1112737","-3.410605E-13"
"","640","436","999999","197.541666666667","CC","3468176","0.1654541","235460","424262.5","0","145343.4","29.40034","4.356799","1543","543516.6","145343.4","29625.6","65404.53","","","0","2.002175","168136","436.0009","370.6007","20.25808","17.29823","1113220","-1.278977E-13"
"541.54095871889","640","1387","999999","770.908338176872","LF","3475177","0.161859","166603.4","1321409","54.25168","91719.42","10.34165","6.996462","1787","304822.5","91719.42","34310.4","41273.74","487386.9","998651.5","0","6.369304","214639.7","1387.003","1178.952","4.307907","107.3917","454979","39360.96"
"","640","392","999999","431","CC","3477928","0.1659194","231647.6","483300","0","142111.6","24.29512","5.036589","1340","539347.1","142111.6","25728","63950.2","","","0","1.80012","192525.9","392.0008","333.2007","23.19027","19.80751","1122446","-2.557954E-13"
"1481","","3485","999999","1321.73333333333","CC","3483980","0.1027739","68327.88","2600670","80.01744","0","7.88959","9.824343","","","","","","1332900","2731101","0","16.00362","250664.9","3485.007","2962.256","14.89619","255.2092","523996.8","1001667"
"","640","1045","999999","287.333333333333","CC","3485519","0.1662815","222940.7","603450","0","132715.9","17.60294","5.428142","1161","507931.1","132715.9","22291.2","59722.18","","","0","4.79879","225525.5","1045.002","888.2518","27.18673","23.20259","1160973","-5.684342E-14"
"","640","817","999999","401.069444444444","CC","3489101","0.1664524","224987.5","580570.8","0","135123.1","18.9387","5.300951","1051","523293.8","135123.1","20179.2","60805.38","","","0","3.751781","265846","817.0016","694.4514","32.02478","27.35085","1153883","8.526513E-14"
"","640","261","999999","287.333333333333","CC","3491957","0.1665886","238600.1","407450","0","147830.4","30.38001","3.966453","1605","551146.2","147830.4","30816","66523.67","","","0","1.19855","157389.1","261.0005","221.8504","18.95436","16.19255","1103254","-3.126388E-13"
"","640","523","999999","574.666666666667","CC","3495381","0.166752","227130.3","559150","0","137259.5","19.64447","5.205156","1059","531971.9","137259.5","20332.8","61766.76","","","0","2.401691","254859.5","523.001","444.5509","30.69876","26.22054","1142879","-4.618528E-13"
"","640","784","999999","431","CC","3495449","0.1667552","225422.2","581300","0","133977.3","18.61803","5.287987","1006","520550.3","133977.3","19315.2","60289.81","","","0","3.600241","284665.3","784.0016","666.4013","34.28733","29.28703","1160529","-2.842171E-13"
"","640","871","999999","431","CC","3497024","0.1668304","223861.6","603050","0","130875.7","18.00756","5.353007","975","508861","130875.7","18720","58894.05","","","0","3.999757","284974.4","871.0018","740.3515","34.32976","29.31883","1172331","-7.105427E-14"
"1716.60271653872","","3419","999999","945.973429070928","CC","3499342","0.1044705","63110.17","2683485","81.85156","0","7.748241","10.05894","","","","","","1544943","3165574","0","15.70054","273381.8","3419.007","2906.156","12.616","255.3831","470236.9","970162.9"
"1945.84087577161","","3054","999999","1027.67671039095","CC","3503447","0.09735786","52630.95","2823060","82.93565","0","7.627505","10.16759","","","","","","1751257","3588310","0","14.02441","269247.6","3054.006","2595.905","13.70557","277.9669","475006.3","1163072"
"","640","392","999999","502.833333333333","CC","3506901","0.1673015","232221.8","504850","0","142111.6","22.08921","5.108598","1340","539347.1","142111.6","25728","63950.2","","","0","1.80012","192525.9","392.0008","333.2007","23.19027","19.80751","1122446","-2.557954E-13"
"2221.5","640","1742","999999","790.166666666667","LF","3510652","0.1125587","45078.43","2927900","93.55466","19980.38","7.558691","11.27205","396","66088.11","19980.38","7603.2","8991.17","1999350","4096651","0","7.999515","495854.8","1742.004","1480.703","0.8995627","258.6117","89415.14","791178.4"
"740.5","","4356","999999","718.333333333333","CC","3517166","0.149508","119606.5","1970950","63.94444","0","8.436261","8.989141","","","","","","666450","1365550","0","20.00338","285406.1","4356.009","3702.607","17.43289","151.1853","656123.6","198919"
"","640","1307","999999","359.166666666667","CC","3532429","0.1685194","219835.7","690500","0","125224.1","14.57105","5.68197","1002","483644.3","125224.1","19238.4","56350.86","","","0","6.001932","261244.2","1307.003","1110.952","31.50052","26.87741","1192846","-1.278977E-12"
"","640","263","999999","395.297123015873","CC","3532605","0.1685278","239200.3","440339.1","0","147644.8","25.09871","5.196988","1593","550922.9","147644.8","30585.6","66440.16","","","0","1.207734","159583.1","263.0005","223.5504","19.21849","16.41828","1103936","-4.263256E-13"
"1295.875","","4138","999999","838.055555555556","CC","3540809","0.1205461","84208.33","2452204","78.48927","0","7.76697","9.838539","","","","","","1166288","2389713","0","19.00229","270690.7","4138.008","3517.307","11.42238","215.606","488752.8","651514.4"
"","640","240","999999","363.014880952381","CC","3548598","0.1692908","241631.3","424904.5","0","148483.8","26.15028","4.685689","1716","548706.3","148483.8","32947.2","66817.72","","","0","1.102115","136878.8","240.0005","204.0004","16.48509","14.08241","1101410","-4.973799E-13"
"","640","261","999999","431","CC","3549902","0.1693529","239748.4","450550","0","147830.4","23.64308","5.234162","1605","551146.2","147830.4","30816","66523.67","","","0","1.19855","157389.1","261.0005","221.8504","18.95436","16.19255","1103254","-3.126388E-13"
"","640","218","999999","242.4375","CC","3550059","0.1693605","244968","383231.3","0","150618.8","32.54195","3.87229","1868","550620.7","150618.8","35865.6","67778.45","","","0","1.001087","116710.1","218.0004","185.3004","14.05686","12.0074","1095619","-3.410605E-13"
"513.308340270765","640","1852","999999","488.144033915962","LF","3557191","0.167842","172482.5","1327421","52.65597","92415.08","9.603788","7.362504","1794","307442","92415.08","34444.8","41586.79","461977.5","946587.9","0","8.50465","222251","1852.004","1574.203","4.206441","102.9729","468727.8","17956.78"
"2221.5","640","2614","999999","718.333333333333","LF","3557947","0.1202369","33540.64","3124350","98.33075","5129.785","7.235651","10.44777","93","17374.37","5129.785","1785.6","2308.403","1999350","4096651","0","12.00386","612188.8","2614.005","2221.905","0.2262633","257.1783","20834.83","667536.5"
"","640","1045","999999","574.666666666667","CC","3569269","0.1702769","222751.2","689650","0","129221.5","14.26024","5.631995","919","504479.1","129221.5","17644.8","58149.68","","","0","4.79879","293098.8","1045.002","888.2518","35.33152","30.15469","1178628","-6.536993E-13"
"","640","218","999999","296.343677662037","CC","3571801","0.1703977","245398.9","399403.1","0","150618.8","28.98034","4.36448","1868","550620.7","150618.8","35865.6","67778.45","","","0","1.001087","116710.1","218.0004","185.3004","14.05686","12.0074","1095619","-3.410605E-13"
"1481","","3993","999999","979.327777777778","CC","3573809","0.1116304","73398.52","2624948","81.02592","0","7.489697","10.06715","","","","","","1332900","2731101","0","18.33643","279481.9","3993.008","3394.057","11.84528","241.531","469888","855773.2"
"","640","261","999999","143.666666666667","CC","3591106","0.1712978","249603.7","364350","0","152904.7","33.53787","3.892947","2061","551250.9","152904.7","39571.2","68807.13","","","0","1.19855","85672.98","261.0005","221.8504","10.32475","8.814235","1096470","197.3523"
"1481","640","3485","999999","862","CC","3598351","0.115537","68040.98","2718750","79.39013","810.4906","7.273425","10.35104","5","3200","810.4906","96","364.7208","1332900","2731101","0","16.00362","263958.2","3485.007","2962.256","13.03434","232.0586","493326.9","787701.6"
"","640","523","999999","862","CC","3611271","0.1722806","229426.9","645350","0","137259.5","14.4964","5.488568","1059","531971.9","137259.5","20332.8","61766.76","","","0","2.401691","254859.5","523.001","444.5509","30.69876","26.22054","1142879","-4.618528E-13"
"","640","1307","999999","197.541666666667","CC","3613765","0.1723997","229878.1","642012.5","0","134800.6","14.07276","5.643744","1303","510101.8","134800.6","25017.6","60660.29","","","0","6.001932","218273.1","1307.003","1110.952","26.3298","22.45644","1157436","1.811884E-12"
"740.5","","3920","999999","1321.73333333333","CC","3615414","0.1519215","121635.4","2042970","62.52583","0","7.787736","9.439286","","","","","","666450","1365550","0","18.0012","284655","3920.008","3332.007","21.27629","153.7911","689851.6","220573.7"
"","640","871","999999","790.166666666667","CC","3617917","0.1725977","224878.2","710800","0","125569.5","13.23459","5.682703","922","488861.9","125569.5","17702.4","56506.25","","","0","3.999757","288760.9","871.0018","740.3515","34.78538","29.70839","1193119","-4.547474E-13"
"","640","523","999999","143.666666666667","CC","3625036","0.1729373","247161.6","429850","0","150729.6","22.11797","5.117871","1991","545318.3","150729.6","38227.2","67828.31","","","0","2.401691","99077.79","523.001","444.5509","11.95352","10.19335","1104091","1.136868E-13"
"","640","1568","999999","574.666666666667","CC","3629550","0.1731527","217300","820400","0","109343.8","11.38866","6.303864","775","427000.3","109343.8","14880","49204.71","","","0","7.200481","325131.9","1568.003","1332.803","39.21615","33.45033","1263057","-4.831691E-13"
"1177.57270760041","640","114","999999","633.16353517242","CC","3635445","0.1312107","162535.5","1534265","62.32776","119091.4","8.354954","10.19908","2373","393317.9","119091.4","45561.6","53591.12","1059815","2171553","0","0.5235044","9414.369","114.0002","96.90019","1.011769","159.7489","414093.4","521784.5"
"740.5","640","73","999999","634.527777777778","CC","3638179","0.1480916","193936.7","1131058","51.17736","133964.6","9.41493","9.341954","2652","443253.8","133964.6","50918.4","60284.08","666450","1365550","0","0.3352265","701.8297","73.00014","62.05013","0.02262553","120.1617","484557.8","278903.8"
"","640","1568","999999","287.333333333333","CC","3641456","0.1737207","224888.9","734200","0","124047","11.93948","5.881533","1075","475230.2","124047","20640","55821.15","","","0","7.200481","250468.9","1568.003","1332.803","30.21964","25.76882","1199160","1.350031E-13"
"740.5","","4356","999999","1005.66666666667","CC","3652064","0.1541187","123373.6","2057150","63.04465","0","7.566065","9.607296","","","","","","666450","1365550","0","20.00338","285542.4","4356.009","3702.607","19.85723","152.8228","677399.9","212062.1"
"2221.5","640","871","999999","718.333333333333","LF","3657332","0.11806","74935.69","2688600","84.6076","47058.84","7.11788","10.89702","944","155123","47058.84","18124.8","21176.47","1999350","4096651","0","3.999757","284434.9","871.0018","740.3515","3.087825","234.6975","213729.7","774861.6"
"","640","1742","999999","574.666666666667","CC","3664203","0.1748058","216615.7","863900","0","102325.4","10.35995","7.161818","730","399369.9","102325.4","14016","46046.42","","","0","7.999515","333116.8","1742.004","1480.703","40.18744","34.27182","1292448","-5.400125E-13"
"","640","1742","999999","574.666666666667","CC","3664203","0.1748058","216615.7","863900","0","102325.4","10.35995","7.161818","730","399369.9","102325.4","14016","46046.42","","","0","7.999515","333116.8","1742.004","1480.703","40.18744","34.27182","1292448","-5.400125E-13"
"","640","1742","999999","287.333333333333","CC","3677280","0.1754297","224295.2","777700","0","118128.6","10.86091","6.082458","1007","453340.9","118128.6","19334.4","53157.89","","","0","7.999515","257808.5","1742.004","1480.703","31.11328","26.52394","1222675","-3.552714E-14"
"","640","1742","999999","287.333333333333","CC","3677280","0.1754297","224295.2","777700","0","118128.6","10.86091","6.082458","1007","453340.9","118128.6","19334.4","53157.89","","","0","7.999515","257808.5","1742.004","1480.703","31.11328","26.52394","1222675","-3.552714E-14"
"","640","1045","999999","862","CC","3678562","0.1754909","224537.5","775850","0","125933.3","11.13585","5.90482","896","491623.9","125933.3","17203.2","56669.99","","","0","4.79879","297705.7","1045.002","888.2518","35.88586","30.62865","1192443","-9.379164E-13"
"1481","640","1742","999999","287.333333333333","LF","3687920","0.1643542","122012.6","2110600","74.54436","54694.23","7.383169","11.23715","1067","181707.6","54694.23","20486.4","24612.4","1332900","2731101","0","7.999515","490129.4","1742.004","1480.703","1.090155","148.8529","260136.9","114275"
"1481","640","3485","999999","574.666666666667","CC","3689928","0.1362362","81792.81","2632550","76.60156","2871.316","6.940847","10.52541","34","10572.32","2871.316","652.8","1292.092","1332900","2731101","0","16.00362","248810.8","3485.007","2962.256","10.24341","193.9902","479654.5","473657.8"
"648.912340774429","640","","999999","469.209905574569","LF","3690762","0.1582897","209628.7","980784.1","44.88266","143110.4","9.470972","9.158953","2824","473939.6","143110.4","54220.8","64399.67","584021.1","1196654","","","","","","0","103.1915","520175.3","182165.4"
"648.912340774429","640","","999999","469.209905574569","CC","3690762","0.1582897","209628.7","980784.1","44.88266","143110.4","9.470972","9.158953","2824","473939.6","143110.4","54220.8","64399.67","584021.1","1196654","","","","","","0","103.1915","520175.3","182165.4"
"640.440571495977","640","","999999","457.729997070313","LF","3691855","0.1590174","210569.4","969715.5","44.33351","143392.7","9.516335","9.130416","2828","474948.3","143392.7","54297.6","64526.71","576396.5","1181032","","","","","","0","101.7112","524772.8","174443.7"
"640.440571495977","640","","999999","457.729997070313","CC","3691855","0.1590174","210569.4","969715.5","44.33351","143392.7","9.516335","9.130416","2828","474948.3","143392.7","54297.6","64526.71","576396.5","1181032","","","","","","0","101.7112","524772.8","174443.7"
"663.501631822834","640","","999999","488.503672544056","LF","3692442","0.1571901","208295.2","999702.6","45.74807","142823.5","9.359213","9.230403","2821","472864.5","142823.5","54163.2","64270.56","597151.4","1223558","","","","","","0","105.6464","512935","195609.3"
"663.501631822834","640","","999999","488.503672544056","CC","3692442","0.1571901","208295.2","999702.6","45.74807","142823.5","9.359213","9.230403","2821","472864.5","142823.5","54163.2","64270.56","597151.4","1223558","","","","","","0","105.6464","512935","195609.3"
"638.454240051692","640","","999999","479.362083604716","LF","3692816","0.158478","210280","974417.4","44.59996","143413.8","9.484452","9.136536","2828","475037.9","143413.8","54297.6","64536.23","574608.8","1177369","","","","","","0","102.5926","523544.3","181025.5"
"638.454240051692","640","","999999","479.362083604716","CC","3692816","0.158478","210280","974417.4","44.59996","143413.8","9.484452","9.136536","2828","475037.9","143413.8","54297.6","64536.23","574608.8","1177369","","","","","","0","102.5926","523544.3","181025.5"
"651.906517913069","640","","999999","431.218939549638","LF","3693116","0.1597064","210483.9","972081.6","44.18506","143031.8","9.473873","9.185461","2823","473653.5","143031.8","54201.6","64364.31","586715.9","1202176","","","","","","0","100.9987","524749.8","167306.2"
"651.906517913069","640","","999999","431.218939549638","CC","3693116","0.1597064","210483.9","972081.6","44.18506","143031.8","9.473873","9.185461","2823","473653.5","143031.8","54201.6","64364.31","586715.9","1202176","","","","","","0","100.9987","524749.8","167306.2"
"595.426458856789","640","","999999","415.792262944999","LF","3694973","0.1620477","214917.6","916621.5","41.66175","144629.4","9.774878","8.961035","2842","479531.9","144629.4","54566.4","65083.21","535883.8","1098021","","","","","","0","94.8623","549447.8","142348.1"
"595.426458856789","640","","999999","415.792262944999","CC","3694973","0.1620477","214917.6","916621.5","41.66175","144629.4","9.774878","8.961035","2842","479531.9","144629.4","54566.4","65083.21","535883.8","1098021","","","","","","0","94.8623","549447.8","142348.1"
"612.959917689018","640","","999999","464.350966479773","LF","3695136","0.1599831","212582.7","946969.2","43.26965","144156.8","9.606754","9.048791","2837","477764.2","144156.8","54470.4","64870.58","551663.9","1130355","","","","","","0","99.17249","535812.5","165188.6"
"612.959917689018","640","","999999","464.350966479773","CC","3695136","0.1599831","212582.7","946969.2","43.26965","144156.8","9.606754","9.048791","2837","477764.2","144156.8","54470.4","64870.58","551663.9","1130355","","","","","","0","99.17249","535812.5","165188.6"
"696.308528977564","640","","999999","453.606471952255","LF","3696860","0.1575761","207162.8","1018760","46.20398","142142","9.201201","9.383305","2813","470352.1","142142","54009.6","63963.91","626677.7","1284057","","","","","","0","106.393","505935.3","193327"
"696.308528977564","640","","999999","453.606471952255","CC","3696860","0.1575761","207162.8","1018760","46.20398","142142","9.201201","9.383305","2813","470352.1","142142","54009.6","63963.91","626677.7","1284057","","","","","","0","106.393","505935.3","193327"
"607.44140625","640","","999999","448.060416666667","LF","3696889","0.1607147","213480.5","937115.4","42.75238","144471.1","9.642313","9.03138","2842","478861.3","144471.1","54566.4","65012","546697.3","1120178","","","","","","0","97.81725","539784.1","157899.3"
"607.44140625","640","","999999","448.060416666667","CC","3696889","0.1607147","213480.5","937115.4","42.75238","144471.1","9.642313","9.03138","2842","478861.3","144471.1","54566.4","65012","546697.3","1120178","","","","","","0","97.81725","539784.1","157899.3"
"704.780298256015","640","","999999","465.086380456511","LF","3697413","0.1568286","206349.3","1029828","46.74134","142026.3","9.234573","9.416562","2812","469908.6","142026.3","53990.4","63911.82","634302.3","1299680","","","","","","0","107.9727","501379.2","202249.6"
"704.780298256015","640","","999999","465.086380456511","CC","3697413","0.1568286","206349.3","1029828","46.74134","142026.3","9.234573","9.416562","2812","469908.6","142026.3","53990.4","63911.82","634302.3","1299680","","","","","","0","107.9727","501379.2","202249.6"
"713.734042405688","640","","999999","477.219402524311","LF","3699021","0.1560803","205568.8","1041526","47.28479","141957.5","9.168888","9.457928","2812","469617.3","141957.5","53990.4","63880.89","642360.6","1316191","","","","","","0","109.619","496788.4","211789.9"
"713.734042405688","640","","999999","477.219402524311","CC","3699021","0.1560803","205568.8","1041526","47.28479","141957.5","9.168888","9.457928","2812","469617.3","141957.5","53990.4","63880.89","642360.6","1316191","","","","","","0","109.619","496788.4","211789.9"
"588.469750291338","640","","999999","384.476220304192","LF","3699638","0.1635803","216489.5","900965.6","40.56174","144830.9","9.796404","8.9662","2844","480292.3","144830.9","54604.8","65173.92","529622.8","1085193","","","","","","0","92.00372","559578.1","128028.4"
"588.469750291338","640","","999999","384.476220304192","CC","3699638","0.1635803","216489.5","900965.6","40.56174","144830.9","9.796404","8.9662","2844","480292.3","144830.9","54604.8","65173.92","529622.8","1085193","","","","","","0","92.00372","559578.1","128028.4"
"592.415745988392","640","","999999","474.127416604241","LF","3701342","0.1609091","214266.2","931412.4","42.3936","144767.1","9.620018","9.020788","2844","480021.9","144767.1","54604.8","65145.21","533174.2","1092469","","","","","","0","97.10738","545002.9","157891"
"592.415745988392","640","","999999","474.127416604241","CC","3701342","0.1609091","214266.2","931412.4","42.3936","144767.1","9.620018","9.020788","2844","480021.9","144767.1","54604.8","65145.21","533174.2","1092469","","","","","","0","97.10738","545002.9","157891"
"2031.23263888889","","3255","999999","845.438425925926","CC","3701616","0.110076","62357.29","2895491","82.18088","0","6.822784","10.53525","","","","","","1828109","3745780","0","14.94743","268216.6","3255.007","2766.756","12.59277","257.2895","463521.3","980397.4"
"569.745347005193","640","","999999","462.947899192661","LF","3703320","0.1621851","216256.9","907655.2","41.15513","145340.7","9.731543","8.941862","2849","482218","145340.7","54700.8","65403.32","512770.8","1050663","","","","","","0","94.03455","557160.4","144834.2"
"569.745347005193","640","","999999","462.947899192661","CC","3703320","0.1621851","216256.9","907655.2","41.15513","145340.7","9.731543","8.941862","2849","482218","145340.7","54700.8","65403.32","512770.8","1050663","","","","","","0","94.03455","557160.4","144834.2"
"740.5","640","","999999","501.0375","LF","3704315","0.1543317","203562.2","1072761","48.57586","141626.6","8.983983","9.586287","2809","468355.8","141626.6","53932.8","63731.98","666450","1365550","","","","","","0","113.5855","486427.3","235214.4"
"740.5","640","","999999","501.0375","CC","3704315","0.1543317","203562.2","1072761","48.57586","141626.6","8.983983","9.586287","2809","468355.8","141626.6","53932.8","63731.98","666450","1365550","","","","","","0","113.5855","486427.3","235214.4"
"694.00763774046","640","","999999","412.30542926974","LF","3707625","0.1600606","209114.1","1004299","44.91653","142258.1","9.125521","9.467162","2815","470750.3","142258.1","54048","64016.16","624606.9","1279814","","","","","","0","102.5644","516250.3","170359.1"
"694.00763774046","640","","999999","412.30542926974","CC","3707625","0.1600606","209114.1","1004299","44.91653","142258.1","9.125521","9.467162","2815","470750.3","142258.1","54048","64016.16","624606.9","1279814","","","","","","0","102.5644","516250.3","170359.1"
"740.5","640","","999999","574.666666666667","LF","3710850","0.151979","202359","1094850","49.54862","141626.6","8.839067","9.642769","2809","468355.8","141626.6","53932.8","63731.98","666450","1365550","","","","","","0","117.4611","484544.9","267282.4"
"740.5","640","","999999","574.666666666667","CC","3710850","0.151979","202359","1094850","49.54862","141626.6","8.839067","9.642769","2809","468355.8","141626.6","53932.8","63731.98","666450","1365550","","","","","","0","117.4611","484544.9","267282.4"
"694.21875","640","","999999","401.069444444444","CC","3711811","0.1608083","209684","1001118","44.53026","142257.1","9.084378","9.506257","2815","470745.8","142257.1","54048","64015.68","624796.9","1280203","","","","","","0","101.4532","519672","164041.9"
"564.746953125","640","","999999","484.875","LF","3712498","0.1625722","216806","909734.8","40.98848","145567.8","9.599063","9.010389","2852","483039.5","145567.8","54758.4","65505.52","508272.3","1041445","","","","","","0","93.73654","559377.5","144995.5"
"564.746953125","640","","999999","484.875","CC","3712498","0.1625722","216806","909734.8","40.98848","145567.8","9.599063","9.010389","2852","483039.5","145567.8","54758.4","65505.52","508272.3","1041445","","","","","","0","93.73654","559377.5","144995.5"
"764.367569079361","640","","999999","466.002815169591","LF","3715443","0.1557553","203574.4","1083732","48.42175","141237.5","8.803732","9.758232","2804","466941.3","141237.5","53836.8","63556.87","687930.8","1409564","","","","","","0","112.5732","484800.6","223770.8"
"764.367569079361","640","","999999","466.002815169591","CC","3715443","0.1557553","203574.4","1083732","48.42175","141237.5","8.803732","9.758232","2804","466941.3","141237.5","53836.8","63556.87","687930.8","1409564","","","","","","0","112.5732","484800.6","223770.8"
"592.249575259267","640","","999999","346.275253263228","LF","3715453","0.1655583","218336.3","892907.2","39.27124","144888.5","9.605586","9.127237","2844","480536","144888.5","54604.8","65199.8","533024.6","1092163","","","","","","0","88.82063","573705.7","114516"
"592.249575259267","640","","999999","346.275253263228","CC","3715453","0.1655583","218336.3","892907.2","39.27124","144888.5","9.605586","9.127237","2844","480536","144888.5","54604.8","65199.8","533024.6","1092163","","","","","","0","88.82063","573705.7","114516"
"748.513176035878","640","","999999","428.619139731472","LF","3723038","0.1584994","206133.2","1058248","46.85457","141576.3","8.807732","9.777411","2809","468142.6","141576.3","53932.8","63709.35","673661.9","1380327","","","","","","0","107.8147","497509.4","195531"
"748.513176035878","640","","999999","428.619139731472","CC","3723038","0.1584994","206133.2","1058248","46.85457","141576.3","8.807732","9.777411","2809","468142.6","141576.3","53932.8","63709.35","673661.9","1380327","","","","","","0","107.8147","497509.4","195531"
"476.465987244892","640","","999999","424.330871441556","LF","3726980","0.1676962","225477.3","812118.6","35.41869","148461.8","9.945506","8.725721","2872","494364.8","148461.8","55142.4","66807.79","428819.4","878647.3","","","","","","0","80.8196","615897.9","97701.96"
"476.465987244892","640","","999999","424.330871441556","CC","3726980","0.1676962","225477.3","812118.6","35.41869","148461.8","9.945506","8.725721","2872","494364.8","148461.8","55142.4","66807.79","428819.4","878647.3","","","","","","0","80.8196","615897.9","97701.96"
"435.232952839098","640","","999999","303.754239603379","LF","3729839","0.1704567","231367.2","738835.9","31.24249","150621.5","10.48554","8.456467","2885","502907.2","150621.5","55392","67779.69","391709.7","802609.7","","","","","","0","71.83351","660899.9","71157.11"
"435.232952839098","640","","999999","303.754239603379","CC","3729839","0.1704567","231367.2","738835.9","31.24249","150621.5","10.48554","8.456467","2885","502907.2","150621.5","55392","67779.69","391709.7","802609.7","","","","","","0","71.83351","660899.9","71157.11"
"740.5","640","","999999","646.5","LF","3731604","0.1518071","202297.5","1116400","49.88597","141626.6","8.542355","9.818737","2809","468355.8","141626.6","53932.8","63731.98","666450","1365550","","","","","","0","118.9125","484544.9","279996.8"
"740.5","640","","999999","646.5","CC","3731604","0.1518071","202297.5","1116400","49.88597","141626.6","8.542355","9.818737","2809","468355.8","141626.6","53932.8","63731.98","666450","1365550","","","","","","0","118.9125","484544.9","279996.8"
"","640","784","999999","143.666666666667","CC","3732848","0.1780807","250454","495100","0","153164.2","14.64151","5.376639","1992","555588.7","153164.2","38246.4","68923.91","","","0","3.600241","107811.7","784.0016","666.4013","13.0065","11.09192","1095254","8.526513E-14"
"740.5","640","","999999","395.083333333333","LF","3733018","0.1609851","208241.3","1040975","45.44522","141631.7","8.744837","9.852215","2809","468377.3","141631.7","53932.8","63734.27","666450","1365550","","","","","","0","103.6847","510193.3","172271.3"
"740.5","640","","999999","395.083333333333","CC","3733018","0.1609851","208241.3","1040975","45.44522","141631.7","8.744837","9.852215","2809","468377.3","141631.7","53932.8","63734.27","666450","1365550","","","","","","0","103.6847","510193.3","172271.3"
"708.900746003691","640","","999999","365.817234162123","LF","3734616","0.1632445","211244","1003756","43.45112","142042.6","8.863516","9.775963","2812","469977.6","142042.6","53990.4","63919.15","638010.7","1307278","","","","","","0","98.442","530750.9","148201.7"
"708.900746003691","640","","999999","365.817234162123","CC","3734616","0.1632445","211244","1003756","43.45112","142042.6","8.863516","9.775963","2812","469977.6","142042.6","53990.4","63919.15","638010.7","1307278","","","","","","0","98.442","530750.9","148201.7"
"449.021367963669","640","","999999","400.305106483401","LF","3734948","0.169258","228561.8","780210.8","33.46753","149734.6","10.06099","8.649344","2881","499336.4","149734.6","55315.2","67380.58","404119.2","828036.8","","","","","","0","76.63329","636338.3","85480.17"
"449.021367963669","640","","999999","400.305106483401","CC","3734948","0.169258","228561.8","780210.8","33.46753","149734.6","10.06099","8.649344","2881","499336.4","149734.6","55315.2","67380.58","404119.2","828036.8","","","","","","0","76.63329","636338.3","85480.17"
"","640","1568","999999","862","CC","3735174","0.1781916","218802.5","906600","0","105120.6","9.193299","7.963442","750","410276.7","105120.6","14400","47304.26","","","0","7.200481","328873.4","1568.003","1332.803","39.66754","33.83526","1280571","-5.435652E-13"
"484.383338765814","640","","999999","462.027731381553","LF","3737278","0.1677371","224847.8","830553.3","35.9894","148148.2","9.654459","8.889804","2870","493129.9","148148.2","55104","66666.7","435945","893247.6","","","","","","0","82.09296","610092.6","102031.6"
"484.383338765814","640","","999999","462.027731381553","CC","3737278","0.1677371","224847.8","830553.3","35.9894","148148.2","9.654459","8.889804","2870","493129.9","148148.2","55104","66666.7","435945","893247.6","","","","","","0","82.09296","610092.6","102031.6"
"1481","","3485","999999","1953.86666666667","CC","3746874","0.1101333","73994.43","2790310","79.68269","0","6.690448","10.33855","","","","","","1332900","2731101","0","16.00362","251018.3","3485.007","2962.256","16.09597","256.3271","534689.4","1010771"
"397.751952336669","640","","999999","352.26821263986","LF","3751799","0.1720127","234549.4","719657.3","29.59615","152437.6","10.28104","8.50977","2896","510087.2","152437.6","55603.2","68596.94","357976.8","733491.3","","","","","","0","68.60651","677759.7","65722.11"
"397.751952336669","640","","999999","352.26821263986","CC","3751799","0.1720127","234549.4","719657.3","29.59615","152437.6","10.28104","8.50977","2896","510087.2","152437.6","55603.2","68596.94","357976.8","733491.3","","","","","","0","68.60651","677759.7","65722.11"
"740.5","640","","999999","718.333333333333","LF","3759348","0.1527831","202776.6","1137950","49.93599","141626.6","8.178741","10.05376","2809","468355.8","141626.6","53932.8","63731.98","666450","1365550","","","","","","0","119.1294","484544.9","281896.7"
"740.5","640","","999999","718.333333333333","CC","3759348","0.1527831","202776.6","1137950","49.93599","141626.6","8.178741","10.05376","2809","468355.8","141626.6","53932.8","63731.98","666450","1365550","","","","","","0","119.1294","484544.9","281896.7"
"","640","1742","999999","862","CC","3761092","0.1794281","217442.6","950100","0","97882.45","8.521071","8.765999","695","382184.4","97882.45","13344","44047.1","","","0","7.999515","338403.2","1742.004","1480.703","40.82473","34.81571","1310745","-5.400125E-13"
"","640","1742","999999","862","CC","3761092","0.1794281","217442.6","950100","0","97882.45","8.521071","8.765999","695","382184.4","97882.45","13344","44047.1","","","0","7.999515","338403.2","1742.004","1480.703","40.82473","34.81571","1310745","-5.400125E-13"
"967.278125","640","","999999","602.502083333333","LF","3766538","0.143769","190232.8","1307301","55.86309","138533.4","7.683424","10.66317","2765","457312.3","138533.4","53088","62340.02","870550.3","1783750","","","","","","0","139.4868","437153.8","405103.5"
"967.278125","640","","999999","602.502083333333","CC","3766538","0.143769","190232.8","1307301","55.86309","138533.4","7.683424","10.66317","2765","457312.3","138533.4","53088","62340.02","870550.3","1783750","","","","","","0","139.4868","437153.8","405103.5"
"","640","154","999999","333.725694444444","CC","3774376","0.1800618","261439.1","394617.7","0","159235.8","17.89956","5.131069","2354","564330.8","159235.8","45196.8","71656.13","","","0","0.7071902","49005.27","154.0003","130.9003","5.906079","5.041776","1090538","-8.526513E-14"
"904.066818990702","640","","999999","443.32522149989","LF","3781774","0.1564641","199505.9","1202658","50.65087","139318.6","7.727775","10.72681","2777","460076.8","139318.6","53318.4","62693.39","813660.1","1667183","","","","","","0","118.4396","462590.8","248205.2"
"904.066818990702","640","","999999","443.32522149989","CC","3781774","0.1564641","199505.9","1202658","50.65087","139318.6","7.727775","10.72681","2777","460076.8","139318.6","53318.4","62693.39","813660.1","1667183","","","","","","0","118.4396","462590.8","248205.2"
"740.5","640","","999999","790.166666666667","CC","3788317","0.15396","203350.5","1159500","49.93613","141626.6","7.813618","10.29939","2809","468355.8","141626.6","53932.8","63731.98","666450","1365550","","","","","","0","119.13","484544.9","281901.8"
"387.134862203314","640","","999999","441.80116971233","LF","3796808","0.1744153","236692.5","736961.8","28.77712","153155.1","9.281833","9.050687","2901","512892.9","153155.1","55699.2","68919.8","348421.4","713912.4","","","","","","0","66.98392","686436.6","62442.34"
"387.134862203314","640","","999999","441.80116971233","CC","3796808","0.1744153","236692.5","736961.8","28.77712","153155.1","9.281833","9.050687","2901","512892.9","153155.1","55699.2","68919.8","348421.4","713912.4","","","","","","0","66.98392","686436.6","62442.34"
"773.130353076718","640","","999999","331.165100373585","LF","3798986","0.1666397","212555.8","1051167","42.67571","141553.3","7.894319","10.63799","2803","468326.7","141553.3","53817.6","63699","695817.3","1425724","","","","","","0","96.4782","542584","142026.5"
"773.130353076718","640","","999999","331.165100373585","CC","3798986","0.1666397","212555.8","1051167","42.67571","141553.3","7.894319","10.63799","2803","468326.7","141553.3","53817.6","63699","695817.3","1425724","","","","","","0","96.4782","542584","142026.5"
"740.5","640","","999999","862","LF","3817289","0.1551375","203924.6","1181050","49.93613","141626.6","7.460021","10.54505","2809","468355.8","141626.6","53932.8","63731.98","666450","1365550","","","","","","0","119.13","484544.9","281901.8"
"740.5","640","","999999","862","CC","3817289","0.1551375","203924.6","1181050","49.93613","141626.6","7.460021","10.54505","2809","468355.8","141626.6","53932.8","63731.98","666450","1365550","","","","","","0","119.13","484544.9","281901.8"
"1110.75","640","","999999","646.5","LF","3821526","0.1389408","183476.9","1449625","59.05807","136881.7","6.984957","11.34241","2738","451579.8","136881.7","52569.6","61596.76","999675","2048326","","","","","","0","153.4987","419504.4","506141.3"
"1110.75","640","","999999","646.5","CC","3821526","0.1389408","183476.9","1449625","59.05807","136881.7","6.984957","11.34241","2738","451579.8","136881.7","52569.6","61596.76","999675","2048326","","","","","","0","153.4987","419504.4","506141.3"
"370.25","640","","999999","484.875","LF","3826184","0.1763549","239140.8","734687.5","27.43904","154119.2","8.721346","9.370097","2904","516837.7","154119.2","55756.8","69353.63","333225","682775.1","","","","","","0","64.27252","700935.3","56807.59"
"370.25","640","","999999","484.875","CC","3826184","0.1763549","239140.8","734687.5","27.43904","154119.2","8.721346","9.370097","2904","516837.7","154119.2","55756.8","69353.63","333225","682775.1","","","","","","0","64.27252","700935.3","56807.59"
"1110.75","640","","999999","558.504166666667","LF","3841898","0.1455842","187094.8","1423226","57.324","136881.7","6.831827","11.56651","2738","451579.8","136881.7","52569.6","61596.76","999675","2048326","","","","","","0","143.642","419584.5","419876.9"
"1110.75","640","","999999","558.504166666667","CC","3841898","0.1455842","187094.8","1423226","57.324","136881.7","6.831827","11.56651","2738","451579.8","136881.7","52569.6","61596.76","999675","2048326","","","","","","0","143.642","419584.5","419876.9"
"1481","640","1742","999999","287.333333333333","CC","3842200","0.1669241","133946.8","2110600","54.81815","49581.17","6.437131","10.75342","800","172569.5","49581.17","15360","22311.53","1332900","2731101","0","7.999515","206217.4","1742.004","1480.703","12.34865","124.4193","631900.8","159048"
"370.25","640","","999999","558.504166666667","LF","3855881","0.1777236","239729.3","756776.3","27.43904","154119.2","8.021687","9.802474","2904","516837.7","154119.2","55756.8","69353.63","333225","682775.1","","","","","","0","64.27252","700935.3","56807.59"
"370.25","640","","999999","558.504166666667","CC","3855881","0.1777236","239729.3","756776.3","27.43904","154119.2","8.021687","9.802474","2904","516837.7","154119.2","55756.8","69353.63","333225","682775.1","","","","","","0","64.27252","700935.3","56807.59"
"466.361859875681","640","2326","999999","603.442544696457","LF","3872147","0.1842183","188271.9","1438258","48.54067","96914.66","6.665899","10.50208","1864","323225.1","96914.66","35788.8","43611.6","419725.7","860014.3","0","10.68133","205210","2326.005","1977.104","4.391864","94.71901","513471.5","4469.429"
"1110.75","640","","999999","484.875","LF","3874411","0.153024","191318.6","1401138","55.17662","136881.7","6.561476","11.91584","2738","451579.8","136881.7","52569.6","61596.76","999675","2048326","","","","","","0","133.4219","426301.5","337066"
"1110.75","640","","999999","484.875","CC","3874411","0.153024","191318.6","1401138","55.17662","136881.7","6.561476","11.91584","2738","451579.8","136881.7","52569.6","61596.76","999675","2048326","","","","","","0","133.4219","426301.5","337066"
"1481","640","3485","999999","287.333333333333","LF","3875224","0.1734309","102794.2","2546350","82.62633","37526.08","6.186115","10.73261","719","125284.4","37526.08","13804.8","16886.73","1332900","2731101","0","16.00362","628683.6","3485.007","2962.256","0.1401396","163.1783","175009.7","106975.2"
"1481","640","5227","999999","862","LF","3889703","0.1412296","56890.53","3154250","98.8437","3627.34","6.065218","10.75535","59","12602.96","3627.34","1132.8","1632.303","1332900","2731101","0","24.00314","653498.4","5227.01","4442.959","0.1364528","240.5359","12031.81","509003.2"
"370.25","640","","999999","646.5","LF","3891372","0.1793595","240432.6","783175","27.43904","154119.2","7.239871","10.31922","2904","516837.7","154119.2","55756.8","69353.63","333225","682775.1","","","","","","0","64.27252","700935.3","56807.59"
"370.25","640","","999999","646.5","CC","3891372","0.1793595","240432.6","783175","27.43904","154119.2","7.239871","10.31922","2904","516837.7","154119.2","55756.8","69353.63","333225","682775.1","","","","","","0","64.27252","700935.3","56807.59"
"","640","2614","999999","431","CC","3898329","0.1859752","221197.1","1038800","0","86474.32","6.484379","10.18096","620","337359.5","86474.32","11904","38913.44","","","0","12.00386","362090.3","2614.005","2221.905","43.69835","37.25269","1360720","-1.421085E-13"
"1481","640","5227","999999","574.666666666667","LF","3916024","0.1565689","65594.53","3068050","98.54353","4896.915","5.973633","10.81858","85","16762.96","4896.915","1632","2203.612","1332900","2731101","0","24.00314","653663.4","5227.01","4442.959","0.1364528","217.7887","11416.01","313281.5"
"740.5","","4356","999999","1637.8","CC","3924121","0.1642261","129748.9","2246790","62.22651","0","5.972736","10.33624","","","","","","666450","1365550","0","20.00338","285777.9","4356.009","3702.607","22.32118","154.7935","698187.8","227181"
"839.02038506006","640","","999999","268.219092522671","LF","3928900","0.1742484","219478.8","1091584","38.44841","142559.6","6.223176","12.44952","2791","473154","142559.6","53587.2","64151.8","755118.4","1547231","","","","","","0","87.00936","600406.1","122695.1"
"839.02038506006","640","","999999","268.219092522671","CC","3928900","0.1742484","219478.8","1091584","38.44841","142559.6","6.223176","12.44952","2791","473154","142559.6","53587.2","64151.8","755118.4","1547231","","","","","","0","87.00936","600406.1","122695.1"
"","640","871","999999","107.75","CC","3938774","0.1879043","265534.3","506075","0","158168.3","6.574145","5.602348","2307","562012.4","158168.3","44294.4","71175.74","","","0","3.999757","58506.15","871.0018","740.3515","7.092461","6.019248","1102147","2.612827"
"163.703625660212","640","","999999","387.615448943662","LF","3958231","0.1880301","265991.8","519617.9","9.160486","169646.4","6.00656","11.1121","2920","581886.9","169646.4","56064","76340.88","147333.3","301884.6","","","","","","0","28.9339","897335.1","6922.304"
"163.703625660212","640","","999999","387.615448943662","CC","3958231","0.1880301","265991.8","519617.9","9.160486","169646.4","6.00656","11.1121","2920","581886.9","169646.4","56064","76340.88","147333.3","301884.6","","","","","","0","28.9339","897335.1","6922.304"
"","640","","999999","","CC","3961248","0.1889768","286617.2","256000","0","183394.7","","","2920","640148.3","183394.7","56064","82527.6","","","","","","","","","","1085612","0"
"","640","","999999","","CC","3961248","0.1889768","286617.2","256000","0","183394.7","","","2920","640148.3","183394.7","56064","82527.6","","","","","","","","","","1085612","0"
"","640","","999999","","CC","3961248","0.1889768","286617.2","256000","0","183394.7","","","2920","640148.3","183394.7","56064","82527.6","","","","","","","","","","1085612","0"
"","640","","999999","","LF","3961248","0.1889768","286617.2","256000","0","183394.7","","","2920","640148.3","183394.7","56064","82527.6","","","","","","","","","","1085612","0"
"","640","","999999","","LF","3961248","0.1889768","286617.2","256000","0","183394.7","","","2920","640148.3","183394.7","56064","82527.6","","","","","","","","","","1085612","0"
"","640","","999999","","LF","3961248","0.1889768","286617.2","256000","0","183394.7","","","2920","640148.3","183394.7","56064","82527.6","","","","","","","","","","1085612","0"
"","640","","999999","","CC","3961248","0.1889768","286617.2","256000","0","183394.7","","","2920","640148.3","183394.7","56064","82527.6","","","","","","","","","","1085612","0"
"","640","","999999","","LF","3961248","0.1889768","286617.2","256000","0","183394.7","","","2920","640148.3","183394.7","56064","82527.6","","","","","","","","","","1085612","0"
"","640","","999999","","CC","3961248","0.1889768","286617.2","256000","0","183394.7","","","2920","640148.3","183394.7","56064","82527.6","","","","","","","","","","1085612","0"
"","640","27","999999","4.48958333333333","LF","3967559","0.1892779","286479","264096.9","0","183155.1","","","2920","639133.3","183155.1","56064","82419.81","","","0","0.1239879","5354.591","27.00005","22.95005","0.6431819","0.5508928","1081802","0"
"","640","54","999999","8.97916666666667","LF","3974058","0.1895879","286355.4","272193.8","0","182927.8","","","2920","638169.9","182927.8","56064","82317.52","","","0","0.2479758","10552.18","54.00011","45.90009","1.267471","1.085632","1078081","0"
"1481","640","","999999","862","LF","3979176","0.123373","164894.5","1847500","66.45505","133773.6","5.724678","10.90666","2686","440848.8","133773.6","51571.2","60198.12","1332900","2731101","","","","","","0","199.017","396073.8","873460.4"
"1481","640","","999999","862","LF","3979176","0.123373","164894.5","1847500","66.45505","133773.6","5.724678","10.90666","2686","440848.8","133773.6","51571.2","60198.12","1332900","2731101","","","","","","0","199.017","396073.8","873460.4"
"1481","640","","999999","862","CC","3979176","0.123373","164894.5","1847500","66.45505","133773.6","5.724678","10.90666","2686","440848.8","133773.6","51571.2","60198.12","1332900","2731101","","","","","","0","199.017","396073.8","873460.4"
"1481","640","","999999","862","CC","3979176","0.123373","164894.5","1847500","66.45505","133773.6","5.724678","10.90666","2686","440848.8","133773.6","51571.2","60198.12","1332900","2731101","","","","","","0","199.017","396073.8","873460.4"
"","640","109","999999","17.9583333333333","LF","3987902","0.1902484","286154.3","288637.5","0","182518","","","2920","636433.4","182518","56064","82133.11","","","0","0.5005437","20576.54","109.0002","92.65018","2.471389","2.116962","1070783","0"
"","640","2614","999999","718.333333333333","CC","3988417","0.1902729","221497.8","1125000","0","80059.73","5.301955","10.4185","568","312616.5","80059.73","10905.6","36026.88","","","0","12.00386","363960.5","2614.005","2221.905","43.93505","37.4451","1385960","-5.968559E-13"
"1481","","3485","999999","2586","CC","4001720","0.117599","79038.41","2979950","79.67958","0","5.640661","10.74358","","","","","","1332900","2731101","0","16.00362","251018.3","3485.007","2962.256","16.14038","256.4156","534885.3","1011333"
"1481","640","","999999","718.333333333333","LF","4014879","0.1321541","170990.3","1804400","64.38699","133773.6","5.475678","13.18965","2686","440848.8","133773.6","51571.2","60198.12","1332900","2731101","","","","","","0","182.4781","396073.8","728579.5"
"1481","640","","999999","718.333333333333","CC","4014879","0.1321541","170990.3","1804400","64.38699","133773.6","5.475678","13.18965","2686","440848.8","133773.6","51571.2","60198.12","1332900","2731101","","","","","","0","182.4781","396073.8","728579.5"
"","640","871","999999","143.666666666667","LF","4018761","0.1917205","270888.1","516850","0","161584.1","2.789173","10.39413","2500","567430.8","161584.1","48000","72712.86","","","0","3.999757","63665.93","871.0018","740.3515","7.624251","6.550098","1066962","-9.592327E-14"
"","640","218","999999","35.9166666666667","LF","4019082","0.1917358","286041.5","321275","0","181988.6","","","2920","634189.7","181988.6","56064","81894.86","","","0","1.001087","37368.76","218.0004","185.3004","4.48741","3.844585","1057892","-2.4869E-14"
"","640","436","999999","71.8333333333333","LF","4021299","0.1918416","281163.8","386550","0","176450.8","0.2947206","20.44294","2818","615508.8","176450.8","54105.6","79402.88","","","0","2.002175","62801.64","436.0009","370.6007","7.538572","6.461179","1042390","-9.592327E-14"
"1481","640","","999999","574.666666666667","LF","4079284","0.1460366","179306.2","1761300","61.26726","133773.6","5.004298","13.9469","2686","440848.8","133773.6","51571.2","60198.12","1332900","2731101","","","","","","0","160.8702","396073.8","539294.4"
"1481","640","","999999","574.666666666667","LF","4079284","0.1460366","179306.2","1761300","61.26726","133773.6","5.004298","13.9469","2686","440848.8","133773.6","51571.2","60198.12","1332900","2731101","","","","","","0","160.8702","396073.8","539294.4"
"1481","640","","999999","574.666666666667","CC","4079284","0.1460366","179306.2","1761300","61.26726","133773.6","5.004298","13.9469","2686","440848.8","133773.6","51571.2","60198.12","1332900","2731101","","","","","","0","160.8702","396073.8","539294.4"
"1481","640","","999999","574.666666666667","CC","4079284","0.1460366","179306.2","1761300","61.26726","133773.6","5.004298","13.9469","2686","440848.8","133773.6","51571.2","60198.12","1332900","2731101","","","","","","0","160.8702","396073.8","539294.4"
"2962","640","1742","999999","862","LF","4099067","0.1187529","37375.06","3615900","94.73309","17798.54","5.428242","13.78179","355","58766.11","17798.54","6816","8009.343","2665800","5462201","0","7.999515","496297","1742.004","1480.703","0.7206835","289.5096","81864.99","1048621"
"740.5","640","","999999","143.666666666667","LF","4127698","0.1927443","244606","965550","22.12762","155797.2","3.2502","15.44782","2809","528406.9","155797.2","53932.8","70108.76","666450","1365550","","","","","","0","52.47377","761608.1","35107.64"
"740.5","640","","999999","143.666666666667","CC","4127698","0.1927443","244606","965550","22.12762","155797.2","3.2502","15.44782","2809","528406.9","155797.2","53932.8","70108.76","666450","1365550","","","","","","0","52.47377","761608.1","35107.64"
"2221.5","","4356","999999","1637.8","CC","4139692","0.09454652","43318.6","3579690","86.55702","0","5.235583","11.4325","","","","","","1999350","4096651","0","20.00338","266541.6","4356.009","3702.607","12.0715","347.3682","455305.7","1766223"
"272.780572289157","640","1857","999999","718.333333333333","LF","4149803","0.1979721","229630.4","1181253","28.50547","124390","3.434281","10.9262","2217","423092.8","124390","42566.4","55975.51","245502.5","503032.5","0","8.527611","111492.6","1857.004","1578.453","5.739186","58.80463","736168.2","4.760636E-14"
"2962","640","1742","999999","862","CC","4189793","0.1126398","44393.14","3615900","81.76089","10432.25","5.115785","13.11831","74","40736.41","10432.25","1420.8","4694.514","2665800","5462201","0","7.999515","212501.4","1742.004","1480.703","15.54843","284.9179","484057.8","1255834"
"2962","","3485","999999","1953.86666666667","CC","4209714","0.07889158","6691.42","4123210","88.81713","0","5.133316","12.01334","","","","","","2665800","5462201","0","16.00362","259465.6","3485.007","2962.256","13.48553","432.6991","461593.8","2506840"
"1481","640","5227","999999","862","CC","4247535","0.138496","84570.4","3154250","81.62048","2529.131","4.76397","11.95051","17","9920","2529.131","326.4","1138.109","1332900","2731101","0","24.00314","280197.9","5227.01","4442.959","8.040931","229.5086","426112.7","750914.4"
"","640","3485","999999","287.333333333333","CC","4262639","0.203355","235868.1","1213450","0","102393.4","2.107719","11.09778","784","397124.2","102393.4","15052.8","46077.04","","","0","16.00362","280537.9","3485.007","2962.256","33.95317","28.86239","1284594","-3.126388E-13"
"","640","3485","999999","287.333333333333","CC","4262639","0.203355","235868.1","1213450","0","102393.4","2.107719","11.09778","784","397124.2","102393.4","15052.8","46077.04","","","0","16.00362","280537.9","3485.007","2962.256","33.95317","28.86239","1284594","-3.126388E-13"
"","640","3485","999999","574.666666666667","CC","4268094","0.2036153","229622.1","1299650","0","77830.64","2.395876","11.86758","532","304859.6","77830.64","10214.4","35023.79","","","0","16.00362","377369.5","3485.007","2962.256","45.59203","38.82465","1396911","-5.684342E-13"
"","640","3485","999999","574.666666666667","CC","4268094","0.2036153","229622.1","1299650","0","77830.64","2.395876","11.86758","532","304859.6","77830.64","10214.4","35023.79","","","0","16.00362","377369.5","3485.007","2962.256","45.59203","38.82465","1396911","-5.684342E-13"
"2962","640","1742","999999","574.666666666667","LF","4314112","0.1528635","60677.69","3529700","93.37495","19068.12","4.709448","15.3776","381","62926.11","19068.12","7315.2","8580.652","2665800","5462201","0","7.999515","496173.2","1742.004","1480.703","0.7206835","233.4599","81704.99","561626.6"
"1481","640","5227","999999","574.666666666667","CC","4326648","0.1617644","97358.04","3068050","79.3729","4243.413","4.426584","12.44675","42","16011.47","4243.413","806.4","1909.536","1332900","2731101","0","24.00314","277126.9","5227.01","4442.959","6.137688","193.9264","410756.4","447499"
"2962","","3485","999999","2586","CC","4333748","0.07700393","1616.555","4312850","89.1372","0","4.829707","12.24821","","","","","","2665800","5462201","0","16.00362","246273.9","3485.007","2962.256","13.35751","457.0471","472909","2732017"
"2962","640","3485","999999","862","LF","4370132","0.1287142","24635.97","4051650","99.4505","1833.229","4.691019","13.23412","31","6313.97","1833.229","595.2","824.9528","2665800","5462201","0","16.00362","619128.1","3485.007","2962.256","0.05704489","298.2244","8117.857","1004884"
"","640","3485","999999","862","CC","4373827","0.2086595","231133.1","1385850","0","73305.17","1.56708","13.60362","511","286667.3","73305.17","9811.2","32987.33","","","0","16.00362","379706.5","3485.007","2962.256","45.82141","39.06508","1415112","-4.831691E-13"
"","640","3485","999999","862","CC","4373827","0.2086595","231133.1","1385850","0","73305.17","1.56708","13.60362","511","286667.3","73305.17","9811.2","32987.33","","","0","16.00362","379706.5","3485.007","2962.256","45.82141","39.06508","1415112","-4.831691E-13"
"1481","","5227","999999","1953.86666666667","CC","4390873","0.131385","90122.73","3225810","81.83643","0","4.197309","11.84704","","","","","","1332900","2731101","0","24.00314","280614.2","5227.01","4442.959","11.96678","254.1051","469560.1","964202.4"
"1481","640","","999999","287.333333333333","LF","4400129","0.1890464","210792.9","1675100","44.78222","135413.1","2.335421","20.06769","2686","447796.6","135413.1","51571.2","60935.89","1332900","2731101","","","","","","0","101.7884","546373.8","178985.1"
"1481","640","","999999","287.333333333333","LF","4400129","0.1890464","210792.9","1675100","44.78222","135413.1","2.335421","20.06769","2686","447796.6","135413.1","51571.2","60935.89","1332900","2731101","","","","","","0","101.7884","546373.8","178985.1"
"1481","640","","999999","287.333333333333","CC","4400129","0.1890464","210792.9","1675100","44.78222","135413.1","2.335421","20.06769","2686","447796.6","135413.1","51571.2","60935.89","1332900","2731101","","","","","","0","101.7884","546373.8","178985.1"
"1481","640","","999999","287.333333333333","CC","4400129","0.1890464","210792.9","1675100","44.78222","135413.1","2.335421","20.06769","2686","447796.6","135413.1","51571.2","60935.89","1332900","2731101","","","","","","0","101.7884","546373.8","178985.1"
"","640","1742","999999","287.333333333333","LF","4422542","0.2109835","281944.5","777700","0","161343.6","","","2495","566646.1","161343.6","47904","72604.63","","","0","7.999515","63786.85","1742.004","1480.703","7.602118","6.562539","1067434","-9.592327E-14"
"","640","1742","999999","287.333333333333","LF","4422542","0.2109835","281944.5","777700","0","161343.6","","","2495","566646.1","161343.6","47904","72604.63","","","0","7.999515","63786.85","1742.004","1480.703","7.602118","6.562539","1067434","-9.592327E-14"
"1481","640","3485","999999","287.333333333333","CC","4427620","0.1931096","145524.5","2546350","57.3709","42179.9","3.543251","13.78157","702","145803.8","42179.9","13478.4","18980.96","1332900","2731101","0","16.00362","215381.9","3485.007","2962.256","7.403889","123.9488","610258.4","152114.1"
"2962","640","1742","999999","574.666666666667","CC","4442017","0.1482324","70571.72","3529700","77.67295","12723.55","4.273618","16.48186","111","48709.97","12723.55","2131.2","5725.597","2665800","5462201","0","7.999515","210988.5","1742.004","1480.703","14.17925","220.4615","468841.4","696578.1"
"","640","1742","999999","574.666666666667","LF","4538431","0.2165121","284241.1","863900","0","161343.6","","","2495","566646.1","161343.6","47904","72604.63","","","0","7.999515","63786.85","1742.004","1480.703","7.602118","6.562539","1067434","-9.592327E-14"
"","640","1742","999999","574.666666666667","LF","4538431","0.2165121","284241.1","863900","0","161343.6","","","2495","566646.1","161343.6","47904","72604.63","","","0","7.999515","63786.85","1742.004","1480.703","7.602118","6.562539","1067434","-9.592327E-14"
"1481","640","5227","999999","287.333333333333","LF","4548565","0.2036955","121192.2","2981850","83.27472","36184.48","3.394928","13.42238","700","120490.7","36184.48","13440","16283.01","1332900","2731101","0","24.00314","639563.6","5227.01","4442.959","0.01083585","164.2166","168411.7","105871.9"
"2221.5","640","","999999","718.333333333333","LF","4570890","0.139339","162447.3","2470850","68.28825","129406.9","2.756481","19.51065","2608","426004.4","129406.9","50073.6","58233.12","1999350","4096651","","","","","","0","207.1153","378693.7","916071.6"
"2221.5","640","","999999","718.333333333333","CC","4570890","0.139339","162447.3","2470850","68.28825","129406.9","2.756481","19.51065","2608","426004.4","129406.9","50073.6","58233.12","1999350","4096651","","","","","","0","207.1153","378693.7","916071.6"
"2962","640","3485","999999","574.666666666667","LF","4571217","0.1635928","46858.71","3965450","99.13985","3102.804","4.072976","17.80602","57","10473.97","3102.804","1094.4","1396.262","2665800","5462201","0","16.00362","618826.8","3485.007","2962.256","0.05704489","244.6828","8117.857","540018.8"
"2962","640","3485","999999","574.666666666667","CC","4576072","0.1637239","47234.3","3965450","98.84062","4722.466","4.059315","17.84164","48","17760","4722.466","921.6","2125.11","2665800","5462201","0","16.00362","627360.2","3485.007","2962.256","1.275873","245.2909","7306.458","540582"
"1481","","5227","999999","2586","CC","4647775","0.1389974","95325.75","3415450","81.76911","0","3.351068","12.7704","","","","","","1332900","2731101","0","24.00314","280892.6","5227.01","4442.959","12.17753","254.258","471553.5","965178.4"
"","640","1742","999999","862","LF","4654321","0.2220408","286537.7","950100","0","161343.6","","","2495","566646.1","161343.6","47904","72604.63","","","0","7.999515","63786.85","1742.004","1480.703","7.602118","6.562539","1067434","-9.592327E-14"
"","640","1742","999999","862","LF","4654321","0.2220408","286537.7","950100","0","161343.6","","","2495","566646.1","161343.6","47904","72604.63","","","0","7.999515","63786.85","1742.004","1480.703","7.602118","6.562539","1067434","-9.592327E-14"
"2962","640","3485","999999","862","CC","4778122","0.1306394","56195.74","4051650","84.49891","1458.883","3.508149","19.21332","9","5760","1458.883","172.8","656.4974","2665800","5462201","0","16.00362","260329.5","3485.007","2962.256","10.94886","284.4322","432801","1207759"
"2988.91891800372","","6009","999999","2509.4277293863","LF","4948413","0.09511188","255.8202","4945106","99.89461","0","3.467488","13.60718","","","","","","2690027","5511842","0","27.59419","628099.3","6009.012","5107.66","0","458.9379","4241.625","2403669"
"2982.05381967643","","6005","999999","2525.51586439109","LF","4949698","0.09526284","537.1939","4942753","99.89392","0","3.462841","13.60748","","","","","","2683849","5499183","0","27.57582","628155.3","6005.012","5104.26","0","458.3265","4263.51","2398351"
"","640","5227","999999","574.666666666667","CC","4950204","0.2361563","248698.5","1735150","0","73754.8","","","491","289511.3","73754.8","9427.2","33189.66","","","0","24.00314","384281.8","5227.01","4442.959","46.45658","39.53581","1414002","-4.405365E-13"
"","640","5227","999999","574.666666666667","CC","4950204","0.2361563","248698.5","1735150","0","73754.8","","","491","289511.3","73754.8","9427.2","33189.66","","","0","24.00314","384281.8","5227.01","4442.959","46.45658","39.53581","1414002","-4.405365E-13"
"2990.97499356665","","5989","999999","2542.03466894507","LF","4951578","0.09502285","-12.39501","4951738","99.89413","0","3.463019","13.61125","","","","","","2691878","5515634","0","27.50235","628010.7","5989.012","5090.66","0","459.6596","4267.549","2410044"
"","640","5227","999999","287.333333333333","CC","4951933","0.2362388","255500.2","1648950","0","104616.6","","","762","407577.8","104616.6","14630.4","47077.48","","","0","24.00314","283905.8","5227.01","4442.959","34.46325","29.20889","1275808","-4.725109E-13"
"","640","5227","999999","287.333333333333","CC","4951933","0.2362388","255500.2","1648950","0","104616.6","","","762","407577.8","104616.6","14630.4","47077.48","","","0","24.00314","283905.8","5227.01","4442.959","34.46325","29.20889","1275808","-4.725109E-13"
"2954.30722723643","","6028","999999","2539.27594421274","LF","4954562","0.09604492","2081.055","4927660","99.89244","0","3.441886","13.61512","","","","","","2658877","5448015","0","27.68144","628520.1","6028.012","5123.81","0","455.0345","4291.953","2369545"
"3034.32555962224","","5991","999999","2524.03781006639","LF","4961150","0.09417639","-1911.039","4985855","99.89779","0","3.457932","13.64376","","","","","","2730893","5595576","0","27.51153","627585.2","5991.012","5092.36","0","464.7046","4164.99","2454072"
"3031.28353333995","","5984","999999","2546.45947176798","LF","4964247","0.09423439","-1844.583","4988093","99.89735","0","3.45127","13.64808","","","","","","2728155","5589967","0","27.47939","627591.2","5984.012","5086.41","0","464.7065","4182.696","2454121"
"2954.58009979152","","6075","999999","2524.50525032929","LF","4968555","0.09634911","2578.326","4935224","99.89423","0","3.410545","13.65338","","","","","","2659122","5448518","0","27.89727","628677.1","6075.012","5163.76","0","454.8871","4219.317","2368108"
"2985.48869913308","","6077","999999","2494.24516165572","LF","4969803","0.09566476","1186.568","4954464","99.89685","0","3.418497","13.66434","","","","","","2686940","5505517","0","27.90646","628365","6077.012","5165.46","0","458.2682","4145.313","2397607"
"3020.71736186555","","6058","999999","2505.39613774153","LF","4977712","0.09489708","-545.5261","4984765","99.89912","0","3.415621","13.68754","","","","","","2718646","5570482","0","27.81921","627947.4","6058.012","5149.31","0","462.7212","4093.57","2436542"
"3082.38467860826","","6012","999999","2507.30728142214","LF","4981922","0.09349724","-3667.86","5029339","99.90241","0","3.430135","13.70626","","","","","","2774146","5684202","0","27.60797","627190.3","6012.012","5110.21","0","470.0617","4022.513","2500758"
"2978.5197875768","","6102","999999","2512.51434990065","LF","4983253","0.09604371","1804.752","4959922","99.89727","0","3.387363","13.69582","","","","","","2680668","5492665","0","28.02126","628521.4","6102.012","5186.71","0","457.6974","4123.005","2392555"
"2933.83098412198","","6146","999999","2509.00866575021","LF","4985231","0.09727069","4299.362","4929651","99.89511","0","3.364751","13.69669","","","","","","2640448","5410255","0","28.22332","629133.3","6146.012","5224.11","0","452.0935","4158.158","2343496"
"3010.80491601747","","6073","999999","2521.69246046684","LF","4985309","0.09523109","63.9607","4984482","99.89892","0","3.396194","13.70349","","","","","","2709725","5552202","0","27.88809","628097.4","6073.012","5162.061","0","461.8011","4093.338","2428473"
"2960.29394607843","","6098","999999","2564.09224183007","LF","4993039","0.09657867","2710.979","4957992","99.89571","0","3.361147","13.71284","","","","","","2664265","5459055","0","28.00289","628696.1","6098.012","5183.311","0","456.0488","4170.964","2378194"
"2997.86628792833","","6091","999999","2542.43526538101","LF","4994885","0.09568103","876.0091","4983560","99.89858","0","3.371365","13.72398","","","","","","2698080","5528342","0","27.97075","628288.4","6091.012","5177.36","0","460.5107","4095.456","2417162"
"2948.69560890129","","6139","999999","2536.79883945966","LF","4996499","0.09702063","3626.575","4949616","99.89621","0","3.347536","13.72409","","","","","","2653826","5437667","0","28.19117","628955.6","6139.012","5218.161","0","454.2882","4134.766","2362688"
"3038.34114931775","","6047","999999","2586","LF","5004633","0.09471349","-1347.841","5022057","99.90042","0","3.368749","13.7473","","","","","","2734507","5602982","0","27.76869","627736.3","6047.012","5139.96","0","466.1316","4069.974","2466386"
"2962","640","","999999","862","LF","5014522","0.1333765","141877.3","3180400","73.52666","121112.9","1.688218","20.79332","2444","398552.9","121112.9","46924.8","54500.82","2665800","5462201","","","","","","0","253.0935","371363.8","1286804"
"2962","640","","999999","862","LF","5014522","0.1333765","141877.3","3180400","73.52666","121112.9","1.688218","20.79332","2444","398552.9","121112.9","46924.8","54500.82","2665800","5462201","","","","","","0","253.0935","371363.8","1286804"
"2962","640","","999999","862","CC","5014522","0.1333765","141877.3","3180400","73.52666","121112.9","1.688218","20.79332","2444","398552.9","121112.9","46924.8","54500.82","2665800","5462201","","","","","","0","253.0935","371363.8","1286804"
"2962","640","","999999","862","CC","5014522","0.1333765","141877.3","3180400","73.52666","121112.9","1.688218","20.79332","2444","398552.9","121112.9","46924.8","54500.82","2665800","5462201","","","","","","0","253.0935","371363.8","1286804"
"3254.21580311026","","5892","999999","2586","LF","5019840","0.09007205","-12203.03","5177594","99.91156","0","3.418189","13.81151","","","","","","2928794","6001074","0","27.05691","625232.3","5892.012","5008.21","0","491.6956","3812.75","2690002"
"3070.71085310985","","6110","999999","2532.39977698949","LF","5024128","0.0944631","-2067.82","5050860","99.90523","0","3.33673","13.80864","","","","","","2763640","5662674","0","28.058","627634.1","6110.012","5193.51","0","469.2102","3899.158","2493042"
"3007.13200001126","","6174","999999","2524.25249760033","LF","5025408","0.09608753","1408.886","5007195","99.90244","0","3.30806","13.80655","","","","","","2706419","5545429","0","28.3519","628477.7","6174.012","5247.911","0","461.3825","3947.023","2424511"
"2882.19265013749","","6272","999999","2544.10384337563","LF","5032220","0.09956726","8278.126","4925205","99.89555","0","3.241281","13.81202","","","","","","2593974","5315029","0","28.80193","630108.3","6272.013","5331.21","0","445.8307","4083.626","2288439"
"2898.00700216756","","6338","999999","2477.01410472779","LF","5040103","0.09942082","8067.48","4935811","99.89937","0","3.22777","13.84202","","","","","","2608206","5344192","0","29.10501","630164.1","6338.013","5387.311","0","447.2039","3946.21","2300208"
"3105.09756251022","","6111","999999","2558.83647408264","LF","5044424","0.09392325","-3524.68","5089989","99.90808","0","3.308697","13.85996","","","","","","2794588","5726087","0","28.06259","627315.3","6111.012","5194.36","0","473.8271","3818.704","2533355"
"2716.67105384891","","6426","999999","2537.41916521192","LF","5045289","0.104987","17989.49","4812730","99.88628","0","3.135845","13.84018","","","","","","2445004","5009792","0","29.50912","632533.6","6426.013","5462.111","0","423.8742","4227.681","2096242"
"3030.72393285857","","6180","999999","2556.49118607535","LF","5045913","0.09577889","488.3806","5039599","99.9047","0","3.275447","13.85711","","","","","","2727652","5588935","0","28.37945","628263.1","6180.012","5253.011","0","464.7684","3883.684","2454065"
"","640","5227","999999","862","CC","5053271","0.2410733","250003.2","1821350","0","70324.73","","","462","276336.5","70324.73","8870.4","31646.13","","","0","24.00314","384971.2","5227.01","4442.959","46.54596","39.60673","1427379","-5.435652E-13"
"","640","5227","999999","862","CC","5053271","0.2410733","250003.2","1821350","0","70324.73","","","462","276336.5","70324.73","8870.4","31646.13","","","0","24.00314","384971.2","5227.01","4442.959","46.54596","39.60673","1427379","-5.435652E-13"
"2962","640","5227","999999","862","LF","5053618","0.1489901","43818.73","4487150","99.71297","794.3927","2.998223","20.44396","14","2709.435","794.3927","268.8","357.4767","2665800","5462201","0","24.00314","626060.8","5227.01","4442.959","0","298.6602","4821.678","1002326"
"2829.67934711543","","6324","999999","2586","LF","5053827","0.1015158","11627.52","4903512","99.8929","0","3.171763","13.86284","","","","","","2546712","5218190","0","29.04072","630860.1","6324.013","5375.411","0","439.1389","4124.48","2229855"
"2926.87440887608","","6296","999999","2586","LF","5070285","0.09897598","6675.483","4983987","99.90047","0","3.179887","13.91039","","","","","","2634187","5397427","0","28.91214","629716.1","6296.013","5351.611","0","451.9088","3944.305","2341444"
"2962","640","5227","999999","862","CC","5070713","0.1492336","45141.13","4487150","99.27056","3437.281","2.949878","20.4953","24","13440","3437.281","460.8","1546.777","2665800","5462201","0","24.00314","627686.9","5227.01","4442.959","1.207919","299.1257","5732.365","1006907"
"1481","640","5227","999999","287.333333333333","CC","5089195","0.2222898","163012.3","2981850","59.02307","43701.96","0.9402292","24.51566","703","152207","43701.96","13497.6","19665.88","1332900","2731101","0","24.00314","215381.9","5227.01","4442.959","4.161636","123.7059","573487.6","149515.1"
"3094.93896043872","","6283","999999","2503.80572641111","LF","5094313","0.0953439","-1007.454","5107337","99.91451","0","3.195344","13.9969","","","","","","2785445","5707353","0","28.85244","627994.7","6283.013","5340.561","0","471.4136","3533.303","2511723"
"2962","640","1742","999999","287.333333333333","LF","5110659","0.2222285","128962","3443500","77.05236","50886.38","1.670264","20.45074","998","168809","50886.38","19161.6","22898.87","2665800","5462201","0","7.999515","495188.8","1742.004","1480.703","0.6892798","157.2001","239416.4","157474.7"
"","640","3485","999999","287.333333333333","LF","5119737","0.2442441","302168.3","1213450","0","161268.9","","","2494","566376.4","161268.9","47884.8","72571","","","0","16.00362","64324.57","3485.007","2962.256","7.593415","6.617861","1067139","-9.592327E-14"
"","640","3485","999999","287.333333333333","LF","5119737","0.2442441","302168.3","1213450","0","161268.9","","","2494","566376.4","161268.9","47884.8","72571","","","0","16.00362","64324.57","3485.007","2962.256","7.593415","6.617861","1067139","-9.592327E-14"
"2971.09872725399","","6435","999999","2531.36434526689","LF","5120544","0.09885309","6064.228","5042148","99.91061","0","3.088962","20.54029","","","","","","2673989","5478980","0","29.55045","629730.1","6435.013","5469.761","0","457.0021","3581.817","2385472"
"3021.06441957344","","6364","999999","2586","LF","5126255","0.09748468","3132.584","5085758","99.91188","0","3.101901","20.50971","","","","","","2718958","5571122","0","29.2244","628984.3","6364.013","5409.411","0","463.9399","3584.473","2446279"
"3328.31123970364","","6188","999999","2467.71469485756","LF","5148134","0.09177867","-10416.57","5282795","99.93075","0","3.169232","20.30622","","","","","","2995480","6137713","0","28.41619","625625","6188.012","5259.811","0","494.9805","3004.637","2717598"
"2904.49177429126","","6738","999999","2402.96472373093","LF","5178866","0.1022726","12332.88","5019432","99.92546","0","2.926131","20.76177","","","","","","2614043","5356151","0","30.94187","631455","6738.014","5727.312","0","446.8196","2919.745","2295592"
"3148.30491345868","","6430","999999","2586","LF","5195345","0.09561479","-1657.666","5216775","99.92958","0","3.013201","20.58054","","","","","","2833475","5805765","0","29.52748","628001.4","6430.013","5465.511","0","479.473","2959.971","2581675"
"2943.60089076193","","6633","999999","2586","LF","5210055","0.1012475","9805.784","5083291","99.92221","0","2.88924","20.80512","","","","","","2649241","5428272","0","30.45969","630687.9","6633.013","5638.061","0","454.0471","3096.546","2359081"
"2503.12164851284","","7103","999999","2471.56884278197","LF","5233865","0.1169177","35879.66","4770030","99.90327","0","2.597129","21.58256","","","","","","2252810","4615987","0","32.618","637629.7","7103.014","6037.562","0","394.9143","3349.592","1841331"
"","640","3485","999999","574.666666666667","LF","5235064","0.249746","304421.5","1299650","0","161220","","","2493","566216.4","161220","47865.6","72549.02","","","0","16.00362","64324.57","3485.007","2962.256","7.593415","6.617861","1067299","-9.592327E-14"
"","640","3485","999999","574.666666666667","LF","5235064","0.249746","304421.5","1299650","0","161220","","","2493","566216.4","161220","47865.6","72549.02","","","0","16.00362","64324.57","3485.007","2962.256","7.593415","6.617861","1067299","-9.592327E-14"
"2962","640","5227","999999","574.666666666667","LF","5254179","0.1881305","66000.97","4400950","99.45884","2075.042","2.364723","21.28293","41","6869.435","2075.042","787.2","933.7688","2665800","5462201","0","24.00314","625759.3","5227.01","4442.959","0","245.2843","4821.678","538913.4"
"2962","640","","999999","574.666666666667","CC","5263580","0.1737282","167811","3094200","67.14906","121112.9","0.337711","23.93624","2444","398552.9","121112.9","46924.8","54500.82","2665800","5462201","","","","","","0","188.6409","371363.8","722198.8"
"2962","640","","999999","574.666666666667","LF","5263580","0.1737282","167811","3094200","67.14906","121112.9","0.337711","23.93624","2444","398552.9","121112.9","46924.8","54500.82","2665800","5462201","","","","","","0","188.6409","371363.8","722198.8"
"2962","640","","999999","574.666666666667","LF","5263580","0.1737282","167811","3094200","67.14906","121112.9","0.337711","23.93624","2444","398552.9","121112.9","46924.8","54500.82","2665800","5462201","","","","","","0","188.6409","371363.8","722198.8"
"2962","640","","999999","574.666666666667","CC","5263580","0.1737282","167811","3094200","67.14906","121112.9","0.337711","23.93624","2444","398552.9","121112.9","46924.8","54500.82","2665800","5462201","","","","","","0","188.6409","371363.8","722198.8"
"2962","640","5227","999999","574.666666666667","CC","5273406","0.1886509","67488.28","4400950","98.94403","5419.688","2.307038","21.42093","53","20480","5419.688","1017.6","2438.86","2665800","5462201","0","24.00314","628382","5227.01","4442.959","1.008378","245.2935","2353.248","540837.8"
"2962","640","1742","999999","287.333333333333","CC","5286858","0.2232936","142591.8","3443500","58.01575","47178.36","0.9469104","24.02615","800","162387.1","47178.36","15360","21230.26","2665800","5462201","0","7.999515","202526.2","1742.004","1480.703","11.41635","133.3228","606553.1","210028.7"
"3068.07081063309","","6826","999999","2519.02423712878","LF","5305709","0.09993993","6361.458","5223471","99.94856","0","2.746089","20.94928","","","","","","2761264","5657806","0","31.34597","630018.1","6826.014","5802.112","0","468.5562","2112.507","2485197"
"3702.5","","6098","999999","2559.66111111111","LF","5311392","0.08774538","-24231.75","5624649","99.95197","0","2.990437","20.41439","","","","","","3332250","6827752","0","28.00289","622268.8","6098.012","5183.311","0","534.2644","2248.917","3060937"
"2804.3550500951","","7053","999999","2586","LF","5338493","0.1081251","21312.94","5062970","99.93549","0","2.546623","21.54109","","","","","","2523920","5171490","0","32.38839","633470.2","7053.014","5995.062","0","435.705","2463.732","2197772"
"2962","640","3485","999999","287.333333333333","LF","5342514","0.2327759","113189.8","3879250","83.78145","36135.46","1.395129","23.63193","700","120283","36135.46","13440","16260.96","2665800","5462201","0","16.00362","614959.9","3485.007","2962.256","0.02298696","169.8236","167658.8","153916.6"
"3702.5","","6098","999999","2111.9","LF","5344913","0.09502137","-11247.92","5490320","99.94832","0","2.837374","20.53585","","","","","","3332250","6827752","0","28.00289","622268.8","6098.012","5183.311","0","496.4501","2248.917","2729684"
"","640","3485","999999","862","LF","5350953","0.2552746","306718.1","1385850","0","161220","","","2493","566216.4","161220","47865.6","72549.02","","","0","16.00362","64324.57","3485.007","2962.256","7.593415","6.617861","1067299","-9.592327E-14"
"","640","3485","999999","862","LF","5350953","0.2552746","306718.1","1385850","0","161220","","","2493","566216.4","161220","47865.6","72549.02","","","0","16.00362","64324.57","3485.007","2962.256","7.593415","6.617861","1067299","-9.592327E-14"
"4443","","5227","999999","2586","CC","5425419","0.08110534","-50731.41","6081250","99.82955","0","3.004636","20.11886","","","","","","3998700","8193302","0","24.00314","617170.6","5227.01","4442.959","0.8856164","590.6222","8819.786","3553254"
"4443","640","1742","999999","862","LF","5470515","0.1494027","40356.92","4948800","95.72638","14915.18","2.234194","19.66162","299","49175.16","14915.18","5740.8","6711.832","3998700","8193302","0","7.999515","497494.1","1742.004","1480.703","0.5692556","310.1145","71870.96","1210932"
"3702.5","","6098","999999","1637.8","LF","5473170","0.1097705","9675.44","5348090","99.94169","0","2.441742","20.94345","","","","","","3332250","6827752","0","28.00289","622268.8","6098.012","5183.311","0","440.0283","2248.917","2235429"
"","","6534","999999","1508.5","CC","5486181","0.2618644","263015","2086050","0","0","","","","","","","","","","0","30.00507","594923.6","6534.013","5553.911","71.92656","61.20712","1747674","0"
"3309.5631127451","","7115","999999","2340.42859477124","LF","5495809","0.09972659","2809.762","5459486","99.97323","0","2.452824","21.45461","","","","","","2978607","6103140","0","32.6731","627953.6","7115.014","6047.762","0","486.5026","1141.395","2641436"
"3332.18750593056","","7050","999999","2586","LF","5514464","0.09732056","-1764.085","5537269","99.9726","0","2.462274","21.46804","","","","","","2998969","6144861","0","32.37461","627615.8","7050.014","5992.512","0","500.2193","1201.194","2761654"
"","","6615","999999","1521.96875","CC","5523743","0.2636291","264041.6","2110341","0","0","","","","","","","","","","0","30.37703","595144.2","6615.013","5622.761","71.9016","61.22982","1747419","0"
"","","6697","999999","1508.5","CC","5550738","0.2650357","264856.6","2126800","0","0","","","","","","","","","","0","30.75359","594370.9","6697.013","5692.461","71.86809","61.15026","1747084","0"
"4443","640","1742","999999","862","CC","5594922","0.1428233","49980.33","4948800","83.11977","9502.25","1.942872","20.83406","67","37123.8","9502.25","1286.4","4276.013","3998700","8193302","0","7.999515","206865.3","1742.004","1480.703","15.12758","303.4517","474390.7","1408791"
"4443","","5227","999999","1953.86666666667","CC","5597765","0.09602342","-22730.21","5891610","99.84868","0","2.533198","20.61464","","","","","","3998700","8193302","0","24.00314","617170.6","5227.01","4442.959","0.6691324","514.7014","6823.576","2888188"
"","","6860","999999","1508.5","CC","5616918","0.2681105","266823.7","2167550","0","0","","","","","","","","","","0","31.50211","594998.6","6860.014","5831.012","71.94564","61.21484","1747747","0"
"","","6860","999999","1562.375","CC","5638348","0.2692054","267231.1","2183713","0","0","","","","","","","","","","0","31.50211","594517.9","6860.014","5831.012","71.92055","61.16538","1747516","0"
"2962","","8015","999999","1953.86666666667","LF","5652942","0.1156214","30727.61","5255710","99.98481","0","1.904113","23.00282","","","","","","2665800","5462201","0","36.80603","633220.3","8015.016","6812.764","0","431.6693","574.4028","2160530"
"3864.83709309583","","5180","999999","844.707397124154","LF","5686187","0.1614892","51009.09","5026766","99.87084","0","1.638881","22.30513","","","","","","3478354","7127116","0","23.78731","618520.4","5180.01","4403.009","0","310.5254","3517.873","1102893"
"3862.01773324338","","5219","999999","840.788103657561","LF","5701969","0.162368","51762.97","5032803","99.87247","0","1.601977","22.4163","","","","","","3475816","7121917","0","23.9664","618668.8","5219.01","4436.159","0","309.7069","3464.5","1095613"
"3867.17646449876","","5227","999999","848.197616548597","LF","5704561","0.1616231","51277.62","5041668","99.87399","0","1.60366","22.41497","","","","","","3480459","7131430","0","24.00314","618667.1","5227.01","4442.959","0","311.2804","3440.57","1109354"
"","","7187","999999","1400.75","CC","5706402","0.2722685","269922.5","2216975","0","0","","","","","","","","","","0","33.00374","595861.6","7187.014","6108.962","72.11624","61.30362","1749217","0"
"3902.73070140025","","5162","999999","841.423336306136","LF","5717688","0.1624849","51232.05","5055385","99.8729","0","1.582515","22.43747","","","","","","3512458","7196996","0","23.70465","618248.5","5162.01","4387.709","0","310.3386","3459.711","1101173"
"3891.8804419496","","5227","999999","862","LF","5717874","0.1603979","50267.3","5068043","99.87726","0","1.593879","22.4376","","","","","","3502693","7176987","0","24.00314","618528.9","5227.01","4442.959","0","314.4005","3384.673","1136596"
"3906.36794455541","","5178","999999","853.290597804581","LF","5718659","0.1612344","50469.16","5066219","99.87509","0","1.590426","22.42384","","","","","","3515731","7203703","0","23.77812","618283.2","5178.01","4401.309","0","312.8056","3426.967","1122721"
"3873.21337081303","","5227","999999","833.633763245831","LF","5721218","0.163609","52483.85","5042732","99.87331","0","1.559914","22.52653","","","","","","3485892","7142563","0","24.00314","618633.4","5227.01","4442.959","0","308.398","3426.911","1084082"
"4443","640","1742","999999","574.666666666667","LF","5738611","0.1960858","67763.27","4862600","94.46984","16184.76","1.414741","20.73264","325","53335.16","16184.76","6240","7283.141","3998700","8193302","0","7.999515","497494.1","1742.004","1480.703","0.5692556","244.7367","71858.73","642370.4"
"3902.73070140025","","5221","999999","841.423336306136","LF","5741215","0.1631481","51910.99","5070135","99.87623","0","1.533496","22.58918","","","","","","3512458","7196996","0","23.97558","618449.1","5221.01","4437.859","0","310.3593","3369.315","1101173"
"3964.29880805817","","5110","999999","857.114252338449","LF","5744095","0.1611851","49629.93","5102503","99.87666","0","1.55881","22.47033","","","","","","3567869","7310533","0","23.46585","617744.3","5110.01","4343.509","0","314.2979","3400.073","1135791"
"","","7187","999999","1508.5","CC","5748248","0.2743414","270658.9","2249300","0","0","","","","","","","","","","0","33.00374","595360.9","7187.014","6108.962","71.98093","61.25212","1747970","0"
"4443","640","3485","999999","862","LF","5759730","0.1584154","29021.79","5384550","99.70619","921.1978","1.900433","21.48631","16","3152.946","921.1978","307.2","414.539","3998700","8193302","0","16.00362","609897.1","3485.007","2962.256","0.01428307","320.1311","5110.343","1191012"
"2962","640","","999999","287.333333333333","LF","5761812","0.2410792","213019.4","3008000","48.48796","127825.7","","","2547","422166.2","127825.7","48902.4","57521.57","2665800","5462201","","","","","","0","111.3216","530175.8","227307.5"
"2962","640","","999999","287.333333333333","LF","5761812","0.2410792","213019.4","3008000","48.48796","127825.7","","","2547","422166.2","127825.7","48902.4","57521.57","2665800","5462201","","","","","","0","111.3216","530175.8","227307.5"
"2962","640","","999999","287.333333333333","CC","5761812","0.2410792","213019.4","3008000","48.48796","127825.7","","","2547","422166.2","127825.7","48902.4","57521.57","2665800","5462201","","","","","","0","111.3216","530175.8","227307.5"
"2962","640","","999999","287.333333333333","CC","5761812","0.2410792","213019.4","3008000","48.48796","127825.7","","","2547","422166.2","127825.7","48902.4","57521.57","2665800","5462201","","","","","","0","111.3216","530175.8","227307.5"
"2962","","8015","999999","1321.73333333333","LF","5763188","0.1385788","53925.09","5066070","99.98214","0","1.444991","24.01377","","","","","","2665800","5462201","0","36.80603","633220.3","8015.016","6812.764","0","367.1717","574.4028","1595530"
"4443","640","3485","999999","862","CC","5763734","0.1585054","29331.56","5384550","99.55299","1831.909","1.891475","21.51646","12","7200","1831.909","230.4","824.3591","3998700","8193302","0","16.00362","614786.7","3485.007","2962.256","0.8001539","320.5073","5373.558","1191371"
"2962","","8015","999999","2586","LF","5768248","0.1116043","24977.57","5445350","99.98563","0","1.776922","23.44433","","","","","","2665800","5462201","0","36.80603","633220.3","8015.016","6812.764","0","456.3326","574.4028","2376580"
"4443","","5978","999999","2335.78055555556","LF","5770847","0.0904649","-32727.65","6193934","99.97607","0","2.350266","21.01023","","","","","","3998700","8193302","0","27.45184","616827.5","5978.012","5081.31","0","563.1658","1181.025","3313045"
"3964.29880805817","","5196","999999","862","LF","5774721","0.1615239","50222.5","5125469","99.88124","0","1.499319","22.66116","","","","","","3567869","7310533","0","23.86078","618017.9","5196.01","4416.609","0","315.3254","3284.313","1144545"
"3945.91734313925","","5227","999999","846.24715846767","LF","5781359","0.1634931","51781.7","5111950","99.88056","0","1.467875","22.75828","","","","","","3551326","7276636","0","24.00314","618224.7","5227.01","4442.959","0","311.8835","3266.987","1114362"
"","","7187","999999","1616.25","CC","5791735","0.2764307","271522.4","2281625","0","0","","","","","","","","","","0","33.00374","595271.1","7187.014","6108.962","71.98338","61.24287","1747992","0"
"3927.5479755577","","5227","999999","807.593796841311","LF","5793226","0.1682369","54875.55","5083822","99.87596","0","1.407505","22.91978","","","","","","3534793","7242761","0","24.00314","618336.1","5227.01","4442.959","0","303.6974","3303.969","1042706"
"","640","5227","999999","287.333333333333","LF","5817120","0.2775137","322426.2","1648950","0","161268.9","","","2494","566376.4","161268.9","47884.8","72571","","","0","24.00314","64934.27","5227.01","4442.959","7.593415","6.680588","1066589","-9.592327E-14"
"","640","5227","999999","287.333333333333","LF","5817120","0.2775137","322426.2","1648950","0","161268.9","","","2494","566376.4","161268.9","47884.8","72571","","","0","24.00314","64934.27","5227.01","4442.959","7.593415","6.680588","1066589","-9.592327E-14"
"4010.1939489841","","5165","999999","836.330206845976","LF","5826017","0.1654456","52190.49","5151324","99.88045","0","1.389192","22.93368","","","","","","3609175","7395168","0","23.71842","617630.5","5165.01","4390.259","0","310.5831","3256.481","1102976"
"4036.71717416674","","5227","999999","862","LF","5856584","0.1633638","50913.75","5198396","99.88757","0","1.355539","23.04638","","","","","","3633046","7444079","0","24.00314","617610.8","5227.01","4442.959","0","316.2137","3117.956","1152101"
"2962","640","3485","999999","287.333333333333","CC","5860670","0.24841","153271.5","3879250","60.91269","38584.21","","","699","130707","38584.21","13420.8","17362.89","2665800","5462201","0","16.00362","211341.2","3485.007","2962.256","6.016417","133.2346","582636.6","203532.6"
"4443","640","1742","999999","574.666666666667","CC","5895929","0.1901495","79932.48","4862600","78.91155","11613.6","1.026531","23.3461","104","44334.79","11613.6","1996.8","5226.118","3998700","8193302","0","7.999515","205649.8","1742.004","1480.703","13.95403","230.7505","461474.4","777044.5"
"4443","","5227","999999","1321.73333333333","CC","5916839","0.1265248","16621.02","5701970","99.86587","0","1.672835","22.20005","","","","","","3998700","8193302","0","24.00314","617143","5227.01","4442.959","0.4526484","412.8701","4852.253","1996171"
"","","7841","999999","1293","CC","5925496","0.282684","276723.4","2348150","0","0","","","","","","","","","","0","36.007","596333.2","7841.016","6664.863","72.17774","61.35214","1749578","0"
"","640","5227","999999","574.666666666667","LF","5932448","0.2830156","324679.3","1735150","0","161220","","","2493","566216.4","161220","47865.6","72549.02","","","0","24.00314","64934.27","5227.01","4442.959","7.593415","6.680588","1066749","-9.592327E-14"
"","640","5227","999999","574.666666666667","LF","5932448","0.2830156","324679.3","1735150","0","161220","","","2493","566216.4","161220","47865.6","72549.02","","","0","24.00314","64934.27","5227.01","4442.959","7.593415","6.680588","1066749","-9.592327E-14"
"4071.14915729493","","5227","999999","803.988525376824","LF","5934908","0.1719114","55921.6","5211981","99.88536","0","1.16198","23.57238","","","","","","3664034","7507575","0","24.00314","617379.9","5227.01","4442.959","0","304.5032","3061.443","1049444"
"4167.4402209748","","5135","999999","854.621013721998","LF","5951784","0.1660743","51127.46","5290833","99.89018","0","1.200952","23.41604","","","","","","3750696","7685144","0","23.58066","616521.8","5135.01","4364.759","0","316.1173","3044.355","1151189"
"4072.75","","5227","999999","718.333333333333","LF","6005477","0.1850479","63256.7","5187725","99.87816","0","0.9458082","24.06179","","","","","","3665475","7510527","0","24.00314","617369.2","5227.01","4442.959","0","286.2297","3058.815","889364.2"
"","","7841","999999","1508.5","CC","6012120","0.2868226","278423.1","2412800","0","0","","","","","","","","","","0","36.007","596294.9","7841.016","6664.863","72.15314","61.3482","1749351","0"
"4443","640","3485","999999","574.666666666667","LF","6022246","0.2068065","55996.53","5298350","99.44849","2190.773","1.166874","23.59357","42","7312.945","2190.773","806.4","985.848","3998700","8193302","0","16.00362","609883.6","3485.007","2962.256","0.01428307","255.7401","5110.343","631107.2"
"4443","640","3485","999999","574.666666666667","CC","6027312","0.2069243","56388.36","5298350","99.24677","3376.539","1.154388","23.6385","40","12431.75","3376.539","768","1519.443","3998700","8193302","0","16.00362","614627.1","3485.007","2962.256","0.7310928","256.0451","4539.841","631717.3"
"2962","640","5227","999999","287.333333333333","LF","6031252","0.2628055","132779","4314750","84.092","35787.19","","","696","118994.8","35787.19","13363.2","16104.24","2665800","5462201","0","24.00314","620666.3","5227.01","4442.959","0","170.4153","163410.9","153775.5"
"4033.96179284668","","5227","999999","627.710953450521","LF","6042817","0.2002342","70948.53","5125629","99.86624","0","0.7714885","24.22906","","","","","","3630566","7438998","0","24.00314","617629.3","5227.01","4442.959","0","266.1343","3122.479","713410.9"
"","640","5227","999999","862","LF","6048337","0.2885443","326975.9","1821350","0","161220","","","2493","566216.4","161220","47865.6","72549.02","","","0","24.00314","64934.27","5227.01","4442.959","7.593415","6.680588","1066749","-9.592327E-14"
"","640","5227","999999","862","LF","6048337","0.2885443","326975.9","1821350","0","161220","","","2493","566216.4","161220","47865.6","72549.02","","","0","24.00314","64934.27","5227.01","4442.959","7.593415","6.680588","1066749","-9.592327E-14"
"2962","","8015","999999","689.6","LF","6069206","0.1998533","92266.45","4876430","99.97555","0","0.3685432","24.73786","","","","","","2665800","5462201","0","36.80603","633220.3","8015.016","6812.764","0","268.099","574.4028","727653.5"
"3702.5","","8019","999999","2564.09224183007","LF","6080570","0.1004647","-1984.727","6106228","99.99837","0","1.607604","23.5269","","","","","","3332250","6827752","0","36.8244","624679.5","8019.016","6816.164","0","534.4466","76.26084","3060361"
"","","7840","999999","1724","CC","6098398","0.2909325","280115.5","2477200","0","0","","","","","","","","","","0","36.00241","596332.8","7840.016","6664.013","72.13316","61.35211","1749167","0"
"4443","640","","999999","862","LF","6169807","0.1562855","128138.1","4513300","76.92574","103735.4","","","2093","341383.2","103735.4","40185.6","46680.93","3998700","8193302","","","","","","0","276.7218","363254.3","1432313"
"4443","640","","999999","862","LF","6169807","0.1562855","128138.1","4513300","76.92574","103735.4","","","2093","341383.2","103735.4","40185.6","46680.93","3998700","8193302","","","","","","0","276.7218","363254.3","1432313"
"4443","640","","999999","862","CC","6169807","0.1562855","128138.1","4513300","76.92574","103735.4","","","2093","341383.2","103735.4","40185.6","46680.93","3998700","8193302","","","","","","0","276.7218","363254.3","1432313"
"4443","640","","999999","862","CC","6169807","0.1562855","128138.1","4513300","76.92574","103735.4","","","2093","341383.2","103735.4","40185.6","46680.93","3998700","8193302","","","","","","0","276.7218","363254.3","1432313"
"4443","","5024","999999","772.208333333333","LF","6243451","0.1830053","58564.13","5486363","99.89529","0","0.6525697","24.314","","","","","","3998700","8193302","0","23.07093","614657","5024.01","4270.409","0","300.9447","2763.347","1017945"
"4443","","5227","999999","862","LF","6250440","0.1720853","53095.23","5564050","99.91271","0","0.7207252","24.26417","","","","","","3998700","8193302","0","24.00314","615174.6","5227.01","4442.959","0","320.4559","2452.325","1188397"
"4443","","5227","999999","862","CC","6252583","0.172083","53261.03","5564050","99.83595","0","0.7152358","24.26973","","","","","","3998700","8193302","0","24.00314","616806.7","5227.01","4442.959","0.3936073","320.7381","4610.933","1189398"
"1481","","11848","999999","689.6","LF","6297619","0.2420391","138916","4501780","100","0","","","","","","","","1332900","2731101","0","54.40772","677249.9","11848.02","10070.82","0","229.7586","0","391217"
"4443","","5076","999999","664.458333333333","LF","6356364","0.202406","68793.31","5467038","99.88953","0","0.3312565","24.64784","","","","","","3998700","8193302","0","23.30972","614789.6","5076.01","4314.608","0","277.004","2683.677","808104.4"
"3702.5","","8733","999999","2269.93333333333","LF","6377977","0.1101093","14039.57","6196480","100","0","1.027892","24.28824","","","","","","3332250","6827752","0","40.10319","624764.1","8733.018","7423.065","0","511.4933","0","2859213"
"4443","","5227","999999","689.6","CC","6396473","0.1995983","68392.3","5512330","99.84442","0","0.2797001","24.70756","","","","","","3998700","8193302","0","24.00314","616838.1","5227.01","4442.959","0.3148859","282.8769","3856.771","857704.8"
"1481","","11848","999999","1321.73333333333","LF","6407493","0.2215542","132745.8","4691420","100","0","","","","","","","","1332900","2731101","0","54.40772","677249.9","11848.02","10070.82","0","255.3812","0","615671.5"
"4443","640","5227","999999","862","LF","6446910","0.1774807","48490.36","5820050","99.89869","160.2523","0.6593233","24.45998","3","538.3229","160.2523","57.6","72.11352","3998700","8193302","0","24.00314","615334.4","5227.01","4442.959","0","320.4359","2308.325","1188397"
"4443","640","5227","999999","862","CC","6452781","0.1775524","48944.51","5820050","99.76424","921.913","0.6444392","24.47138","7","3578.323","921.913","134.4","414.8609","3998700","8193302","0","24.00314","617026.1","5227.01","4442.959","0.5616428","320.7578","3049.654","1189820"
"4443","640","","999999","574.666666666667","LF","6470108","0.2069785","158035.6","4427100","70.81335","104077.2","","","2100","342503.2","104077.2","40320","46834.75","3998700","8193302","","","","","","0","204.0256","363254.3","796614.6"
"4443","640","","999999","574.666666666667","LF","6470108","0.2069785","158035.6","4427100","70.81335","104077.2","","","2100","342503.2","104077.2","40320","46834.75","3998700","8193302","","","","","","0","204.0256","363254.3","796614.6"
"4443","640","","999999","574.666666666667","CC","6470108","0.2069785","158035.6","4427100","70.81335","104077.2","","","2100","342503.2","104077.2","40320","46834.75","3998700","8193302","","","","","","0","204.0256","363254.3","796614.6"
"4443","640","","999999","574.666666666667","CC","6470108","0.2069785","158035.6","4427100","70.81335","104077.2","","","2100","342503.2","104077.2","40320","46834.75","3998700","8193302","","","","","","0","204.0256","363254.3","796614.6"
"4443","","5227","999999","574.666666666667","LF","6495654","0.2232207","78731.54","5477850","99.89105","0","","","","","","","","3998700","8193302","0","24.00314","615174.6","5227.01","4442.959","0","256.6822","2452.325","629738.6"
"4443","","5227","999999","574.666666666667","CC","6496589","0.2232296","78803.87","5477850","99.85374","0","","","","","","","","3998700","8193302","0","24.00314","616927","5227.01","4442.959","0.2624049","256.8892","3292.694","629972.7"
"2962","640","5227","999999","287.333333333333","CC","6525116","0.2773771","170981.5","4314750","62.38113","39027.73","","","699","132586.6","39027.73","13420.8","17562.48","2665800","5462201","0","24.00314","211341.2","5227.01","4442.959","2.924216","132.6622","551968.4","198243.3"
"","","9147","999999","1508.5","CC","6534957","0.3117592","293610.7","2739300","0","0","","","","","","","","","","0","42.00434","596790.3","9147.019","7774.965","72.15314","61.39917","1748939","0"
"4443","","8015","999999","2586","LF","6535674","0.09782685","-18764.31","6778250","100","0","1.193764","24.09615","","","","","","3998700","8193302","0","36.80603","618137.9","8015.016","6812.764","0","589.9471","0","3546469"
"4443","640","1742","999999","287.333333333333","LF","6591820","0.2837621","140430.7","4776400","78.07936","49245.76","","","968","163264.3","49245.76","18585.6","22160.59","3998700","8193302","0","7.999515","497629.3","1742.004","1480.703","0.5552423","160.7496","230638.5","175481.1"
"1481","","11848","999999","1953.86666666667","LF","6661443","0.2301749","137720.4","4881060","100","0","","","","","","","","1332900","2731101","0","54.40772","677249.9","11848.02","10070.82","0","255.559","0","617228.4"
"4443","","8015","999999","1953.86666666667","LF","6708912","0.1151849","9305.891","6588610","100","0","0.6746877","24.4702","","","","","","3998700","8193302","0","36.80603","618137.9","8015.016","6812.764","0","514.3246","0","2884015"
"4443","640","5227","999999","574.666666666667","LF","6709451","0.2305454","75466.95","5733850","99.68947","1513.724","","","31","4960","1513.724","595.2","681.176","3998700","8193302","0","24.00314","615161.1","5227.01","4442.959","0","256.1891","2030.648","629738.6"
"4443","640","5227","999999","574.666666666667","CC","6717450","0.2307507","76085.76","5733850","99.48503","2777.288","","","36","10080","2777.288","691.2","1249.78","3998700","8193302","0","24.00314","615859.9","5227.01","4442.959","0.3245209","256.0823","1516.557","630417.1"
"4443","640","1742","999999","287.333333333333","CC","6780630","0.2836243","155036","4776400","59.09118","46049.77","","","795","157839","46049.77","15264","20722.4","3998700","8193302","0","7.999515","200686.1","1742.004","1480.703","11.10299","136.4443","598695","227849.4"
"","","10454","999999","862","CC","6799498","0.3243794","303801.4","2872100","0","0","","","","","","","","","","0","48.00627","597247.8","10454.02","8885.918","72.32534","61.44624","1750115","0"
"4443","640","3485","999999","287.333333333333","LF","6848535","0.2955151","126581.5","5212150","84.17202","35836.02","","","697","119154.8","35836.02","13382.4","16126.21","3998700","8193302","0","16.00362","608342.8","3485.007","2962.256","0.002801848","172.2558","164590.2","171212.3"
"1481","","11848","999999","2586","LF","6916399","0.2389845","142772.9","5070700","100","0","","","","","","","","1332900","2731101","0","54.40772","677249.9","11848.02","10070.82","0","255.559","0","617228.4"
"","","10454","999999","1293","CC","6973331","0.3326724","307246.3","3001400","0","0","","","","","","","","","","0","48.00627","597247.8","10454.02","8885.918","72.32534","61.44624","1750115","0"
"4443","","8015","999999","1321.73333333333","LF","7029232","0.1503927","48753.52","6398970","100","0","","","","","","","","3998700","8193302","0","36.80603","618137.9","8015.016","6812.764","0","412.7261","0","1994013"
"","","10454","999999","1724","CC","7148338","0.3410213","310781.9","3130700","0","0","","","","","","","","","","0","48.00627","597247.8","10454.02","8885.918","72.42374","61.44624","1751022","0"
"2962","","11848","999999","1953.86666666667","LF","7189003","0.1470844","75423.8","6213960","100","0","","","","","","","","2665800","5462201","0","54.40772","633857.6","11848.02","10070.82","0","431.6014","0","2159360"
"4443","640","","999999","287.333333333333","CC","7209097","0.299713","221867.5","4340900","49.90372","123848.5","","","2470","408925.3","123848.5","47424","55731.82","3998700","8193302","","","","","","0","114.5506","523181.5","239162.4"
"4443","640","","999999","287.333333333333","LF","7209097","0.299713","221867.5","4340900","49.90372","123848.5","","","2470","408925.3","123848.5","47424","55731.82","3998700","8193302","","","","","","0","114.5506","523181.5","239162.4"
"4443","640","","999999","287.333333333333","LF","7209097","0.299713","221867.5","4340900","49.90372","123848.5","","","2470","408925.3","123848.5","47424","55731.82","3998700","8193302","","","","","","0","114.5506","523181.5","239162.4"
"4443","640","","999999","287.333333333333","CC","7209097","0.299713","221867.5","4340900","49.90372","123848.5","","","2470","408925.3","123848.5","47424","55731.82","3998700","8193302","","","","","","0","114.5506","523181.5","239162.4"
"2962","","11848","999999","1321.73333333333","LF","7299249","0.175578","98621.28","6024320","100","0","","","","","","","","2665800","5462201","0","54.40772","633857.6","11848.02","10070.82","0","367.1038","0","1594361"
"2962","","11848","999999","2586","LF","7304309","0.1413654","69673.77","6403600","100","0","","","","","","","","2665800","5462201","0","54.40772","633857.6","11848.02","10070.82","0","456.2647","0","2375411"
"4443","640","3485","999999","287.333333333333","CC","7351490","0.3087704","165487.3","5212150","62.18295","37434.04","","","698","125879.9","37434.04","13401.6","16845.32","3998700","8193302","0","16.00362","211861.9","3485.007","2962.256","5.539087","136.5656","570606.1","220256.5"
"","","10454","999999","2586","CC","7494478","0.3575344","317553.4","3389300","0","0","","","","","","","","","","0","48.00627","597247.8","10454.02","8885.918","72.2956","61.44624","1749841","0"
"4443","","8015","999999","689.6","LF","7509431","0.2344053","100568.5","6209330","100","0","","","","","","","","3998700","8193302","0","36.80603","618137.9","8015.016","6812.764","0","282.8918","0","856664.1"
"4443","640","5227","999999","287.333333333333","LF","7542232","0.3254733","146554.2","5647650","84.34028","35787.19","","","696","118994.8","35787.19","13363.2","16104.24","3998700","8193302","0","24.00314","611684.9","5227.01","4442.959","0","172.5839","161712.2","171073.9"
"2962","","11848","999999","689.6","LF","7605100","0.250526","136949.7","5834680","100","0","","","","","","","","2665800","5462201","0","54.40772","633857.6","11848.02","10070.82","0","268.0606","0","726742.8"
"4443","640","5227","999999","287.333333333333","CC","7685915","0.3289368","157668.7","5647650","78.00654","39397.27","","","698","134199.5","39397.27","13401.6","17728.77","3998700","8193302","0","24.00314","511590.1","5227.01","4442.959","1.452616","162.4805","263322.9","185988.8"
"1481","","15681","999999","689.6","LF","7834669","0.3013453","183688.7","5460030","100","0","","","","","","","","1332900","2731101","0","72.00941","677249.9","15681.03","13328.88","0","229.5815","0","389666.2"
"1481","","15681","999999","1321.73333333333","LF","7944781","0.2749454","177536.9","5649670","100","0","","","","","","","","1332900","2731101","0","72.00941","677249.9","15681.03","13328.88","0","255.1622","0","613752.4"
"4443","","11848","999999","2586","LF","8072962","0.1208821","26026.82","7736500","100","0","","","","","","","","3998700","8193302","0","54.40772","618137.9","11848.02","10070.82","0","589.728","0","3544550"
"1481","","15681","999999","1953.86666666667","LF","8198731","0.2835363","182511.5","5839310","100","0","","","","","","","","1332900","2731101","0","72.00941","677249.9","15681.03","13328.88","0","255.3399","0","615309.3"
"4443","","11848","999999","1953.86666666667","LF","8246200","0.1416389","54097.01","7546860","100","0","","","","","","","","3998700","8193302","0","54.40772","618137.9","11848.02","10070.82","0","514.1055","0","2882096"
"1481","","15681","999999","2586","LF","8453687","0.2923535","187564","6028950","100","0","","","","","","","","1332900","2731101","0","72.00941","677249.9","15681.03","13328.88","0","255.3399","0","615309.3"
"4443","","11848","999999","1321.73333333333","LF","8566235","0.1833524","93522.63","7357220","100","0","","","","","","","","3998700","8193302","0","54.40772","618137.9","11848.02","10070.82","0","412.5573","0","1992534"
"2962","","15681","999999","1953.86666666667","LF","8725050","0.1785114","120119","7172210","100","0","","","","","","","","2665800","5462201","0","72.00941","633857.6","15681.03","13328.88","0","431.6014","0","2159360"
"2962","","15681","999999","1321.73333333333","LF","8835296","0.2125265","143316.5","6982570","100","0","","","","","","","","2665800","5462201","0","72.00941","633857.6","15681.03","13328.88","0","367.1038","0","1594361"
"2962","","15681","999999","2586","LF","8840356","0.1710936","114368.9","7361850","100","0","","","","","","","","2665800","5462201","0","72.00941","633857.6","15681.03","13328.88","0","456.2647","0","2375411"
"4443","","11848","999999","689.6","LF","9045686","0.2823958","145279.7","7167580","100","0","","","","","","","","3998700","8193302","0","54.40772","618137.9","11848.02","10070.82","0","282.8551","0","856342.9"
"2962","","15681","999999","689.6","LF","9141147","0.3011262","181644.9","6792930","100","0","","","","","","","","2665800","5462201","0","72.00941","633857.6","15681.03","13328.88","0","268.0606","0","726742.8"
"4443","","15681","999999","2586","LF","9610250","0.1439544","70817.94","8694750","100","0","","","","","","","","3998700","8193302","0","72.00941","618137.9","15681.03","13328.88","0","589.509","0","3542631"
"4443","","15681","999999","1953.86666666667","LF","9783488","0.1681153","98888.13","8505110","100","0","","","","","","","","3998700","8193302","0","72.00941","618137.9","15681.03","13328.88","0","513.8864","0","2880177"
"4443","","15681","999999","1321.73333333333","LF","1.010337E+07","0.2163543","138302.1","8315470","100","0","","","","","","","","3998700","8193302","0","72.00941","618137.9","15681.03","13328.88","0","412.3648","0","1990848"
"4443","","15681","999999","689.6","LF","1.058228E+07","0.33048","190017.4","8125830","100","0","","","","","","","","3998700","8193302","0","72.00941","618137.9","15681.03","13328.88","0","282.7581","0","855492.6"