sep=,
"Architecture/PV (kW)","Architecture/Gen (kW)","Architecture/1kWh LI (#)","Architecture/Grid (kW)","Architecture/Converter (kW)","Architecture/Dispatch","Cost/NPC ($)","Cost/LCOE ($/kWh)","Cost/Operating cost ($/yr)","Cost/CAPEX ($)","System/Ren Frac (%)","System/Total Fuel (L/yr)","Project Economics/IRR (%)","Project Economics/Simple Payback (yr)","Gen/Hours","Gen/Production (kWh)","Gen/Fuel (L)","Gen/O&M Cost ($/yr)","Gen/Fuel Cost ($/yr)","PV/CAPEX","PV/Energy Production (kWh/yr)","1kWh LI/Auxiliary Load Percent (%)","1kWh LI/Autonomy (hr)","1kWh LI/Annual Throughput (kWh/yr)","1kWh LI/Nominal Capacity (kWh)","1kWh LI/Accessible Capacity (kWh)","Converter/Rectifier Mean Output (kW)","Converter/Inverter Mean Output (kW)","Grid/Energy Purchased (kWh)","Grid/Energy Sold (kWh)"
"289.507988722862","270","274","999999","218.711413993435","CC","1080686","0.1082552","44712","502670.6","54.57168","26814.42","17.92073","5.444245","418","102839.1","26814.42","3385.8","12066.49","260557.2","533879.4","0","3.125901","94637.68","274.0005","232.9005","9.738287","58.35675","247962.9","119531.5"
"300.593623707081","270","251","999999","217.483431822535","CC","1080813","0.1072712","44423.37","506529.3","55.3926","27060.69","17.86459","5.455942","449","103082.3","27060.69","3636.9","12177.31","270534.3","554322.4","0","2.863508","91485.9","251.0005","213.3504","9.513336","59.29737","244581.3","126707.2"
"293.738203524786","270","260","999999","223.241792525571","CC","1081012","0.1076104","44608.33","504336.9","55.03228","27309.89","17.89396","5.448199","438","104422.3","27309.89","3547.8","12289.45","264364.4","541680.3","0","2.966183","92878.86","260.0005","221.0004","9.596717","58.9192","245009.2","124393.4"
"288.830464766826","270","266","999999","215.609906775206","CC","1081020","0.1084751","45011.7","499130.4","54.41905","27213.71","18.01603","5.431797","434","104118","27213.71","3515.4","12246.17","259947.4","532630","0","3.034634","93987.78","266.0005","226.1004","9.691653","58.09069","247257.7","118204.5"
"298.66541149315","270","291","999999","217.783251265477","CC","1081733","0.1076502","43848.26","514883.8","55.36508","26098.98","17.63416","5.493461","399","100297.9","26098.98","3231.9","11744.54","268798.9","550766.6","0","3.319844","95081.9","291.0006","247.3505","9.717078","59.3557","246650.6","124624.2"
"303.001196568639","270","278","999999","221.440499285859","CC","1081842","0.1070416","43721.34","516633.2","55.74751","26456.6","17.50121","5.496662","410","101529.3","26456.6","3321","11905.47","272701.1","558762.1","0","3.171535","93979.73","278.0005","236.3005","9.648088","59.90865","244436.9","129122"
"305.839989389195","270","262","999999","227.946459776974","CC","1081947","0.1063612","43690.29","517139.9","56.0746","26919.67","17.54707","5.495339","428","103026.9","26919.67","3466.8","12113.85","275256","563997.1","0","2.989","92188.66","262.0005","222.7004","9.561603","60.43457","242612.5","134199.8"
"277.789201395786","270","251","999999","216.363169792943","CC","1081978","0.1094621","46127.1","485669.2","53.42743","27850.05","18.46512","5.382713","464","106040.1","27850.05","3758.4","12532.52","250010.3","512268.9","0","2.863508","92878.95","251.0005","213.3504","9.662854","56.80512","250058.1","111931"
"289.844501667393","270","285","999999","214.846191726921","CC","1082060","0.1085945","44671.88","504563.9","54.48497","26513.91","17.79715","5.456494","410","101772.2","26513.91","3321","11931.26","260860","534500","0","3.251393","95533.3","285.0006","242.2505","9.804278","58.26066","249047.2","118098.5"
"280.614159812964","270","278","999999","222.293498382245","CC","1082096","0.1091229","45279.81","496740.8","53.89148","26949.39","18.0578","5.425206","419","103385.2","26949.39","3393.9","12127.22","252552.8","517478.4","0","3.171535","95649.27","278.0005","236.3005","9.782176","57.48711","250299.3","114391.2"
"283.762279066676","270","257","999999","220.401896947474","CC","1082125","0.1087432","45512.89","493756.6","54.06381","27564.29","18.19799","5.411903","450","105190.6","27564.29","3645","12403.93","255386","523283.8","0","2.931958","93490.81","257.0005","218.4504","9.669088","57.68559","248412.1","117090.7"
"292.719470662395","270","296","999999","222.066240736419","CC","1082146","0.1080352","44098.05","512067.4","55.04993","26146.35","17.68877","5.484255","399","100498.6","26146.35","3231.9","11765.86","263447.5","539801.7","0","3.376886","95534.68","296.0006","251.6005","9.698243","58.90074","247787.2","122149.8"
"285.187867462185","270","237","999999","220.122853624201","CC","1082178","0.108609","45810.94","489955.9","54.20293","28062.49","18.21349","5.398376","493","106191.5","28062.49","3993.3","12628.12","256669.1","525912.8","0","2.70379","89265.31","237.0005","201.4504","9.344765","57.52758","246792.8","118079"
"318.624405060514","270","249","999999","220.489393899085","CC","1082210","0.1058242","43245.05","523158.8","56.77878","26703.09","17.39242","5.518181","442","101747.6","26703.09","3580.2","12016.39","286762","587572.8","0","2.840691","90042.44","249.0005","211.6504","9.398615","61.16683","240159.7","138385.2"
"298.435481030403","270","254","999999","233.93951165186","CC","1082547","0.1068335","44267.81","510273.8","55.62657","27095.64","17.73633","5.468899","443","103385.3","27095.64","3588.3","12193.04","268591.9","550342.6","0","2.897733","92040.95","254.0005","215.9004","9.524965","59.80027","244428.9","131155.9"
"292.678400312694","270","247","999999","214.021115340677","CC","1082645","0.1083259","45273.8","497366.9","54.61806","27716.65","18.10867","5.42713","470","105319.8","27716.65","3807","12472.49","263410.6","539725.9","0","2.817874","91257.15","247.0005","209.9504","9.505352","58.20825","245530.1","120426.4"
"297.456751571996","270","292","999999","228.210615008089","CC","1082673","0.1073224","43743.82","517174.3","55.54845","26158.8","17.56204","5.501143","398","100577.2","26158.8","3223.8","11771.46","267711.1","548537.7","0","3.331252","95082.45","292.0006","248.2005","9.686971","59.68024","246302.6","127676.2"
"269.212097544653","270","279","999999","215.596682668004","CC","1082775","0.1106273","46262.2","484719.9","52.68291","27280.56","18.39984","5.384518","427","104582.1","27280.56","3458.7","12276.25","242290.9","496451.9","0","3.182943","96677.33","279.0005","237.1505","9.848106","55.89947","253662","104435.1"
"281.877606674612","270","297","999999","218.390641963875","CC","1082790","0.1092954","44968.63","501457","53.9897","26449.44","17.97171","5.448359","404","101653.9","26449.44","3272.4","11902.25","253689.8","519808.3","0","3.388294","96532.03","297.0006","252.4505","9.806","57.55385","250946","113671.6"
"314.237287269862","270","281","999999","218.335909137702","CC","1082837","0.1064544","43030.1","526564.3","56.48605","26158.02","17.33667","5.536072","403","100444.8","26158.02","3264.3","11771.11","282813.6","579482.6","0","3.20576","93301.84","281.0005","238.8505","9.583133","60.82409","241938.6","134157.3"
"293.833359172815","270","309","999999","215.53402212972","CC","1082960","0.1084751","43983.67","514360.2","55.05426","25776.9","17.57222","5.499663","398","98958.8","25776.9","3223.8","11599.61","264450","541855.8","0","3.525195","95497.66","309.0006","262.6505","9.604371","58.64474","248142","119587.9"
"316.623976578377","270","262","999999","216.252759972647","CC","1083167","0.1064023","43305.3","523337.4","56.48844","26709.03","17.34785","5.523616","427","102160.1","26709.03","3458.7","12019.06","284961.6","583883.8","0","2.989","91520.6","262.0005","222.7004","9.491357","60.77001","240476.9","134783.6"
"302.541665827845","270","266","999999","213.587739675146","CC","1083313","0.107681","44281.43","510863.8","55.37984","27167","17.66123","5.480673","437","103842.6","27167","3539.7","12225.15","272287.5","557914.8","0","3.034634","92504.02","266.0005","226.1004","9.590798","59.29356","243398.2","125536.7"
"307.528069985241","270","231","999999","216.813970059831","CC","1083326","0.1069728","44537.26","507569.5","55.90969","27689.36","17.84135","5.465973","502","104377.9","27689.36","4066.2","12460.21","276775.3","567110.1","0","2.63534","86551.51","231.0005","196.3504","9.086043","59.56236","241015.2","130698"
"268.97904752392","270","266","999999","219.366183564813","CC","1083546","0.1104985","46501.98","482391","52.67595","27912.19","18.47538","5.376028","447","106742.3","27912.19","3620.7","12560.48","242081.1","496022.2","0","3.034634","95076.52","266.0005","226.1004","9.781456","55.9088","252227.4","105857.1"
"294.626230090388","270","230","999999","224.309826464962","CC","1083671","0.1076564","45307.59","497956.6","55.12855","28144.46","17.98254","5.428985","510","106099.9","28144.46","4131","12665.01","265163.6","543317.9","0","2.623931","87342.77","230.0005","195.5004","9.141368","58.62461","243291.7","125971.8"
"279.710878885769","270","263","999999","228.667459090776","CC","1083847","0.1090776","45620.28","494090","53.85516","27561.79","18.13461","5.416374","443","105360.7","27561.79","3588.3","12402.8","251739.8","515812.7","0","3.000408","94113.11","263.0005","223.5504","9.702809","57.4677","249322.5","115951.7"
"290.514431039206","270","227","999999","215.660122114247","CC","1083933","0.108511","45872.82","490911","54.52842","28350.15","18.19302","5.405558","521","106687.6","28350.15","4220.1","12757.57","261463","535735.4","0","2.589706","87328.45","227.0005","192.9504","9.160351","57.74106","244673.4","120026.1"
"280.701757504518","270","283","999999","210.965970286594","CC","1083985","0.1098166","45585.98","494671.4","53.55328","26951.14","18.05158","5.425604","428","103160.3","26951.14","3466.8","12128.01","252631.6","517639.9","0","3.228576","95822.38","283.0006","240.5505","9.826305","57.02254","251485.9","110876.3"
"325.879452681883","270","273","999999","224.706706071188","CC","1084093","0.1052212","42323.59","536953.5","57.44687","26033.14","16.95928","5.572696","406","99838.09","26033.14","3288.6","11714.91","293291.5","600951.8","0","3.114492","91903.61","273.0005","232.0505","9.468397","62.23165","239302.3","144302.6"
"310.180220865843","270","295","999999","238.435873745561","CC","1084149","0.1058027","42676.86","532442.9","56.80187","25721.19","17.13436","5.556901","390","98929.28","25721.19","3159","11574.54","279162.2","572000.9","0","3.365477","94092.6","295.0006","250.7505","9.577075","61.47785","243477.1","139963.1"
"317.324395492988","270","235","999999","226.809999115958","CC","1084337","0.1056867","43624.12","520385","56.8795","27330.94","17.47358","5.51122","484","103323.8","27330.94","3920.4","12298.92","285592","585175.4","0","2.680973","86924.95","235.0005","199.7504","9.105962","61.11761","238901.8","140970.9"
"322.900089153077","270","240","999999","215.579046596709","CC","1084840","0.106167","43438.8","523283.8","56.88432","27149.71","17.36508","5.525547","468","102968.9","27149.71","3790.8","12217.37","290610.1","595457.6","0","2.738015","88035.25","240.0005","204.0004","9.191645","61.00283","237828.3","137746.9"
"313.536834786445","270","339","999999","219.128976162982","CC","1085238","0.1068947","42124.54","540671.9","56.97834","23849.99","16.89133","5.604944","381","91232.03","23849.99","3086.1","10732.5","282183.2","578190.8","0","3.867447","94822.09","339.0007","288.1506","9.327284","60.89915","246630.9","132653.6"
"305.644869441108","270","233","999999","211.935525591842","CC","1085289","0.1076781","44894.73","504911","55.52499","27894.32","17.87074","5.461985","506","105143.2","27894.32","4098.6","12552.44","275080.4","563637.3","0","2.658157","87083.1","233.0005","198.0504","9.160636","59.061","241608.7","126977.1"
"330.082117461923","270","312","999999","225.934377793317","CC","1085731","0.1051517","41375.06","550854.3","57.9987","24210","16.6176","5.631622","370","93041.67","24210","2997","10894.5","297073.9","608701.9","0","3.55942","94027.02","312.0006","265.2005","9.433194","62.81133","242428.2","146034.7"
"284.653186419583","270","228","999999","229.165943779505","CC","1085829","0.1086752","46094.79","489937.7","54.31329","28330.54","18.19766","5.402703","519","106656.1","28330.54","4203.9","12748.74","256187.9","524926.8","0","2.601115","87814.57","228.0005","193.8004","9.184678","57.5882","246450.5","120208.4"
"265.20645905389","270","265","999999","223.66524348255","CC","1086001","0.1110449","46874.1","480035.4","52.30963","28078.06","18.51444","5.371238","451","107342","28078.06","3653.1","12635.13","238685.8","489065.2","0","3.023225","95466.36","265.0005","225.2505","9.835215","55.52745","253442","103835.1"
"302.926771112866","270","219","999999","219.708591084723","CC","1086304","0.1074563","45252.91","501296.7","55.62981","28630.48","17.86446","5.448998","546","107230","28630.48","4422.6","12883.72","272634.1","558624.9","0","2.498439","84058.4","219.0004","186.1504","8.852047","58.97807","239742.9","129317.2"
"263.221998553259","270","292","999999","220.215380497206","CC","1086512","0.1115157","46609.68","483964.4","52.0934","27119.76","18.30482","5.390748","416","104184.7","27119.76","3369.6","12203.89","236899.8","485405.7","0","3.331252","98187.39","292.0006","248.2005","10.01429","55.36034","256874.7","100995.2"
"330.695582228464","270","237","999999","243.843396394463","CC","1086891","0.1038138","42456.89","538029.1","58.20619","26917.01","16.99666","5.573839","468","101982.8","26917.01","3790.8","12112.65","297626","609833.1","0","2.70379","86935.08","237.0005","201.4504","9.139808","63.43306","236493.1","157192.4"
"302.849038845211","270","287","999999","249.499445065235","CC","1087054","0.1064577","43309.91","527163.9","56.25768","26037.81","17.26295","5.539498","396","100116.1","26037.81","3207.6","11717.01","272564.1","558481.6","0","3.27421","94668.92","287.0006","243.9505","9.680125","60.91631","245394","137197.6"
"313.949334312803","270","350","999999","228.78314349748","CC","1087232","0.1064376","41813.31","546689.4","57.38324","23977.92","16.78981","5.631212","384","91696.71","23977.92","3110.4","10790.07","282554.4","578951.5","0","3.992939","94658.37","350.0007","297.5006","9.259387","61.50657","245041.5","137476.1"
"267.261574478476","270","231","999999","223.008181699519","CC","1087316","0.1109153","47505.51","473187.9","52.5394","28711.29","18.67892","5.346","525","108114.7","28711.29","4252.5","12920.08","240535.4","492855","0","2.63534","89550.24","231.0005","196.3504","9.325168","55.297","251785.9","105636.1"
"341.814893802912","270","235","999999","234.763586289432","CC","1087743","0.1036361","41998.04","544812.5","58.70452","26639.99","16.8162","5.601938","467","100834.7","26639.99","3782.7","11987.99","307633.4","630338.2","0","2.680973","86149.26","235.0005","199.7504","9.047431","63.93223","234441.5","159217.2"
"321.833638922374","270","341","999999","245.396262074574","CC","1087778","0.1048666","41095.16","556519.1","58.20232","23498.6","16.49832","5.658905","369","90052.78","23498.6","2988.9","10574.37","289650.3","593490.9","0","3.890264","94461.17","341.0007","289.8506","9.337159","63.14045","245329.3","149715.5"
"278.006546025026","270","267","999999","240.956513240062","CC","1087890","0.1094903","45689.11","497242.8","53.80079","27530.11","17.96328","5.434177","437","105381.4","27530.11","3539.7","12388.55","250205.9","512669.7","0","3.046042","94653.06","267.0005","226.9505","9.73227","57.44844","249700.5","115910"
"271.061468864768","270","300","999999","234.912976080717","CC","1087975","0.1106174","45681.28","497429.2","53.15639","26305.64","18.00484","5.440909","399","101173.6","26305.64","3231.9","11837.54","243955.3","499862.3","0","3.422519","98029.16","300.0006","255.0005","9.922246","56.61148","255220.7","108138.9"
"273.439768798115","270","335","999999","225.407573279316","CC","1088267","0.1106925","45082.05","505468.1","53.59508","25323.14","17.76824","5.482503","398","97035.87","25323.14","3223.8","11395.41","246095.8","504248.2","0","3.821813","97891.4","335.0007","284.7506","9.673407","56.71146","255876","107826.8"
"276.125026646661","270","284","999999","200.135033978739","CC","1088856","0.1113641","46513.43","487553","52.71681","27442.82","18.14937","5.414411","459","104443.4","27442.82","3717.9","12349.27","248512.5","509200","0","3.239985","95270.06","284.0006","241.4005","9.819845","55.85176","253172.7","103649.9"
"350.515316359849","270","285","999999","230.576653001867","CC","1089097","0.1036299","40627.32","563886.8","59.1963","24976.54","16.34586","5.677304","380","96031.88","24976.54","3078","11239.45","315463.8","646382.6","0","3.251393","91750.06","285.0006","242.2505","9.408018","64.83917","235683.9","160276.7"
"259.35748466899","270","289","999999","227.8511285892","CC","1089192","0.112161","46966.84","482027.1","51.75296","27376.14","18.33196","5.387487","420","105167.9","27376.14","3402","12319.26","233421.7","478279.1","0","3.297027","98203.49","289.0006","245.6505","9.982358","54.88686","257257.1","98507.54"
"325.187508045307","270","292","999999","206.738865256749","CC","1089719","0.1074705","42856.53","535690.4","56.71806","25528.7","16.93225","5.589927","408","97648.78","25528.7","3304.8","11487.92","292668.8","599675.8","0","3.331252","92853.96","292.0006","248.2005","9.463238","60.74533","241833.1","131671.6"
"334.366322589437","270","313","999999","213.773700422322","CC","1089724","0.1063428","41648.57","551311.8","57.76464","24246.21","16.63469","5.646845","380","92936.9","24246.21","3078","10910.79","300929.7","616602.3","0","3.570828","93520.05","313.0006","266.0505","9.363734","62.12643","241850.9","139993.4"
"346.846237046468","270","250","999999","214.68098672171","CC","1090932","0.1053951","42070.43","547065.9","58.19794","26218.95","16.64228","5.624096","436","99850.88","26218.95","3531.6","11798.53","312161.6","639616.4","0","2.852099","88667.94","250.0005","212.5004","9.258589","62.94025","234852.3","148007.4"
"356.974429737352","270","303","999999","250.244624469021","CC","1091325","0.1019594","39545.45","580100.4","60.25399","23877.97","15.95343","5.734767","363","91815.37","23877.97","2940.3","10745.09","321277","658293.8","0","3.456744","92458.29","303.0006","257.5505","9.344398","66.78616","237267.4","175285.9"
"295.093027938714","270","219","999999","240.157772276885","CC","1092444","0.1078934","45798.68","500381.1","55.31789","29051.61","17.80235","5.453489","559","108679","29051.61","4527.9","13073.23","265583.7","544178.8","0","2.498439","84395.83","219.0004","186.1504","8.886176","58.81351","241284.9","130551.9"
"255.746561137302","270","255","999999","232.746068509107","CC","1092734","0.1127323","48036.16","471745.7","51.25753","28722.86","18.70761","5.351488","474","109480.6","28722.86","3839.4","12925.29","230171.9","471620.3","0","2.909141","94976.76","255.0005","216.7504","9.82263","54.21334","255995.1","97131.05"
"357.442177610636","270","314","999999","220.436685571194","CC","1092844","0.1046178","40109.39","574328.9","59.40622","23580.49","16.08318","5.731589","360","90632.18","23580.49","2916","10611.22","321698","659156.3","0","3.582237","92629.95","314.0006","266.9005","9.225664","64.50927","237385.2","155369.8"
"272.982979087492","270","233","999999","247.081618542474","CC","1093904","0.110601","47019.46","486059.2","53.26799","28535.82","18.15794","5.402613","516","107603.5","28535.82","4179.6","12841.12","245684.7","503405.8","0","2.658157","89377.18","233.0005","198.0504","9.322923","56.33655","249932.3","112398.4"
"298.166666666667","270","351","999999","210","CC","1093999","0.109623","43852.11","527100","55.46052","25550.65","17.12186","5.584425","435","97044.61","25550.65","3523.5","11497.79","268350","549846.8","0","4.004347","94417.11","351.0007","298.3506","9.324782","58.68979","246786.5","119291"
"298.166666666667","270","351","999999","255","CC","1095096","0.1078764","42892.72","540600","56.38266","24381.88","16.82286","5.620921","392","93202.02","24381.88","3175.2","10971.85","268350","549846.8","0","4.004347","95677.16","351.0007","298.3506","9.42387","60.46399","249305.3","132576.5"
"304.978738598258","270","219","999999","190.505324749156","CC","1098112","0.1109903","46701.14","494382.5","54.32993","29521.51","17.80995","5.458684","587","109947.3","29521.51","4754.7","13284.68","274480.9","562408.9","0","2.498439","83771.02","219.0004","186.1504","8.838848","56.76997","239577.9","112648.2"
"373.660627186109","270","245","999999","222.095815399945","CC","1098349","0.1038705","40701.95","572173.3","59.92981","25745.76","15.99563","5.724668","436","97845.63","25745.76","3531.6","11585.59","336294.6","689064.7","0","2.795057","86829.3","245.0005","208.2504","9.027246","65.46159","229913.2","165283.1"
"250.590810104208","270","344","999999","233.241377742333","CC","1098715","0.1144878","47125.09","489504.2","51.12941","25773.93","18.01877","5.447468","408","98687.99","25773.93","3304.8","11598.27","225531.7","462112.6","0","3.924489","100393.2","344.0007","292.4006","9.867695","53.7159","264104.3","89674.6"
"231.633382737376","270","232","999999","209.686192297719","CC","1099032","0.1165468","51181.99","437375.9","48.11201","30212.59","19.69841","5.239612","563","113495.6","30212.59","4560.3","13595.67","208470","427153.3","0","2.646748","92642.63","232.0005","197.2004","9.591841","50.15977","265000.9","76770.77"
"253.931914121222","270","313","999999","246.252272840182","CC","1099295","0.1139793","47234.96","488664.4","51.28256","26731.91","18.00651","5.434914","406","102799.3","26731.91","3288.6","12029.36","228538.7","468273.9","0","3.570828","99698.02","313.0006","266.0505","10.00523","54.20742","260661.7","93380.76"
"381.152397039896","270","329","999999","236.587319695842","CC","1100150","0.1023758","38359","604263.4","61.31095","22709.16","15.36799","5.848498","351","87172.13","22709.16","2843.1","10219.12","343037.2","702880.2","0","3.753363","91699.23","329.0007","279.6506","9.084243","67.74231","234436.3","178586.3"
"316.556029444182","270","395","999999","239.944018792974","CC","1100344","0.1068917","41516.86","563633.6","57.82936","23711.6","16.17414","5.729185","400","90154.98","23711.6","3240","10670.22","284900.4","583758.5","0","4.506317","95784.13","395.0008","335.7507","9.28288","62.33966","245644","143607.8"
"381.764913675395","270","219","999999","249.427546717081","CC","1101966","0.1011074","40286.09","581166.7","61.26786","26967.08","15.85635","5.753325","502","101317.1","26967.08","4066.2","12135.19","343588.4","704009.7","0","2.498439","81445.24","219.0004","186.1504","8.628304","68.04801","225226.7","190403.9"
"387.448588840407","270","226","999999","233.721378792451","CC","1104940","0.1025031","40349.6","583320.1","60.9809","26571.67","15.72966","5.773177","484","100106.2","26571.67","3920.4","11957.25","348703.7","714490.9","0","2.578298","82653.31","226.0005","192.1004","8.70965","67.2146","225253.5","181169.1"
"374.889756935158","270","254","999999","207.427468739814","CC","1106413","0.1062993","41406.58","571129","59.17845","26088.34","15.8684","5.745571","438","99245.75","26088.34","3547.8","11739.75","337400.8","691331.3","0","2.897733","87686.8","254.0005","215.9004","9.134538","64.00682","229425.1","152462.1"
"409.979166666667","270","219","999999","277.5","CC","1110888","0.09796031","38360.58","614981.3","63.38677","26531.55","15.11692","5.877016","495","99652.2","26531.55","4009.5","11939.2","368981.3","756039.4","0","2.498439","80576.53","219.0004","186.1504","8.526572","72.4499","221523.8","224534.7"
"283.102897144127","270","194","999999","233.233367777989","CC","1112401","0.1113946","48821.31","481262.6","53.78735","31205.42","18.07659","5.417622","685","114552.8","31205.42","5548.5","14042.44","254792.6","522067.8","0","2.213229","79540.02","194.0004","164.9003","8.464939","56.34102","242426.5","119792.6"
"298.166666666667","270","351","999999","300","CC","1112546","0.1094081","43198.24","554100","56.42373","24367.48","16.24761","5.69723","391","93166.81","24367.48","3167.1","10965.37","268350","549846.8","0","4.004347","95689.95","351.0007","298.3506","9.468594","60.63227","249603.6","133920.3"
"371.759916062781","270","459","999999","232.5","CC","1113872","0.1047578","37655.21","627083.9","61.27339","20283.77","14.79206","5.987502","321","77668.59","20283.77","2600.1","9127.695","334583.9","685559.6","0","5.236454","96404.05","459.0009","390.1508","8.958719","66.96118","240856.2","169817.5"
"226.978075633629","270","281","999999","167.5","CC","1114959","0.1200932","52769.5","432780.3","46.69975","31339.01","19.59701","5.278278","644","116177.6","31339.01","5216.4","14102.55","204280.3","418568.5","0","3.20576","91078.01","281.0005","238.8505","9.501163","48.28684","266607.1","65488.19"
"278.169211015836","270","486","999999","179.890385089305","CC","1117039","0.1163283","45114.56","533819.4","52.7663","22436.31","16.45104","5.702675","419","84260.04","22436.31","3393.9","10096.34","250352.3","512969.7","0","5.544481","99771.28","486.001","413.1008","9.429886","54.66871","266588.6","90114.63"
"309.994795166928","270","600","999999","212.401471413582","CC","1119376","0.112313","40120.66","600715.8","57.68398","14490.04","15.07263","5.916103","231","55440.23","14490.04","1871.1","6520.518","278995.3","571659","0","6.845038","106879.5","600.0012","510.001","8.9134","60.14961","270798.9","118280.4"
"409.979166666667","270","482","999999","277.5","CC","1125486","0.09971331","34403.69","680731.3","64.38714","17979.12","13.83945","6.436275","277","69038.23","17979.12","2243.7","8090.603","368981.3","756039.4","0","5.498847","96944.41","482.001","409.7008","8.894579","73.53783","241903.2","220437"
"298.166666666667","270","614","999999","255","CC","1126213","0.1122753","40213.67","606350","57.5235","13409.57","14.88649","5.939624","206","51507.02","13409.57","1668.6","6034.307","268350","549846.8","0","7.004756","109404.8","614.0012","521.9011","9.207924","60.64466","278079.7","123248.8"
"344.734927058259","270","180","999999","204.026817040183","CC","1131855","0.1104865","46983.92","524469.5","56.95633","30959.92","16.57122","5.620993","728","112402.2","30959.92","5896.8","13931.96","310261.4","635723","0","2.053512","73704.04","180.0004","153.0003","7.895107","59.834","228693","139761.4"
"269.105071796943","270","171","999999","219.675488505605","CC","1132328","0.1153168","52096.69","458847.2","52.01531","33394.73","18.3662","5.367673","817","120422.2","33394.73","6617.7","15027.63","242194.6","496254.6","0","1.950836","74283.7","171.0003","145.3503","7.946723","53.46654","244052.4","106885.8"
"448.875150948663","270","248","999999","224.672971301555","CC","1132430","0.103254","37984.1","641389.5","62.94783","24552","14.27617","6.085562","402","93664.7","24552","3256.2","11048.4","403987.6","827767.2","0","2.829283","85348.07","248.0005","210.8004","8.929823","70.36277","220677.7","195699.5"
"330.260764377016","270","171","999999","239.182169306783","CC","1134942","0.1085929","47588.65","519739.3","57.3124","31937.6","16.73049","5.592935","780","115202.6","31937.6","6318","14371.92","297234.7","609031.3","0","1.950836","71937.5","171.0003","145.3503","7.732922","61.03335","229908.5","155779.2"
"366.333659429978","270","178","999999","217.695531325737","CC","1137877","0.1083312","45667.57","547508.9","58.62539","30535.92","15.95933","5.711296","724","110708.6","30535.92","5864.4","13741.16","329700.3","675553.1","0","2.030695","72835.45","178.0004","151.3003","7.817096","62.60468","225462.7","159828.1"
"209.880491746088","270","474","999999","232.5","CC","1138430","0.1240005","50534.62","485142.4","45.44214","25070.75","17.24798","5.55481","385","96301.98","25070.75","3118.5","11281.84","188892.4","387039","0","5.40758","110745.1","474.0009","402.9008","10.88652","48.29971","291156.2","57500.04"
"190.507489652962","270","224","999999","232.5","CC","1139017","0.1259442","56763.46","405206.8","41.90826","32993.45","20.19394","5.193034","638","123343.5","32993.45","5167.8","14847.05","171456.7","351313.4","0","2.555481","94699.92","224.0004","190.4004","9.808426","43.79286","283054.2","46900.8"
"275.601839141767","270","162","999999","202.508856715448","CC","1139462","0.1161636","52768.68","457294.3","52.11444","34075.86","18.30869","5.376188","872","121888.5","34075.86","7063.2","15334.14","248041.7","508235.2","0","1.84816","71685.11","162.0003","137.7003","7.681498","53.22652","241456.6","106099.4"
"187.280811036595","270","370","999999","191.277863547319","CC","1142893","0.12716","55421.09","426436.1","41.54613","30955.37","19.10698","5.329519","571","116436.7","30955.37","4625.1","13929.92","168552.7","345363.1","0","4.221107","103661.9","370.0007","314.5006","10.57038","44.10033","289963","42570.14"
"391.631153770434","270","453","999999","196.760250646173","CC","1146540","0.1110503","39744.16","632746.1","59.94324","21992.13","14.19351","6.257385","390","83126.52","21992.13","3159","9896.458","352468","722203.9","0","5.168004","93854.42","453.0009","385.0508","8.915232","64.03783","236785","145967.1"
"322.421479402604","270","160","999999","226.549348415536","CC","1146601","0.1112087","49542.16","506144.1","56.32354","33239.18","16.75727","5.566153","860","118652.7","33239.18","6966","14957.63","290179.3","594574.9","0","1.825344","68953.57","160.0003","136.0003","7.406771","59.07706","229689.6","144873"
"186.354166666667","270","219","999999","277.5","CC","1164727","0.1292536","58093.79","413718.8","41.1912","33739.2","19.31564","5.271147","670","125677.6","33739.2","5427","15182.64","167718.8","343654.3","0","2.498439","93425.08","219.0004","186.1504","9.720769","43.0092","284251.5","44375.54"
"407.860704106991","270","323","999999","178.553484328143","CC","1167605","0.1154163","43180.34","609390.7","58.55598","26712.62","14.25046","6.146813","551","98973.52","26712.62","4463.1","12020.68","367074.6","752132.8","0","3.684912","84479.18","323.0006","274.5505","8.504623","61.26177","225347.9","129874.5"
"521.791666666667","270","351","999999","255","CC","1171966","0.1002382","33270.41","741862.5","66.84818","20879.54","12.58732","7.134048","336","79805.99","20879.54","2721.6","9395.792","469612.5","962231.9","0","4.004347","87286.25","351.0007","298.3506","8.630148","78.10075","220023.3","251734.4"
"186.354166666667","270","482","999999","277.5","CC","1175483","0.1310068","53839.77","479468.8","41.35773","25652.82","16.71243","5.610712","392","98587.88","25652.82","3175.2","11543.77","167718.8","343654.3","0","5.498847","115490","482.001","409.7008","11.48258","44.85569","308434.5","41398.38"
"298.166666666667","270","833","999999","180","CC","1195811","0.1250615","43102.67","638600","56.36234","8569.355","13.35454","6.524522","201","31124.61","8569.355","1628.1","3856.21","268350","549846.8","0","9.503195","111973","833.0016","708.0514","8.164767","56.1837","291639.3","86967.02"
"502.154345878136","270","494","999999","213.951612903226","CC","1197244","0.1094852","34780.07","747624.4","64.83186","16962.25","12.11526","7.452974","268","64961.41","16962.25","2170.8","7633.013","451938.9","926018.9","0","5.635748","94496.52","494.001","419.9008","8.502698","71.55341","232521.2","193208.2"
"298.166666666667","270","351","999999","125","CC","1204942","0.1318367","54406.61","501600","47.63326","31869.03","15.66007","5.776084","815","114008.3","31869.03","6601.5","14341.06","268350","549846.8","0","4.004347","82249.16","351.0007","298.3506","8.086613","46.95555","256220.6","54313.93"
"393.360544909988","270","130","999999","231.030336769638","CC","1205451","0.1116427","49631.91","563833.6","59.76542","34756.42","14.52076","5.892253","1052","120124.8","34756.42","8521.2","15640.39","354024.5","725393.1","0","1.483092","56407.91","130.0003","110.5002","6.177845","63.48659","215924.8","182547.5"
"399.545323096667","270","915","999999","215.550188987013","LF","1210078","0.1289449","34737.69","761005.9","83.71586","14403.15","12.28507","6.924972","600","45544.15","14403.15","4860","6481.417","359590.8","736798.4","0","10.43868","228581.4","915.0018","777.7515","0.3631966","69.75646","72667.09","73250.39"
"392.501287982054","270","902","999999","215.978504039692","LF","1210282","0.1293607","35485.31","751544.7","82.95352","14928.18","12.38478","6.869313","622","47201.02","14928.18","5038.2","6717.68","353251.2","723808.6","0","10.29037","224926.6","902.0018","766.7015","0.3890781","68.94253","76167.29","71038.74"
"395.025343013771","270","914","999999","218.766867849847","LF","1210805","0.1291783","35053.32","757652.9","83.36568","14639.55","12.30001","6.912783","610","46287.74","14639.55","4941","6587.796","355522.8","728463.2","0","10.42728","226960.5","914.0018","776.9016","0.3764995","69.39689","74319.8","72374.16"
"405.876680464014","270","903","999999","214.446221573188","LF","1210957","0.1284841","34622.59","763372.9","83.98916","14353.84","12.11899","6.92745","599","45361.01","14353.84","4851.9","6459.228","365289","748474.1","0","10.30178","229232","903.0018","767.5515","0.3589663","70.27883","71367.9","76383.01"
"406.987065348915","270","891","999999","216.849281808148","LF","1211321","0.1281859","34749.71","762093.1","83.8875","14469.67","12.15372","6.912721","604","45722.78","14469.67","4892.4","6511.353","366288.3","750521.7","0","10.16488","228208.3","891.0018","757.3515","0.3681636","70.38734","72055.95","78298.61"
"394.449357667962","270","910","999999","212.728806056532","LF","1211347","0.1295648","35352.8","754323.1","83.19183","14833.85","12.3384","6.893386","619","46878.73","14833.85","5013.9","6675.23","355004.4","727401","0","10.38164","226548.8","910.0018","773.5015","0.3798391","69.08186","74680.16","70535.03"
"396.003694530911","270","896","999999","218.810304852884","LF","1211586","0.1290191","35392.7","754046.4","83.15508","14917.53","12.19187","6.88105","622","47155.89","14917.53","5038.2","6712.888","356403.3","730267.3","0","10.22192","225355.2","896.0018","761.6015","0.390759","69.36697","75208.27","73737.2"
"400.457823932882","270","919","999999","223.272744974814","LF","1211817","0.128654","34552.13","765143.9","83.88958","14301.51","12.22066","6.956915","596","45216.72","14301.51","4827.6","6435.68","360412","738481.2","0","10.48432","229125.6","919.0018","781.1516","0.3602993","70.15472","72166.42","75937.77"
"409.901725258169","270","900","999999","206.599108966659","LF","1211916","0.1287732","34656.65","763891.3","84.10946","14300.04","12.12226","6.930645","598","45158.85","14300.04","4843.8","6435.019","368911.6","755896.6","0","10.26756","230342.1","900.0018","765.0015","0.3514311","70.26921","70524.41","75322.52"
"412.034006823344","270","915","999999","216.399655310898","LF","1212045","0.128116","34000.69","772500.5","84.61998","13792.12","12.02153","6.981646","576","43574.48","13792.12","4665.6","6206.454","370830.6","759828.7","0","10.43868","232324.3","915.0018","777.7515","0.3416716","71.05146","68978.52","79134.8"
"406.004987710877","270","890","999999","221.877807687449","LF","1212049","0.1280351","34777.04","762467.8","83.8383","14524.97","12.1414","6.917457","606","45905.49","14524.97","4908.6","6536.238","365404.5","748710.6","0","10.15347","227754.5","890.0018","756.5015","0.368767","70.47144","72443.07","79599.48"
"398.479952949607","270","925","999999","213.349382709856","LF","1212225","0.1294474","34835.6","761886.8","83.68974","14472.08","12.23306","6.94887","603","45758.79","14472.08","4884.3","6512.435","358632","734833.8","0","10.55277","229387.4","925.0018","786.2516","0.3628292","69.58778","72391.75","71715.41"
"389.310198022305","270","924","999999","215.490176067077","LF","1212272","0.1300627","35447.31","754026.3","82.98322","14879.57","12.28671","6.913063","621","47020.84","14879.57","5030.1","6695.805","350379.2","717923.9","0","10.54136","226233.8","924.0018","785.4016","0.3879848","68.70802","75669.2","68316.18"
"411.659046832848","270","889","999999","211.368043017494","LF","1212299","0.1282686","34666.03","764153.6","84.09288","14342","12.13898","6.925402","601","45259.21","14342","4868.1","6453.902","370493.2","759137.3","0","10.14207","229449.4","889.0018","755.6515","0.3605801","70.56216","71037.08","78417.4"
"391.844456436203","270","921","999999","207.818619512968","LF","1212578","0.1302833","35530.57","753255.6","83.06157","14933.43","12.3101","6.904137","623","47197.45","14933.43","5046.3","6720.042","352660","722597.3","0","10.50713","227081.2","921.0018","782.8516","0.3839445","68.6697","74751.7","67276.95"
"398.468845628195","270","887","999999","213.766104501561","LF","1212710","0.1291561","35599.12","752501.8","83.14516","15079.16","12.20761","6.868303","630","47634.3","15079.16","5103","6785.624","358622","734813.3","0","10.11925","225250.7","887.0018","753.9515","0.3910719","69.34985","74785.5","73639.89"
"403.112459928127","270","924","999999","217.53761648206","LF","1212894","0.1289085","34487.02","767062.5","84.08218","14243.26","12.19179","6.97374","594","45021.51","14243.26","4811.4","6409.467","362801.2","743376.6","0","10.54136","230593.1","924.0018","785.4016","0.3563178","70.23469","70832.17","75145.51"
"418.418646587265","270","914","999999","220.35865171409","LF","1212942","0.1274764","33553.05","779184.4","85.0738","13477.05","11.97043","7.01455","562","42600.8","13477.05","4552.2","6064.674","376576.8","771602.6","0","10.42728","233792.5","914.0018","776.9016","0.3281884","71.82586","67260.42","83351.05"
"382.190615668344","270","910","999999","214.412498428426","LF","1213450","0.1306726","36329.85","743795.3","82.16672","15543.86","12.37196","6.855525","648","49138.77","15543.86","5248.8","6994.737","343971.6","704794.8","0","10.38164","222553.9","910.0018","773.5015","0.4154861","67.81475","78962.56","65648.9"
"415.274532924175","270","864","999999","223.137416485102","LF","1213611","0.1270823","34726.1","764688.3","84.04887","14596.4","12.13493","6.91538","612","46053.24","14596.4","4957.2","6568.379","373747.1","765804.6","0","9.856855","226854.4","864.0017","734.4015","0.3717163","71.26855","71780.83","86040.58"
"404.644364472629","270","937","999999","216.305523470744","LF","1213785","0.1290923","34226.5","771321.6","84.37439","14012.21","12.12654","7.007424","584","44300.58","14012.21","4730.4","6305.494","364179.9","746201.5","0","10.68967","232496.6","937.0019","796.4516","0.3514118","70.42389","69347.84","74642.85"
"417.489843608791","270","865","999999","214.068853422989","LF","1213793","0.127559","34777.08","764211.5","84.09016","14571.33","12.13961","6.915963","611","45972.84","14571.33","4949.1","6557.1","375740.8","769889.8","0","9.868264","227611.4","865.0017","735.2515","0.3668974","71.0439","71134.45","83390.23"
"428.436219077286","270","906","999999","213.849509958263","LF","1213850","0.1272092","33231.63","784247.4","85.52376","13233.19","11.95076","7.0374","552","41825.59","13233.19","4471.2","5954.936","385592.6","790075.9","0","10.33601","235166.6","906.0018","770.1016","0.3271515","72.40765","65027.52","85448.97"
"405.920730401273","270","931","999999","219.980790574767","LF","1213894","0.1287316","34176.77","772072.9","84.42238","14007.27","12.13205","7.005883","584","44279.66","14007.27","4730.4","6303.271","365328.7","748555.3","0","10.62122","232163.6","931.0019","791.3516","0.3501189","70.66508","69347.38","76746.32"
"411.724655528834","270","924","999999","212.408879056074","LF","1213946","0.1286591","34087.85","773274.9","84.64415","13842.61","11.9764","7.002343","579","43710.98","13842.61","4689.9","6229.175","370552.2","759258.3","0","10.54136","233378","924.0018","785.4016","0.3410053","70.8829","68366.28","77188.56"
"396.439276725213","270","859","999999","218.395784587597","LF","1214138","0.1289028","36284.92","745064.1","82.56403","15672.88","12.29728","6.815963","657","49453.12","15672.88","5321.7","7052.793","356795.3","731070.6","0","9.799813","220833.9","859.0017","730.1515","0.4128662","69.10625","77585.78","75924.2"
"390.11130788922","270","970","999999","217.448042476732","LF","1214371","0.1304847","34618.88","766834.6","83.63742","14229.74","12.05208","7.030311","592","45015.86","14229.74","4795.2","6403.383","351100.2","719401.3","0","11.06615","230710.4","970.002","824.5016","0.3770186","69.1311","72779.57","67228.97"
"401.950288946577","270","823","999999","209.342715267382","LF","1214441","0.1286696","36830.95","738308.1","82.20336","16116.74","12.40816","6.756326","677","50817.68","16116.74","5483.7","7252.532","361755.3","741233.4","0","9.389112","217636.3","823.0016","699.5514","0.4114141","68.94571","79116.45","77426.41"
"394.266516639349","270","945","999999","221.929911843747","LF","1214634","0.1297522","34729.45","765668.8","83.68022","14439.07","12.1144","7.002554","602","45644.71","14439.07","4876.2","6497.58","354839.9","727063.8","0","10.78094","229700","945.0019","803.2516","0.3719679","69.56416","72531.46","71449.9"
"387.573652636631","270","896","999999","213.575114511451","LF","1214908","0.1303174","36358.04","744888.8","82.38581","15590.3","12.39384","6.85006","652","49232.28","15590.3","5281.2","7015.633","348816.3","714721.6","0","10.22192","223035.9","896.0018","761.6015","0.4128267","68.25714","77792.56","68472.25"
"439.008996453224","270","880","999999","218.857099159937","LF","1215026","0.125943","32973.16","788765.3","85.72941","13176.86","11.9162","7.051505","551","41612.67","13176.86","4463.1","5929.585","395108.1","809573.1","0","10.03939","233736.8","880.0018","748.0015","0.3260525","73.37671","64884.57","93592.22"
"389.44666287194","270","878","999999","216.527157496375","LF","1215084","0.1298535","36520.8","742960.1","82.27931","15754.57","12.25466","6.825855","660","49721.84","15754.57","5346","7089.555","350502","718175.6","0","10.01657","221301.6","878.0018","746.3015","0.4213818","68.43024","78545.99","71152.7"
"378.175797216073","270","909","999999","217.778691179469","LF","1215226","0.1310458","36687.94","740941.8","81.80935","15813.25","12.35032","6.852151","660","49970.53","15813.25","5346","7115.963","340358.2","697391.1","0","10.37023","220902","909.0018","772.6516","0.4309494","67.44482","80516.44","64651.4"
"404.497196411697","270","938","999999","204.074354662351","LF","1215354","0.1300403","34622.59","767769.8","84.21535","14262.78","12.14381","6.998233","596","45052.59","14262.78","4827.6","6418.251","364047.5","745930.1","0","10.70108","233178.4","938.0019","797.3016","0.3514118","69.87181","69062.82","70273.69"
"384.222004073666","270","892","999999","217.29798550986","LF","1215427","0.1304139","36622.45","741989.2","82.09596","15817.81","12.39625","6.835956","661","49964.04","15817.81","5354.1","7118.016","345799.8","708540.8","0","10.17629","221396.5","892.0018","758.2015","0.4305685","68.01599","79110.5","68245.91"
"382.916491248205","270","890","999999","219.939809177195","LF","1215747","0.1304149","36715.49","741106.8","81.97523","15896.76","12.40018","6.832676","664","50221.16","15896.76","5378.4","7153.544","344624.8","706133.3","0","10.15347","220649.1","890.0018","756.5015","0.438146","67.94185","79757.05","68430.19"
"387.558722675151","270","951","999999","210.596177185951","LF","1215787","0.131054","35432.57","757731.7","83.07356","14877.41","12.15499","6.975377","621","47011.69","14877.41","5030.1","6694.833","348802.8","714694","0","10.84939","228501.1","951.0019","808.3516","0.3847627","68.45858","74455.16","64937.68"
"380.233992020321","270","918","999999","225.661179739652","LF","1215857","0.1307151","36236.46","747408.9","82.19062","15478.99","12.28081","6.897255","646","48915.52","15478.99","5232.6","6965.546","342210.6","701186.6","0","10.47291","222496.4","918.0018","780.3016","0.4147765","67.94529","79226.08","66839.2"
"417.792292666338","270","989","999999","208.1957625082","LF","1215859","0.1292178","32654.19","793721.8","85.951","12538.22","11.86023","7.155893","521","39680.95","12538.22","4220.1","5642.2","376013.1","770447.5","0","11.2829","241712.6","989.002","840.6517","0.2983458","71.72959","62575.65","75178.3"
"418.057525797184","270","772","999999","223.41738047333","LF","1215878","0.1258968","36480.39","744277","82.36333","16276.28","12.23092","6.774817","685","51287.18","16276.28","5548.5","7324.324","376251.8","770936.6","0","8.807282","212559.4","772.0015","656.2013","0.4399464","70.70396","80470.66","94389.33"
"376.457042006897","270","895","999999","215.162252991853","LF","1215997","0.1312696","37198.68","735110","81.43763","16174.7","12.43071","6.811121","677","51063.31","16174.7","5483.7","7278.616","338811.3","694221.5","0","10.21052","219008.8","895.0018","760.7515","0.4441099","67.08278","81947.34","63882.18"
"426.299862295279","270","826","999999","236.909139665725","LF","1216353","0.1251218","34585.95","769242.6","84.11024","14823.19","12.13726","6.933083","623","46730.3","14823.19","5046.3","6670.437","383669.9","786136.3","0","9.423336","223108.8","826.0016","702.1014","0.3724293","72.59521","72758.92","99310.7"
"411.543855710139","270","888","999999","198.836758115028","LF","1216502","0.1295998","35309.3","760040.5","83.84515","14750.03","12.14499","6.921288","619","46523.55","14750.03","5013.9","6637.514","370389.5","758924.8","0","10.13066","229880.3","888.0018","754.8015","0.3623","69.87856","70775.98","73416.44"
"408.328162424077","270","946","999999","227.36319506754","LF","1216505","0.1285238","33749.76","780204.3","84.86118","13677.83","12.01409","7.066037","570","43245.08","13677.83","4617","6155.025","367495.3","752994.8","0","10.79234","234614.2","946.0019","804.1016","0.3438324","71.29031","67597.64","79496.89"
"374.933563465638","270","930","999999","217.90228417595","LF","1216541","0.1316884","36606.4","743310.9","81.78271","15681.96","12.25794","6.894012","655","49543.28","15681.96","5305.5","7056.884","337440.2","691412.1","0","10.60981","221618.6","930.0018","790.5016","0.4229488","67.15987","80637.73","61923.06"
"371.955821750695","270","897","999999","210.058314662393","LF","1216570","0.1319648","37636.16","730027.8","80.99092","16460.52","12.43949","6.791426","689","51964.69","16460.52","5580.9","7407.235","334760.3","685920.8","0","10.23333","217773.2","897.0018","762.4515","0.4490546","66.40467","83593.23","60443.68"
"386.600545537377","270","873","999999","212.617013799389","LF","1216716","0.1304336","37032.68","737975.6","81.9111","16137.24","12.29576","6.802336","676","50930.37","16137.24","5475.6","7261.757","347940.5","712927.1","0","9.959531","220103.4","873.0018","742.0515","0.4270291","67.92146","79595.51","68901.72"
"424.349717852481","270","944","999999","211.532106230109","LF","1217045","0.128316","33082.19","789374.4","85.7573","13021.56","11.79997","7.103872","543","41161.16","13021.56","4398.3","5859.704","381914.8","782540","0","10.76953","238839.8","944.0019","802.4016","0.3195943","72.16179","63335.66","81008.63"
"376.79804612298","270","914","999999","221.320710316148","LF","1217271","0.131294","36763.15","742014.4","81.77561","15856.83","12.30338","6.872738","663","50077.76","15856.83","5370.3","7135.575","339118.3","694850.4","0","10.42728","221065.2","914.0018","776.9016","0.4287741","67.40076","80623.59","64499.8"
"384.406146230224","270","871","999999","206.109187094763","LF","1217282","0.1310232","37418.93","733548.3","81.63629","16371.28","12.31738","6.778396","687","51638.14","16371.28","5564.7","7367.075","345965.5","708880.4","0","9.936714","219516.4","871.0018","740.3515","0.4374258","67.43459","80335.84","65989.09"
"443.408012436461","270","891","999999","208.153303622135","LF","1217313","0.126844","32879.45","792263.2","85.94333","12971.59","11.84579","7.091735","541","41001.04","12971.59","4382.1","5837.217","399067.2","817685.3","0","10.16488","235848.1","891.0018","757.3515","0.3075908","73.15628","63350.67","89685.98"
"370.645235856916","270","927","999999","212.351583785096","LF","1217786","0.1323854","37188.13","737036.2","81.30432","16082.09","12.31044","6.863218","672","50799.93","16082.09","5443.2","7236.938","333580.7","683504","0","10.57558","220164.8","927.0018","787.9516","0.4400851","66.50602","82232.32","58888.49"
"365.917058989411","270","923","999999","206.751015616747","LF","1218416","0.1330476","37773.3","730100.7","80.74398","16474.85","12.3529","6.82674","688","52051.24","16474.85","5572.8","7413.684","329325.3","674784.8","0","10.52995","218222","923.0018","784.5516","0.4529113","65.77168","84356.77","55713.12"
"383.453087288461","270","697","999999","214.997805554574","LF","1219354","0.1285264","40804.21","691857.1","78.33368","19560.36","12.7618","6.456699","828","61511.86","19560.36","6706.8","8802.162","345107.8","707122.9","0","7.951653","192035.1","697.0014","592.4512","0.6394895","66.29777","97492","81197.11"
"265.144152243384","270","121","999999","233.509385522269","CC","1220310","0.1244342","59824.12","446932.6","50.61361","39476.33","16.89613","5.487507","1272","134445.9","39476.33","10303.2","17764.35","238629.7","488950.3","0","1.380416","53796.21","121.0002","102.8502","5.925852","50.07389","240201.3","105925.7"
"370.731575248748","270","959","999999","197.553515269923","LF","1220792","0.1336505","37139.22","740674.5","81.56451","15927.26","12.19897","6.917088","666","50298.75","15927.26","5394.6","7167.267","333658.4","683663.2","0","10.94065","224107.3","959.0019","815.1516","0.4254525","66.23686","79961.15","53893.23"
"362.115489516078","270","856","999999","215.775425699907","LF","1221016","0.1325581","39325.41","712636.6","79.46059","17807.49","12.59819","6.692674","749","56123.52","17807.49","6066.9","8013.37","325903.9","667774.4","0","9.765588","208974.3","856.0017","727.6014","0.5103605","65.16924","90224.93","59846.52"
"393.287029209789","270","746","999999","239.24623241096","LF","1221098","0.1272115","38744.18","720232.2","80.34538","18027.64","12.56335","6.647667","761","56746.61","18027.64","6164.1","8112.438","353958.3","725257.6","0","8.510664","202768.4","746.0015","634.1013","0.5241581","68.65468","89193.18","89843.08"
"456.668264616755","270","932","999999","216.634677720056","LF","1221650","0.1260361","31302.07","816991.8","87.4064","11738","11.59296","7.251085","488","37141.92","11738","3952.8","5282.102","411001.4","842138.4","0","10.63263","243078.1","932.0019","792.2016","0.2734729","75.10065","57282.98","97106.47"
"364.839231582359","270","745","999999","198.648431785528","LF","1221980","0.131961","41754.35","682199.8","77.57795","19853.55","12.8742","6.432907","840","62444.47","19853.55","6804","8934.097","328355.3","672797.2","0","8.499256","195748.7","745.0015","633.2513","0.6051692","64.0733","98167.84","63635.63"
"380.369362525912","270","893","999999","241.270316076582","LF","1221995","0.1304516","36823.15","745963.5","81.9166","16018.64","12.26279","6.894733","670","50582.7","16018.64","5427","7208.387","342332.4","701436.2","0","10.1877","220019.8","893.0018","759.0515","0.4410036","68.22414","80451.73","71932.96"
"391.556176243059","270","835","999999","187.912806899727","LF","1223218","0.1319614","38498.81","725524.4","81.18659","17142.27","12.37441","6.73146","722","54001.64","17142.27","5848.2","7714.019","352400.6","722065.7","0","9.526011","217928.3","835.0016","709.7514","0.4275995","66.90426","80897.55","64359.16"
"353.052310547054","270","903","999999","214.141307586262","LF","1224021","0.1342466","39317.83","715739.5","79.22738","17590.52","12.41349","6.770866","738","55488.11","17590.52","5977.8","7915.736","317747.1","651061","0","10.30178","210415.6","903.0018","767.5515","0.5131551","64.32859","91020.16","52616.46"
"461.194258242141","270","949","999999","248.250995176659","LF","1225696","0.123763","30237.47","834800.1","88.16991","11252.64","11.40105","7.350529","467","35627.32","11252.64","3782.7","5063.688","415074.8","850484.8","0","10.82657","245967.1","949.0019","806.6516","0.2565778","77.37693","55001.14","113406"
"469.607974617315","270","912","999999","232.817312751919","LF","1225914","0.1240082","30742.32","828492.4","87.77876","11693.61","11.46099","7.316048","486","37005.44","11693.61","3936.6","5262.125","422647.2","866000.4","0","10.40446","242117.8","912.0018","775.2015","0.2724257","76.91339","56451.18","112027.5"
"347.154577509734","270","909","999999","222.526106584473","LF","1230079","0.1352353","39886.39","714446.9","78.69131","17923.5","12.43406","6.805598","753","56511.88","17923.5","6099.3","8065.577","312439.1","640185.1","0","10.37023","208435.4","909.0018","772.6516","0.5210104","63.75331","93416.73","50924.94"
"338.426426546333","270","885","999999","206.313675560322","LF","1232126","0.1364671","41492.71","695727.9","77.25648","19180.13","12.61165","6.692959","808","60416.96","19180.13","6544.8","8631.058","304583.8","624089.6","0","10.09643","202675.5","885.0018","752.2515","0.5863511","62.21184","98426.6","45734.11"
"335.635336111942","270","790","999999","223.828262932765","LF","1232258","0.1351313","43128.01","674720.3","75.71567","20694.66","12.82843","6.505131","876","65079.32","20694.66","7095.6","9312.597","302071.8","618942.5","0","9.012634","190681.5","790.0016","671.5013","0.6555775","61.65952","106220.4","52713.64"
"478.467061249043","270","845","999999","212.241143928844","LF","1232541","0.1255542","32411.38","813542.7","86.41522","13106.65","11.39295","7.287361","551","41315.17","13106.65","4463.1","5897.994","430620.3","882337.4","0","9.640096","232099.5","845.0017","718.2515","0.3104168","75.23698","61843.92","106694.3"
"356.083848937594","270","1020","999999","215.07149009601","LF","1232608","0.1358838","37486.81","747996.9","80.7711","15967.4","11.9652","7.096064","667","50443.02","15967.4","5402.7","7185.329","320475.5","656651.4","0","11.63657","220544.9","1020.002","867.0017","0.4510916","65.17332","84483.27","49006.55"
"487.625193263558","270","821","999999","227.713956346888","LF","1232630","0.1231336","31885.72","820426.9","86.46185","13120.64","11.37242","7.316902","551","41374.44","13120.64","4463.1","5904.287","438862.7","899225.8","0","9.366294","228531.3","821.0016","697.8514","0.3142404","76.76036","63459.18","121678.3"
"453.461805555556","270","533","999999","167.5","CC","1232666","0.1234106","41233.76","699615.6","59.95647","18539.27","12.1102","7.413746","408","68029.49","18539.27","3304.8","8342.673","408115.6","836225.4","0","6.080676","93885.95","533.001","453.0509","7.876801","61.17358","241363.2","119962.4"
"354.191920670138","270","837","999999","258.078374705266","LF","1233879","0.1332428","40257.73","713446.3","78.60796","18492.48","12.39842","6.763021","778","58277.52","18492.48","6301.8","8321.616","318772.7","653162.6","0","9.548829","203444.9","837.0016","711.4514","0.5378526","64.8462","94960.27","63652.5"
"378.894445545597","270","608","999999","196.423268606983","LF","1234115","0.1303415","44415.59","659932","75.36575","22732.51","12.94156","6.309992","972","71236.37","22732.51","7873.2","10229.63","341005","698716.3","0","6.936306","174135.9","608.0012","516.801","0.8781401","63.93703","109188.9","79737.86"
"341.931963818702","270","950","999999","212.103015720155","LF","1235504","0.1369992","40118.67","716869.7","78.42659","18001.97","12.26017","6.888801","755","56792.77","18001.97","6115.5","8100.888","307738.8","630554.1","0","10.83798","209305.2","950.0019","807.5016","0.5393355","63.02319","93705.02","44929.22"
"121.371819535167","270","587","999999","192.885243467933","CC","1236233","0.1446647","62996.07","421850.2","27.7685","28236.39","16.94645","5.580352","467","107599.8","28236.39","3782.7","12706.37","109234.6","223820.8","0","6.696729","128243.7","587.0012","498.951","13.19422","34.84285","369873.9","8354.009"
"479.352194729192","270","769","999999","202.823896898996","LF","1236248","0.1262098","34324.77","792514.1","84.48015","14758.3","11.60198","7.2048","624","46429.5","14758.3","5054.4","6641.236","431417","883969.7","0","8.773058","218293.1","769.0015","653.6513","0.372623","73.46376","71164.48","105022.1"
"347.793785327968","270","586","999999","229.514850815863","LF","1236472","0.1307176","46420.59","636368.9","73.10383","24351.68","13.17736","6.153708","1042","76290.51","24351.68","8440.2","10958.25","313014.4","641363.8","0","6.685321","162642.8","586.0012","498.101","1.011133","62.12634","120509.6","79024.71"
"419.959955338614","270","619","999999","251.984045979764","LF","1236809","0.1233395","40262.9","716309.2","78.96248","20564.01","12.35008","6.686307","879","64448.2","20564.01","7119.9","9253.805","377964","774444.9","0","7.061798","181347.2","619.0012","526.1511","0.7972835","70.75933","98736.63","123006.4"
"488.75615530303","270","1052","999999","224.147727272727","LF","1237737","0.1257468","27817.56","878124.9","90.4737","8951.721","10.99581","7.694189","371","28355.44","8951.721","3005.1","4028.274","439880.5","901311.4","0","12.00163","259635.9","1052.002","894.2018","0.1953516","78.84402","44178.37","108727.7"
"483.446588621112","270","875","999999","196.682537791365","LF","1240412","0.1281555","32454.4","820856.7","86.88923","12662.71","11.39409","7.379192","533","39898.65","12662.71","4317.3","5698.221","435101.9","891520.1","0","9.982347","238281.8","875.0018","743.7515","0.2771326","74.5552","58262.95","96031.28"
"436.750466238918","270","720","999999","187.679708813059","LF","1240870","0.1301686","38947.2","737379.3","80.95822","18114.74","12.03792","6.881451","768","56934.98","18114.74","6220.8","8151.634","393075.4","805408.1","0","8.214046","204928.5","720.0015","612.0012","0.4954926","68.67091","83479.62","84724.34"
"358.116154320108","270","484","999999","207.280560356998","LF","1246184","0.1302156","48941.78","613488.7","71.03487","27171.12","13.37264","6.027687","1170","84933.48","27171.12","9477","12227","322304.5","660399.2","0","5.521664","144583.8","484.001","411.4008","1.336768","61.43756","129493.6","87615.33"
"499.334735418316","270","143","999999","192.885243467933","CC","1250347","0.1178405","46360.84","651016.8","61.35805","31401.68","12.5449","6.902044","875","110478.6","31401.68","7087.5","14130.76","449401.3","920819.3","0","1.631401","60477.18","143.0003","121.5502","6.555679","64.3923","206682.8","168091"
"514.935627099436","270","690","999999","214.690726713003","LF","1254288","0.123676","34495.34","808349.3","83.71006","15876.31","11.27054","7.420631","673","49902.07","15876.31","5451.3","7144.338","463442.1","949588.8","0","7.871794","202416.1","690.0014","586.5012","0.4883105","75.48106","77893.68","131828.6"
"289.277490150964","270","684","999999","187.059451262316","LF","1254767","0.1412856","50999.68","595467.6","67.91309","26907.77","13.40685","6.062019","1149","84359.71","26907.77","9306.9","12108.5","260349.7","533454.4","0","7.803344","158510.6","684.0013","581.4012","0.9811158","54.29254","136073.9","34310.88"
"596.333333333333","270","701","999999","360","CC","1257676","0.09473345","25505.73","927950","73.31298","7153.271","10.22916","8.615014","115","27344.22","7153.271","931.5","3218.972","536700","1099694","0","7.997287","99711.3","701.0014","595.8512","7.787546","94.14368","246718.7","374273.8"
"467.301682091103","270","558","999999","224.674179790976","LF","1257962","0.1233547","40416.77","735473.8","78.61038","21430.16","11.73213","6.991525","920","67060.05","21430.16","7452","9643.571","420571.5","861747.4","0","6.365886","168698.8","558.0011","474.3009","0.9576119","71.7981","101672.8","136175.6"
"511.297094186871","270","626","999999","300","LF","1258497","0.1143927","34332.17","814667.4","83.08968","18087.85","11.22658","7.411117","772","56717.75","18087.85","6253.2","8139.534","460167.4","942879","0","7.141657","186928","626.0013","532.1011","0.6814954","81.43747","87192.08","198339.6"
"298.166666666667","270","877","999999","180","LF","1259593","0.1434681","47185.65","649600","71.51411","23341.54","12.67909","6.605662","990","73352.51","23341.54","8019","10503.69","268350","549846.8","0","10.00516","182458.9","877.0018","745.4515","0.7589043","56.24194","120106.8","26462.46"
"317.175900770915","270","105","999999","212.982162243128","CC","1262491","0.1240456","60250.43","483603","53.87473","41469.04","15.10921","5.711166","1454","138191.1","41469.04","11777.4","18661.07","285458.3","584901.6","0","1.197882","44107.77","105.0002","89.25018","4.988974","53.67884","224946.2","134606.4"
"403.590539301554","270","614","999999","165.303025311797","LF","1263493","0.1356155","45574.88","674322.4","75.28884","23131.81","12.37564","6.596608","994","72360.45","23131.81","8051.4","10409.31","363231.5","744258.2","0","7.004756","179506.5","614.0012","521.9011","0.830387","62.81458","105730.2","68010.93"
"293.068472189955","270","802","999999","205.316932943457","LF","1264409","0.1432041","48776","633856.7","70.03984","24753.47","12.83542","6.485172","1053","77709.17","24753.47","8529.3","11139.06","263761.6","540445.3","0","9.149535","171411.5","802.0016","681.7014","0.8442777","55.49696","126917","30316"
"118.572406045752","270","139","999999","200.441176470588","CC","1275789","0.1485801","74739.17","309597.5","27.81866","44748.15","21.30256","5.096643","1276","156683.1","44748.15","10335.6","20136.67","106715.2","218658.5","0","1.585767","69725.43","139.0003","118.1502","7.410196","28.89315","322750.1","11528.12"
"89.3613562582104","270","373","999999","212.982162243128","CC","1276860","0.150613","72039.39","345569.9","19.70354","39036.14","19.05683","5.285352","638","148950.8","39036.14","5167.8","17566.26","80425.22","164790.6","0","4.255332","129887.1","373.0007","317.0506","13.9058","29.38815","377626.7","3113.219"
"596.333333333333","270","701","999999","360","LF","1276988","0.1068454","26999.58","927950","87.57967","14119.22","10.26758","8.081135","598","44392.6","14119.22","4843.8","6353.651","536700","1099694","0","7.997287","206212.1","701.0014","595.8512","0.4033348","92.855","70435.76","271840.6"
"298.166666666667","270","351","999999","180","LF","1277164","0.1378002","58716.95","518100","62.11808","34447.03","14.31863","5.769261","1493","107426.7","34447.03","12093.3","15501.16","268350","549846.8","0","4.004347","108103.6","351.0007","298.3506","1.824173","52.75904","164163.3","64260"
"273.508416656573","270","685","999999","240.266076286387","LF","1285294","0.1456892","53204.81","597487.4","65.69488","28270.02","12.83944","6.305622","1207","88634.98","28270.02","9776.7","12721.51","246157.6","504374.8","0","7.814752","148898.8","685.0013","582.2512","1.044607","52.27807","145474.4","29754.46"
"596.333333333333","270","701","999999","240","CC","1287646","0.111294","30608.83","891950","69.97303","7009.561","10.05207","8.826904","115","26735.21","7009.561","931.5","3154.302","536700","1099694","0","7.997287","99929.97","701.0014","595.8512","7.202952","79.07059","241997.9","242294.3"
"590.990084711752","270","1129","999999","282.171492180185","LF","1289417","0.1187135","21862.23","1006793","94.05743","6141.599","9.701326","8.580607","255","19442.12","6141.599","2065.5","2763.719","531891.1","1089840","0","12.88008","271111.6","1129.002","959.6519","0.1141578","90.33279","30486.86","187513.1"
"596.333333333333","270","701","999999","240","LF","1289999","0.1202961","30790.8","891950","86.15712","14119.22","10.28499","8.10979","598","44392.6","14119.22","4843.8","6353.651","536700","1099694","0","7.997287","206212.1","701.0014","595.8512","0.4033348","82.00944","70435.76","176833.4"
"515.535827378557","270","582","999999","195.786978343158","LF","1292752","0.1290955","39956.16","776218.3","79.65462","20379.13","10.91857","7.510969","877","63716.36","20379.13","7103.7","9170.606","463982.3","950695.6","0","6.639687","175807","582.0012","494.701","0.8319241","71.31189","93883.15","121942"
"266.175697302872","270","488","999999","240","LF","1293354","0.1438028","58154.67","541558.1","61.75609","32820.52","13.62336","5.909725","1410","102677.1","32820.52","11421","14769.23","239558.1","490852.5","0","5.567298","121563.1","488.001","414.8008","1.502307","50.62815","163393.6","43042.05"
"254.590195920433","270","607","999999","213.398449817998","LF","1294803","0.1475106","57389.4","552900.7","61.55634","31634.57","13.34475","5.984805","1353","99123.16","31634.57","10959.3","14235.56","229131.2","469487.8","0","6.924897","131030","607.0012","515.951","1.284794","49.06512","161906.6","26314.61"
"298.166666666667","270","351","999999","300","LF","1304999","0.1373533","58085.29","554100","63.31517","33948.98","13.14213","5.938934","1470","105910","33948.98","11907","15277.04","268350","549846.8","0","4.004347","107271.7","351.0007","298.3506","1.824173","55.04036","163704","82268.27"
"74.5416666666667","270","351","999999","255","CC","1312545","0.1552096","75281.84","339337.5","15.74078","40133.44","18.15193","5.325174","634","153704.2","40133.44","5135.4","18060.05","67087.5","137461.7","0","4.004347","134802.6","351.0007","298.3506","14.67237","27.19905","397481.3","1476.032"
"523.603016460613","270","397","999999","217.284381053108","LF","1316910","0.1251434","44342","743678","75.05547","26141.66","10.86919","7.54497","1136","81448.81","26141.66","9201.6","11763.75","471242.7","965572.3","0","4.529134","128334.2","397.0008","337.4507","1.501849","71.32561","121603.7","161337.9"
"298.166666666667","270","88","999999","255","CC","1335756","0.1309119","66594.82","474850","52.10075","45958.99","13.66573","5.819672","1759","149342.9","45958.99","14247.9","20681.54","268350","549846.8","0","1.003939","35071.64","88.00018","74.80015","4.05126","51.27078","228717.7","136604.6"
"596.333333333333","270","1403","999999","240","LF","1336561","0.1283221","20816.87","1067450","95.95114","4024.219","8.982552","9.282343","168","12715.65","4024.219","1360.8","1810.899","536700","1099694","0","16.00598","287491","1403.003","1192.552","0.08303271","88.33808","19905.9","153019.1"
"596.333333333333","270","1403","999999","360","LF","1336808","0.1174832","18051.23","1103450","96.29382","4024.219","8.884047","9.297276","168","12715.65","4024.219","1360.8","1810.899","536700","1099694","0","16.00598","287491","1403.003","1192.552","0.08303271","96.84213","19905.9","227514.5"
"298.166666666667","270","1052","999999","300","LF","1342020","0.153605","47392.69","729350","72.85172","21500.43","10.59936","7.718156","909","67641.88","21500.43","7362.9","9675.194","268350","549846.8","0","12.00163","188401.7","1052.002","894.2018","0.7040238","56.94599","115834.8","23153.3"
"577.697916666667","270","1052","999999","153.75","LF","1343655","0.1426254","31452.42","937053.1","89.63765","10107.08","9.366771","8.73559","433","31650.65","10107.08","3507.3","4548.186","519928.1","1065328","0","12.00163","264804.3","1052.002","894.2018","0.1281836","74.7046","43864.5","76067.02"
"627.139557764316","270","738","999999","180","LF","1348630","0.1355833","33858.35","910925.6","85.71503","14249.05","9.500194","8.660062","607","44710.39","14249.05","4916.7","6412.075","564425.6","1156503","0","8.419397","215317.4","738.0015","627.3013","0.3228819","75.62763","65203.05","116755.7"
"364.22092987248","","1485","999999","336.085244260821","CC","1360840","0.127427","43393.18","799874.4","65.5839","0","9.869817","8.17732","","","","","","327798.8","671657","0","16.94147","117266.1","1485.003","1262.253","7.371169","69.60686","284310.1","173646.2"
"370.523150455292","","1494","999999","331.897119354479","CC","1362932","0.1266705","43039.39","806540","66.05489","0","9.80472","8.226861","","","","","","333470.8","683278.9","0","17.04415","116864.3","1494.003","1269.903","7.273466","70.41652","282527.6","179846.8"
"745.416666666667","270","1052","999999","360","LF","1364327","0.1086525","16588.77","1149875","95.34366","5447.925","8.482107","9.494869","226","17251.32","5447.925","1830.6","2451.566","670875","1374617","0","12.00163","264717.9","1052.002","894.2018","0.0828875","105.8058","27976.72","318643.8"
"366.685088385573","","1487","999999","343.346998353457","CC","1365593","0.1273604","43382.05","804770.7","65.66379","0","9.779121","8.236381","","","","","","330016.6","676201.1","0","16.96429","117120.3","1487.003","1263.953","7.470584","70.03558","284789.5","176947.6"
"359.736979241098","","1504","999999","330.33751957163","CC","1366047","0.1286593","43874.07","798864.6","65.24934","0","9.805655","8.2092","","","","","","323763.3","663388.2","0","17.15823","117599","1504.003","1278.403","7.386175","68.95098","285412.2","168847.8"
"357.726525032721","","1514","999999","324.739211609946","CC","1366643","0.1292368","43996.65","797875.6","65.22482","0","9.80344","8.206912","","","","","","321953.9","659680.7","0","17.27231","117750.3","1514.003","1286.903","7.250669","68.53862","284461.2","165529.6"
"298.166666666667","270","1052","999999","97.5","LF","1366867","0.1594191","54014.03","668600","69.88882","27322.7","10.70816","7.385001","1173","85498.38","27322.7","9501.3","12295.21","268350","549846.8","0","12.00163","229337.7","1052.002","894.2018","0.4705173","53.40976","114211","10561.79"
"369.224847210998","","1500","999999","337.908491809518","CC","1367908","0.1273042","43259.16","808674.9","65.9396","0","9.727314","8.271786","","","","","","332302.4","680884.7","0","17.1126","116971.7","1500.003","1275.003","7.317159","70.26869","283105.8","178708.6"
"354.810067270401","","1503","999999","336.566778266853","CC","1368628","0.1296144","44291.45","796049.1","64.80934","0","9.786634","8.212836","","","","","","319329.1","654302.5","0","17.14682","117959.7","1503.003","1277.553","7.525392","68.35116","287438","164329.4"
"348.241881715937","","1521","999999","329.127299473457","CC","1371654","0.1312072","44807.4","792405.9","64.42561","0","9.766182","8.214231","","","","","","313417.7","642190.1","0","17.35217","118473.8","1521.003","1292.853","7.424573","67.28922","287679.8","156188.6"
"359.230930890781","","1520","999999","333.936794278612","CC","1373018","0.1295147","44055.61","803488.9","65.30969","0","9.687485","8.279717","","","","","","323307.8","662454.9","0","17.34076","117674","1520.003","1292.003","7.292745","68.81522","284479.2","167556.8"
"363.50098987863","","1532","999999","326.716627486963","CC","1374628","0.1290642","43818.33","808165.9","65.67872","0","9.641053","8.315221","","","","","","327150.9","670329.4","0","17.47766","117393.1","1532.003","1302.203","7.175344","69.32403","282766.4","171375.1"
"345.741583015222","","1517","999999","337.10820909522","CC","1374877","0.1316642","45122.87","791549.9","64.04198","0","9.726774","8.234694","","","","","","311167.4","637579.4","0","17.30654","118673.8","1517.003","1289.453","7.650843","67.10648","290453.6","155269.8"
"348.789903250109","","1509","999999","346.907724495261","CC","1375765","0.1312335","44906.66","795233.3","64.27321","0","9.69477","8.258886","","","","","","313910.9","643200.8","0","17.21527","118441.3","1509.003","1282.653","7.66959","67.57233","289719.9","158436.9"
"329.590974118869","","1535","999999","332.945815859299","CC","1380984","0.1349931","46468.2","780265.6","62.65277","0","9.705183","8.221304","","","","","","296631.9","607796.1","0","17.51189","120026.8","1535.003","1304.753","7.894076","64.90717","295542.8","138843.9"
"307.131043518722","","1606","999999","297.012983068142","CC","1391983","0.1407526","48343.5","767021.8","61.05161","0","9.624929","8.230966","","","","","","276417.9","566378","0","18.32189","122224","1606.003","1365.103","7.588349","61.30347","297955.9","112486.2"
"327.683156816783","","1529","999999","361.75957655612","CC","1392728","0.1363164","46956.83","785692.7","62.23068","0","9.512877","8.336603","","","","","","294914.8","604277.9","0","17.44344","120214.7","1529.003","1299.653","8.182993","64.75771","298498.6","137808"
"340.879282821288","","1598","999999","319.751883518474","CC","1395306","0.1350946","45878","802216.9","64.20486","0","9.394475","8.430053","","","","","","306791.3","628612.8","0","18.23062","119190","1598.003","1358.303","7.08516","66.01524","285983.1","146369.4"
"708.145833333333","270","351","999999","180","CC","1398525","0.1310325","39562.39","887081.3","64.58696","24136.98","8.852395","10.01853","503","89298.09","24136.98","4074.3","10861.64","637331.3","1305886","0","4.004347","79691.15","351.0007","298.3506","7.854203","69.13949","203076.3","172933.9"
"571.393955222722","","1425","999999","350.197151549422","CC","1398978","0.1095922","32752.93","975563.7","75.31191","0","8.649608","9.290723","","","","","","514254.6","1053703","0","16.25697","115530.8","1425.003","1211.252","6.14478","91.36193","243783.1","335095"
"307.03066341166","","1561","999999","347.981627496703","CC","1399288","0.1408537","48602.98","770972.1","60.51107","0","9.499211","8.308816","","","","","","276327.6","566192.9","0","17.80851","122234.3","1561.003","1326.853","8.252475","61.7697","303458.4","115934.6"
"564.850480204441","","1434","999999","347.710744844674","CC","1399898","0.1101934","33163.35","971178.6","75.03596","0","8.65352","9.279118","","","","","","508365.4","1041636","0","16.35964","113495.2","1434.003","1218.902","6.073156","90.56936","245324.4","330361.8"
"574.926172668111","","1425","999999","354.298356258424","CC","1400543","0.1091969","32532.89","979973.1","75.48334","0","8.618849","9.315848","","","","","","517433.6","1060217","0","16.25697","115442.7","1425.003","1211.252","6.128952","91.94205","243238.6","339768.7"
"574.197434472871","","1426","999999","347.941090455988","CC","1401261","0.1098064","32767.36","977660","75.32783","0","8.617402","9.319305","","","","","","516777.7","1058873","0","16.26838","115458.5","1426.003","1212.102","6.135196","91.34246","243547.5","334768.5"
"581.631877612767","","1416","999999","347.505894508081","CC","1401570","0.1094594","32477.23","981720.4","75.48941","0","8.600647","9.34383","","","","","","523468.7","1072583","0","16.15429","115632.8","1416.003","1203.602","6.18152","91.86183","242773.1","338107.4"
"575.324802387121","","1427","999999","358.079945336672","CC","1401716","0.1089283","32469.47","981966.3","75.52106","0","8.600178","9.327986","","","","","","517792.3","1060952","0","16.27978","115441.7","1427.003","1212.952","6.17872","92.31985","243667","343044.5"
"562.209351050377","","1445","999999","356.707253130951","CC","1402221","0.1098915","33105.41","974250.6","75.16099","0","8.61958","9.29367","","","","","","505988.4","1036766","0","16.48513","115832.8","1445.003","1228.252","6.226043","91.24249","245172.5","334692"
"575.09270013591","","1431","999999","352.135702530508","CC","1402970","0.1095731","32643.2","980974.1","75.47072","0","8.588976","9.338035","","","","","","517583.4","1060524","0","16.32542","115453.7","1431.003","1216.352","6.099383","91.75082","242948.5","338069.1"
"559.618464099926","","1450","999999","349.053026508738","CC","1403137","0.1106941","33437.55","970872.5","74.96004","0","8.619419","9.293276","","","","","","503656.6","1031988","0","16.54218","113657.2","1450.003","1232.502","6.058702","90.28227","245524.2","328176.9"
"353.978510798398","","1590","999999","345.041715098654","CC","1403962","0.1335501","45203.45","819593.2","65.08033","0","9.19491","8.578354","","","","","","318580.7","652769","0","18.13935","118164.3","1590.003","1351.503","7.162657","67.95417","283965.7","160622.5"
"596.333333333333","","1403","999999","360","CC","1404951","0.1076931","31676.71","995450","75.90671","0","8.522475","9.417842","","","","","","536700","1099694","0","16.00598","115263.8","1403.003","1192.552","6.323961","94.10168","243138.9","356755"
"584.279126266158","","1423","999999","351.814719655543","CC","1405199","0.1091755","32338.26","987145.6","75.64115","0","8.544969","9.384832","","","","","","525851.2","1077465","0","16.23415","115595.8","1423.003","1209.552","6.182832","92.47913","242523.7","343238.6"
"569.533804077791","","1443","999999","351.459448077909","CC","1405278","0.1101126","32992.41","978768.3","75.28022","0","8.570767","9.342433","","","","","","512580.4","1050273","0","16.46232","115633","1443.003","1226.552","6.152195","91.31331","244036.5","334839.7"
"573.943556600092","","1438","999999","349.279064226137","CC","1405703","0.1100741","32865.59","980832.9","75.36042","0","8.559171","9.358997","","","","","","516549.2","1058405","0","16.40528","115501.2","1438.003","1222.302","6.120023","91.42526","243403.5","335477.5"
"298.166666666667","270","1373","999999","180","LF","1405987","0.1632944","48917.93","773600","73.96424","20540.02","9.410357","8.462951","868","64630.55","20540.02","7030.8","9243.008","268350","549846.8","0","15.66373","200878.9","1373.003","1167.052","0.650883","56.92091","108775.9","13353.4"
"583.744208967395","","1428","999999","349.235182876148","CC","1407234","0.1096083","32496.05","987140.3","75.57945","0","8.522579","9.40137","","","","","","525369.8","1076478","0","16.29119","115618.7","1428.003","1213.802","6.170965","92.18124","242528.6","340739.5"
"379.422398825767","","1573","999999","367.767398376763","CC","1407469","0.1294684","43504.74","845060.4","66.8743","0","9.036763","8.721266","","","","","","341480.2","699689.9","0","17.94541","116232.8","1573.003","1337.053","7.038191","71.60564","278563.8","188550"
"580.457800217251","","1437","999999","347.154102421441","CC","1408875","0.1101397","32726.08","985808.3","75.49711","0","8.508764","9.406545","","","","","","522412","1070418","0","16.39387","115722.1","1437.003","1221.452","6.142743","91.74461","242454.9","337100.3"
"595.579354372585","","1421","999999","349.782636194115","CC","1411192","0.109152","32101","996206.2","75.83885","0","8.45214","9.471158","","","","","","536021.4","1098303","0","16.21133","115267.5","1421.003","1207.852","6.152551","93.05822","241633.3","347671.9"
"594.835515002091","","1424","999999","358.472306529473","CC","1411676","0.1084357","31930.55","998893.6","75.9261","0","8.440214","9.473895","","","","","","535351.9","1096932","0","16.24556","115301.8","1424.003","1210.402","6.23611","93.84837","242434.5","354623.1"
"609.819331320104","","1398","999999","346.924721227834","CC","1411708","0.1086715","31660.61","1002415","76.00674","0","8.427073","9.515991","","","","","","548837.4","1124563","0","15.94894","114882","1398.003","1188.302","6.177797","93.69197","241103.4","352447.1"
"298.166666666667","","1578","999999","360","CC","1411987","0.1436528","49594.77","770850","59.59016","0","9.318907","8.405462","","","","","","268350","549846.8","0","18.00245","123188.4","1578.003","1341.303","8.464389","60.63148","307247.7","107790.3"
"593.624183319948","","1428","999999","354.55140682477","CC","1412536","0.1089396","32095.01","997627.2","75.86999","0","8.4343","9.477972","","","","","","534261.8","1094698","0","16.29119","115338","1428.003","1213.802","6.1842","93.37866","242022.8","350574.3"
"585.953029308867","","1440","999999","350.989198832166","CC","1412728","0.1097642","32494.53","992654.5","75.69549","0","8.446831","9.45759","","","","","","527357.8","1080551","0","16.42809","115602.4","1440.003","1224.002","6.136664","92.48942","241974.6","343182.5"
"577.833144687574","","1456","999999","359.109962043154","CC","1414403","0.1096978","32691.5","991782.8","75.62254","0","8.432696","9.449906","","","","","","520049.8","1065578","0","16.61063","115864.5","1456.003","1237.602","6.21378","92.64167","243135.7","344970.8"
"581.776054008059","","1454","999999","354.118592279786","CC","1415702","0.109995","32671.99","993334","75.66453","0","8.413346","9.472693","","","","","","523598.4","1072849","0","16.58781","115752","1454.003","1235.902","6.146176","92.46443","242283.4","343180.8"
"298.790955107791","","1613","999999","342.29767206822","CC","1416680","0.1443732","49648.23","774851.2","59.89719","0","9.231959","8.461184","","","","","","268911.9","550998.1","0","18.40174","123162.8","1613.003","1371.053","8.148028","60.47746","304400.2","106483.6"
"628.957174033003","","1385","999999","357.628697579644","CC","1418043","0.1070575","30821.29","1019600","76.44935","0","8.312047","9.626294","","","","","","566061.4","1159855","0","15.80063","114460.8","1385.003","1177.252","6.308352","96.05872","241301.5","372136.5"
"557.559783543816","","1500","999999","360","CC","1419472","0.111455","33623.51","984803.8","75.31583","0","8.399348","9.437532","","","","","","501803.8","1028192","0","17.1126","116494.9","1500.003","1275.003","6.051432","91.07205","243181.6","332771.4"
"","270","217","999999","146.25","CC","1419572","0.1682453","93865.43","206125","0","56176.02","25.01539","4.73683","1039","211230.8","56176.02","8415.9","25279.21","","","0","2.475622","123142.8","217.0004","184.4504","14.83085","12.66922","467221.4","-9.947598E-14"
"","270","204","999999","138.75","CC","1420247","0.1683253","94343.11","200625","0","57132.66","25.9847","4.58588","1103","213632.3","57132.66","8934.3","25709.7","","","0","2.327313","117115.9","204.0004","173.4003","14.10486","12.04916","463557.2","-1.98952E-13"
"","270","210","999999","142.5","CC","1420448","0.1683492","94155.6","203250","0","57074.52","25.36111","4.669788","1077","214057.2","57074.52","8723.7","25683.53","","","0","2.395763","119503.1","210.0004","178.5004","14.39246","12.29475","463632.8","-2.842171E-14"
"","270","191","999999","138.6328125","CC","1420499","0.1683552","94616.73","197339.8","0","57439.32","25.79223","5.288225","1127","214312.1","57439.32","9128.7","25847.7","","","0","2.179004","115287.5","191.0004","162.3503","13.88406","11.86104","462489.2","-1.847411E-13"
"","270","197","999999","138.522691495343","CC","1420506","0.168356","94503.78","198806.8","0","57363.89","26.53774","4.521288","1119","214199.1","57363.89","9063.9","25813.75","","","0","2.247454","115771.9","197.0004","167.4503","13.94271","11.91088","462706.5","-8.526513E-14"
"","270","198","999999","143.666081257242","CC","1420517","0.1683573","94365.91","200599.8","0","57102.46","25.00792","5.314857","1089","213865.8","57102.46","8820.9","25696.11","","","0","2.258863","119047.1","198.0004","168.3003","14.33687","12.24784","463722.6","-2.273737E-13"
"","270","184","999999","127.5","CC","1420533","0.1683592","95013.07","192250","0","57914.88","27.86897","4.326759","1195","214571.6","57914.88","9679.5","26061.7","","","0","2.099145","108660.4","184.0004","156.4003","13.0862","11.17924","460845.3","-1.705303E-13"
"","270","196","999999","134.0625","CC","1420679","0.1683765","94639.98","197218.8","0","57748.27","26.77756","4.494552","1146","215130.8","57748.27","9282.6","25986.72","","","0","2.236046","112911.9","196.0004","166.6003","13.5985","11.61663","461178.4","-1.278977E-13"
"","270","203","999999","134.53125","CC","1420744","0.1683842","94498.75","199109.4","0","57499.29","26.25824","4.569509","1133","214411.3","57499.29","9177.3","25874.68","","","0","2.315905","113961.9","203.0004","172.5503","13.72527","11.72466","462120.5","-8.570922E-14"
"","270","217","999999","150","CC","1420750","0.168385","93869.55","207250","0","56212.77","24.76992","4.775064","1030","211618.9","56212.77","8343","25295.74","","","0","2.475622","124364.8","217.0004","184.4504","14.97789","12.79494","467087.8","-2.025047E-13"
"","270","204","999999","147.34375","CC","1420783","0.1683888","94185.12","203203.1","0","56679.57","25.87008","4.632638","1062","212770.9","56679.57","8602.2","25505.81","","","0","2.327313","121781.7","204.0004","173.4003","14.66629","12.52919","465390.5","-1.98952E-13"
"","270","210","999999","146.25","CC","1420815","0.1683927","94096.96","204375","0","56778.91","25.43131","4.689339","1059","213269.3","56778.91","8577.9","25550.51","","","0","2.395763","121670.6","210.0004","178.5004","14.65328","12.51775","464872.3","-9.947598E-14"
"","270","197","999999","134.765357734161","CC","1420894","0.1684021","94621.02","197679.6","0","57718.54","26.64216","4.512847","1143","215082.3","57718.54","9258.3","25973.35","","","0","2.247454","113205.1","197.0004","167.4503","13.63385","11.64681","461288.6","-1.136868E-13"
"","270","224","999999","147.83203125","CC","1420903","0.168403","93796.27","208349.6","0","56173.75","24.42624","4.834907","1030","211453.6","56173.75","8343","25278.19","","","0","2.555481","124147.1","224.0004","190.4004","14.95212","12.77254","467211.7","-1.278977E-13"
"","270","224","999999","150","CC","1421125","0.1684294","93763.16","209000","0","56154.55","24.33908","4.848473","1021","211604.6","56154.55","8270.1","25269.55","","","0","2.555481","125134.4","224.0004","190.4004","15.07093","12.87412","467266.3","-8.570922E-14"
"","270","220","999999","144.375","CC","1421127","0.1684297","93971.23","206312.5","0","56400.48","24.84152","4.778566","1052","211846.3","56400.48","8521.2","25380.21","","","0","2.509847","122268.1","220.0004","187.0004","14.72578","12.57923","466425.3","-1.278977E-13"
"","270","210","999999","150","CC","1421171","0.1684348","94037.45","205500","0","56602.8","25.25758","4.715824","1045","212884.5","56602.8","8464.5","25471.26","","","0","2.395763","123160.2","210.0004","178.5004","14.83253","12.67101","465567.4","-1.882938E-13"
"","270","197","999999","142.5","CC","1421286","0.1684485","94471.81","200000","0","57424.28","26.31232","4.555026","1105","214816.4","57424.28","8950.5","25840.93","","","0","2.247454","117440.7","197.0004","167.4503","14.14351","12.08257","462436.8","-1.421085E-13"
"","270","197","999999","127.5","CC","1421414","0.1684636","94829.78","195500","0","57688.52","26.7331","4.474643","1179","214025.5","57688.52","9549.9","25959.83","","","0","2.247454","110021.6","197.0004","167.4503","13.25077","11.31928","461682.2","-1.065814E-13"
"","270","226","999999","151.25","CC","1421446","0.1684675","93720.34","209875","0","56099.6","24.14076","4.876932","1013","211578.3","56099.6","8205.3","25244.82","","","0","2.578298","126042.9","226.0005","192.1004","15.18037","12.96759","467483","-1.705303E-13"
"","270","224","999999","146.25","CC","1421591","0.1684846","93886.21","207875","0","56096.88","24.44692","4.83515","1041","210843.8","56096.88","8432.1","25243.6","","","0","2.555481","123365.1","224.0004","190.4004","14.85803","12.69209","467658.5","-1.350031E-13"
"","270","217","999999","142.5","CC","1421599","0.1684855","94109.23","205000","0","56987.27","24.82384","4.755986","1073","213790.8","56987.27","8691.3","25644.27","","","0","2.475622","120047.9","217.0004","184.4504","14.45844","12.3508","464016.6","-1.030287E-13"
"","270","219","999999","142.5","CC","1421656","0.1684923","94074.98","205500","0","56763.46","24.908","4.777231","1071","212894","56763.46","8675.1","25543.56","","","0","2.498439","120199.3","219.0004","186.1504","14.47678","12.36638","464946.1","-8.526513E-14"
"","270","190","999999","141.127404517864","CC","1421664","0.1684933","94668.27","197838.2","0","57705.35","25.69778","5.289431","1124","215517","57705.35","9104.4","25967.41","","","0","2.167595","115880.3","190.0004","161.5003","13.95533","11.92203","461407.3","-2.025047E-13"
"","270","184","999999","135","CC","1421750","0.1685035","94933.17","194500","0","58026.27","26.14049","5.266367","1168","215740.8","58026.27","9460.8","26111.82","","","0","2.099145","111550.8","184.0004","156.4003","13.434","11.47661","460278.2","-1.421085E-13"
"","270","191","999999","123.75","CC","1421778","0.1685067","95060.98","192875","0","57855.01","27.37562","4.388902","1206","214033.9","57855.01","9768.6","26034.75","","","0","2.179004","107796","191.0004","162.3503","12.98261","11.0903","461206.8","-9.947598E-14"
"","270","190","999999","142.801546536959","CC","1422276","0.1685658","94676.77","198340.5","0","57711.86","25.58897","5.292075","1120","215647.8","57711.86","9072","25970.33","","","0","2.167595","116439.5","190.0004","161.5003","14.02262","11.97957","461392.9","-2.273737E-13"
"","270","206","999999","150.924479166667","CC","1422419","0.1685828","94189.95","204777.3","0","56767.36","25.44769","4.699615","1055","213323.6","56767.36","8545.5","25545.31","","","0","2.35013","122754.8","206.0004","175.1004","14.7835","12.62929","465041.6","-1.847411E-13"
"","270","210","999999","135","CC","1422562","0.1685997","94493.13","201000","0","57404.9","25.78043","4.675164","1134","213985.5","57404.9","9185.4","25832.21","","","0","2.395763","114086.8","210.0004","178.5004","13.74072","11.73752","462576.2","-4.263256E-14"
"","270","224","999999","157.5","CC","1422854","0.1686343","93722.87","211250","0","56139.8","23.85783","4.920789","1003","212006.9","56139.8","8124.3","25262.91","","","0","2.555481","127129.1","224.0004","190.4004","15.31095","13.07934","467279.6","-1.278977E-13"
"600.664234253914","","1444","999999","360","CC","1422922","0.1088398","31972.44","1009598","76.07782","0","8.289696","9.591409","","","","","","540597.8","1107680","0","16.47373","115228.5","1444.003","1227.402","6.220294","94.3755","241924","358838.6"
"","270","210","999999","157.5","CC","1422983","0.1686496","94003.59","207750","0","56470.76","24.82693","4.789557","1027","212789.7","56470.76","8318.7","25411.84","","","0","2.395763","125284.9","210.0004","178.5004","15.08819","12.8896","466104.8","-2.131628E-13"
"","270","184","999999","120","CC","1423210","0.1686766","95394.22","190000","0","58160.43","28.14867","4.303954","1242","214398.6","58160.43","10060.2","26172.19","","","0","2.099145","104393.4","184.0004","156.4003","12.57275","10.74023","460129.4","-1.278977E-13"
"","270","171","999999","127.5","CC","1423252","0.1686815","95474.79","189000","0","58280.64","27.74454","5.216037","1224","215372.8","58280.64","9914.4","26226.29","","","0","1.950836","107048.9","171.0003","145.3503","12.89151","11.01344","459701.2","-1.847411E-13"
"","270","183","999999","143.364483173077","CC","1423335","0.1686913","94881","196759.3","0","57649.48","26.10891","5.270618","1136","214970.3","57649.48","9201.6","25942.27","","","0","2.087737","115320.3","183.0004","155.5503","13.88753","11.86442","461833.4","-1.463718E-12"
"","270","220","999999","158.541666666667","CC","1423370","0.1686954","93815.95","210562.5","0","56266.11","24.03867","4.897256","1009","212387.2","56266.11","8172.9","25319.75","","","0","2.509847","126763.2","220.0004","187.0004","15.26668","13.0417","466820.8","-1.278977E-13"
"","270","175","999999","120","CC","1423595","0.1687222","95598.03","187750","0","58266.28","28.58292","4.206692","1257","214459.8","58266.28","10181.7","26219.83","","","0","1.996469","103282","175.0004","148.7503","12.43847","10.62589","459831.6","-1.278977E-13"
"358.424859590123","","1660","999999","331.369801841835","CC","1423638","0.1350875","45379.55","836993.3","65.73881","0","8.859432","8.80302","","","","","","322582.4","660968.5","0","18.93794","117684.4","1660.003","1411.003","6.750478","68.2826","279300.5","162798.8"
"","270","219","999999","138.75","CC","1423764","0.1687421","94325.05","204375","0","56779.13","24.94669","4.785236","1100","212211.6","56779.13","8910","25550.61","","","0","2.498439","118233.8","219.0004","186.1504","14.24027","12.16417","465219","-4.263256E-14"
"","270","224","999999","142.5","CC","1424034","0.1687741","94162.2","206750","0","56749.04","24.41616","4.86039","1077","212678","56749.04","8723.7","25537.07","","","0","2.555481","120344.4","224.0004","190.4004","14.49454","12.38131","465195.1","-2.131628E-14"
"","270","237","999999","165","CC","1424048","0.1687758","93389.78","216750","0","55421.42","22.91798","5.031948","961","210047.1","55421.42","7784.1","24939.64","","","0","2.70379","131055.2","237.0005","201.4504","15.78416","13.48327","470064.5","-1.705303E-13"
"","270","198","999999","154.270833333333","CC","1424058","0.168777","94393.71","203781.3","0","57046.81","24.58149","5.332904","1069","214146.4","57046.81","8658.9","25671.06","","","0","2.258863","121583.8","198.0004","168.3003","14.64212","12.50883","463970.5","-3.410605E-13"
"","270","182","999999","146.25","CC","1424209","0.168795","94901.01","197375","0","57560.95","25.93792","5.273106","1136","214595.2","57560.95","9201.6","25902.43","","","0","2.076328","115243.3","182.0004","154.7003","13.8782","11.8565","462191.9","-1.634248E-13"
"","270","177","999999","138.476502309955","CC","1424313","0.1688072","95186.08","193793","0","58257.44","26.43887","5.251202","1181","216384.8","58257.44","9566.1","26215.85","","","0","2.019286","111051.1","177.0004","150.4503","13.37345","11.42519","459526.2","-2.700062E-13"
"","270","175","999999","135","CC","1424517","0.1688315","95321.27","192250","0","58523.52","26.78557","5.242042","1200","217021.8","58523.52","9720","26335.59","","","0","1.996469","109462.9","175.0004","148.7503","13.18223","11.2618","458557.3","-1.705303E-13"
"","270","237","999999","150","CC","1424864","0.1688725","93800.98","212250","0","55966.84","23.46649","5.009488","1025","210705.9","55966.84","8302.5","25185.08","","","0","2.70379","125594.5","237.0005","201.4504","15.12708","12.92146","468268.2","-5.329071E-14"
"","270","239","999999","155.286458333333","CC","1425313","0.1689257","93674.36","214335.9","0","56081.21","23.12695","5.026159","1002","211784.4","56081.21","8116.2","25236.55","","","0","2.726607","127772.9","239.0005","203.1504","15.38932","13.14557","467644.5","-1.778577E-13"
"","270","219","999999","135","CC","1425357","0.1689309","94535.3","203250","0","57051.03","24.97414","4.807501","1137","212408.5","57051.03","9209.7","25672.96","","","0","2.498439","114629.5","219.0004","186.1504","13.80657","11.79335","464271.3","-2.131628E-14"
"","270","210","999999","165","CC","1425952","0.1690015","94059.2","210000","0","56722.76","24.26965","4.896929","1026","213883.4","56722.76","8310.6","25525.24","","","0","2.395763","125344.7","210.0004","178.5004","15.09539","12.89576","465023.6","-1.705303E-13"
"","270","197","999999","157.5","CC","1425972","0.1690038","94486.16","204500","0","57270.19","24.12444","5.338865","1075","214938.1","57270.19","8707.5","25771.59","","","0","2.247454","121140.8","197.0004","167.4503","14.58875","12.46325","463085.9","-3.268497E-13"
"","270","184","999999","150","CC","1426003","0.1690075","94914.04","199000","0","57934.07","25.44591","5.290132","1135","216202.2","57934.07","9193.5","26070.33","","","0","2.099145","115292.4","184.0004","156.4003","13.88422","11.86155","460596.3","-2.629008E-13"
"","270","175","999999","142.5","CC","1426465","0.1690623","95297.91","194500","0","58400.7","26.18807","5.256448","1192","216707.9","58400.7","9655.2","26280.32","","","0","1.996469","109937.2","175.0004","148.7503","13.2393","11.3106","458970","-2.273737E-13"
"","270","171","999999","142.5","CC","1426704","0.1690906","95393.75","193500","0","58324.93","26.49771","5.243728","1203","216102.7","58324.93","9744.3","26246.22","","","0","1.950836","108823.3","171.0003","145.3503","13.10501","11.19599","459340.8","-2.557954E-13"
"618.73047471136","","1427","999999","353.844431509152","CC","1427314","0.1087302","31526.03","1019761","76.34674","0","8.214352","9.681014","","","","","","556857.4","1140996","0","16.27978","114726.9","1427.003","1212.952","6.130632","94.95281","240184.7","362952.8"
"793.536644168722","270","995","999999","240","LF","1427784","0.1280178","22034.44","1142933","94.38229","5907.241","7.962374","10.02561","246","18681.37","5907.241","1992.6","2658.259","714183","1463355","0","11.35136","258769.2","995.002","845.7517","0.08934403","93.047","29784.56","210055.4"
"","270","210","999999","127.5","CC","1428743","0.1693323","95145.33","198750","0","58081.87","25.46412","4.718349","1202","215098.5","58081.87","9736.2","26136.84","","","0","2.395763","109996.8","210.0004","178.5004","13.24857","11.31672","460611.2","2.131628E-14"
"","270","175","999999","150","CC","1428907","0.1693517","95312.73","196750","0","58344.06","25.58189","5.272131","1187","216596.9","58344.06","9614.7","26254.83","","","0","1.996469","110294.2","175.0004","148.7503","13.28225","11.34732","459155.3","-2.415845E-13"
"","270","190","999999","163.75","CC","1429026","0.1693658","94712.77","204625","0","57534.93","24.10385","5.333691","1100","215414.5","57534.93","8910","25890.72","","","0","2.167595","118330.1","190.0004","161.5003","14.25011","12.17407","462020.2","-3.268497E-13"
"","270","242","999999","146.40625","CC","1429249","0.1693922","94126.89","212421.9","0","56143.78","23.0669","5.040153","1062","210500.3","56143.78","8602.2","25264.7","","","0","2.760832","123359.6","242.0005","205.7004","14.85844","12.69152","468010.9","-3.176126E-12"
"","270","158","999999","120","CC","1429312","0.1693997","96368.98","183500","0","58913.39","28.71667","5.177579","1313","215756.2","58913.39","10635.3","26511.02","","","0","1.802527","99521.64","158.0003","134.3003","11.98497","10.23902","457742.5","-1.563194E-13"
"","270","184","999999","165","CC","1431435","0.1696513","94986.13","203500","0","57839.84","24.30499","5.322961","1129","215957.8","57839.84","9144.9","26027.93","","","0","2.099145","115793.7","184.0004","156.4003","13.94455","11.91313","460945.1","-2.984279E-13"
"","270","210","999999","180","CC","1431721","0.1696852","94157.38","214500","0","56822.32","23.22345","5.029724","1024","214357","56822.32","8294.4","25570.05","","","0","2.395763","125440.6","210.0004","178.5004","15.10692","12.90562","464569.9","-2.842171E-13"
"","270","210","999999","120","CC","1432699","0.1698012","95625.43","196500","0","57799.9","26.14612","4.733656","1264","212302.7","57799.9","10238.4","26009.95","","","0","2.395763","104362.5","210.0004","178.5004","12.5706","10.73706","462233.2","-5.684342E-14"
"","270","158","999999","135","CC","1433914","0.1699452","96376.91","188000","0","59043.25","27.29295","5.207974","1298","216693.8","59043.25","10513.8","26569.46","","","0","1.802527","101015","158.0003","134.3003","12.16467","10.39266","457116","-2.557954E-13"
"","270","237","999999","135","CC","1434857","0.1700569","94922.1","207750","0","57516.07","23.7739","5.023354","1171","213501.3","57516.07","9485.1","25882.23","","","0","2.70379","114209.6","237.0005","201.4504","13.75712","11.75015","463101","-2.842171E-14"
"","270","229","999999","125.8125","CC","1435078","0.1700831","95307.13","202993.8","0","57449.67","24.70452","5.002041","1222","211903","57449.67","9898.2","25852.35","","","0","2.612523","109678.7","229.0005","194.6504","13.21144","11.284","463750.9","-7.105427E-15"
"","270","263","999999","210","CC","1436091","0.1702031","92774.27","236750","0","54595.49","19.83009","5.286158","862","209103.3","54595.49","6982.2","24567.97","","","0","3.000408","139753.5","263.0005","223.5504","16.83239","14.37817","472834.8","-3.552714E-13"
"","270","263","999999","157.5","CC","1436650","0.1702694","94035.82","221000","0","56132.12","22.0357","5.080752","1024","211432.1","56132.12","8294.4","25259.45","","","0","3.000408","129163.4","263.0005","223.5504","15.55208","13.28863","468244.5","-2.202682E-13"
"665.219052132071","","1374","999999","353.084968147012","CC","1437398","0.1072532","30112.12","1048123","77.01624","0","8.036281","9.896882","","","","","","598697.1","1226725","0","15.67514","113589.4","1374.003","1167.902","6.167187","97.63612","238271.8","384221.2"
"","270","263","999999","151.25","CC","1437488","0.1703687","94245.7","219125","0","56341","22.13529","5.079104","1060","211387.7","56341","8586","25353.45","","","0","3.000408","125893.8","263.0005","223.5504","15.16465","12.95224","467663.1","-1.314504E-13"
"","270","263","999999","150","CC","1438533","0.1704926","94355.54","218750","0","56657.73","21.89915","5.081681","1075","212342.6","56657.73","8707.5","25495.98","","","0","3.000408","124466.8","263.0005","223.5504","14.99294","12.80544","466410.9","-1.278977E-13"
"","270","258","999999","141.5625","CC","1439434","0.1705994","94717.76","214968.8","0","57077.98","22.3519","5.070859","1131","212677.6","57077.98","9161.1","25685.09","","","0","2.943367","119111.8","258.0005","219.3004","14.34827","12.2545","464957.6","-9.237056E-14"
"608.523049034468","","1476","999999","345.363233733426","CC","1439524","0.1111635","32430.4","1020280","76.20716","0","8.083582","9.763206","","","","","","547670.8","1122173","0","16.83879","115078.6","1476.003","1254.603","5.87718","93.32967","238335.1","349196.3"
"","270","158","999999","150","CC","1439950","0.1706605","96495.7","192500","0","59042.39","25.85472","5.243501","1298","216690.2","59042.39","10513.8","26569.08","","","0","1.802527","101005","158.0003","134.3003","12.16346","10.39163","457117.5","-2.557954E-13"
"","270","175","999999","104.625","CC","1440002","0.1706667","97224","183137.5","0","59234.22","28.78306","4.370619","1455","213449.2","59234.22","11785.5","26655.4","","","0","1.996469","85367.23","175.0004","148.7503","10.28187","8.782779","457101.8","-6.394885E-14"
"298.166666666667","270","351","999999","90","LF","1440302","0.1662393","73424.92","491100","50.8098","43153.38","11.21824","6.210897","1869","134613.2","43153.38","15138.9","19419.02","268350","549846.8","0","4.004347","113198.9","351.0007","298.3506","1.736862","40.70127","195059.7","17521.95"
"","270","139","999999","112.3125","CC","1441250","0.1708146","97838.31","176443.8","0","59803.33","30.84065","4.007372","1485","215086.3","59803.33","12028.5","26911.5","","","0","1.585767","83341.98","139.0003","118.1502","10.03692","8.574416","455031.2","-1.918465E-13"
"","270","171","999999","180.714285714286","CC","1442110","0.1709165","95698.63","204964.3","0","58372.68","23.34604","5.333725","1203","216305.1","58372.68","9744.3","26267.71","","","0","1.950836","108806.5","171.0003","145.3503","13.103","11.19427","459135","-3.268497E-13"
"","270","263","999999","135","CC","1442419","0.1709532","95004.28","214250","0","57018.45","21.92891","5.083639","1181","211134.3","57018.45","9566.1","25658.3","","","0","3.000408","114518","263.0005","223.5504","13.79579","11.78187","465546.7","-4.973799E-14"
"648.778280421107","","1420","999999","360","CC","1442782","0.1077672","30623.14","1046900","76.96504","0","7.98553","9.899934","","","","","","583900.4","1196407","0","16.19992","114033.6","1420.003","1207.002","6.121254","97.43233","238553.8","383109.9"
"","270","316","999999","120","CC","1443788","0.1711153","94433.27","223000","0","56566.5","21.08555","5.167503","1199","208754.3","56566.5","9711.9","25454.93","","","0","3.605054","110748","316.0006","268.6005","13.34534","11.39401","467170.7","4.263256E-14"
"","270","285","999999","146.25","CC","1445228","0.171286","94534.98","223125","0","56574.16","20.62983","5.130205","1101","211317.2","56574.16","8918.1","25458.38","","","0","3.251393","123107.3","285.0006","242.2505","14.83067","12.66556","467165.3","-1.065814E-13"
"","270","263","999999","116.625","CC","1445779","0.1713513","95690.56","208737.5","0","57388.4","22.86679","5.077689","1289","209913.4","57388.4","10440.9","25824.78","","","0","3.000408","103635.9","263.0005","223.5504","12.48636","10.6623","464500.6","-7.105427E-14"
"","270","131","999999","105","CC","1446262","0.1714086","98550.42","172250","0","60296.54","31.13624","3.922308","1567","215059.1","60296.54","12692.7","27133.44","","","0","1.4945","76160.11","131.0003","111.3502","9.172243","7.835529","453557.8","-1.776357E-13"
"306.81405574416","","1643","999999","380.874150698827","CC","1446759","0.1455137","49941.08","801144.9","60.34659","0","8.688845","8.830492","","","","","","276132.7","565793.4","0","18.744","122313.5","1643.003","1396.553","8.436222","61.86192","304970.4","116534.6"
"623.345248183286","","1477","999999","360","CC","1448334","0.1095372","31720.99","1038261","76.63254","0","7.94889","9.881548","","","","","","561010.8","1149506","0","16.8502","114717.4","1477.003","1255.453","6.038541","95.83125","239003.1","370258"
"","270","351","999999","120","CC","1448467","0.17167","94118.41","231750","0","56220.4","19.83872","5.235265","1177","207855.6","56220.4","9533.7","25299.18","","","0","4.004347","112524.4","351.0007","298.3506","13.56055","11.57678","468452.8","2.131628E-14"
"298.166666666667","","1753","999999","300","CC","1449577","0.1489531","50510.64","796600","60.55209","0","8.668222","8.826277","","","","","","268350","549846.8","0","19.99892","123398.4","1753.004","1490.053","7.255675","59.67329","296961.8","100122.2"
"","270","351","999999","150","CC","1449962","0.1718471","93537.84","240750","0","55811.96","19.16564","5.253347","1025","210049.5","55811.96","8302.5","25115.38","","","0","4.004347","129765.9","351.0007","298.3506","15.63352","13.35062","469835","-1.421085E-14"
"","270","272","999999","245","CC","1450210","0.1718765","92880.18","249500","0","54535.07","17.84679","5.498777","854","209053.8","54535.07","6917.4","24540.78","","","0","3.103084","140029.8","272.0005","231.2005","16.86618","14.4066","472946.8","-4.192202E-13"
"596.333333333333","270","701","999999","120","LF","1451012","0.1598936","46030.66","855950","77.48031","20524.46","8.494016","9.224996","889","64022.39","20524.46","7200.9","9236.006","536700","1099694","0","7.997287","207004.7","701.0014","595.8512","0.3996961","62.50937","94061.38","49301.79"
"","270","316","999999","180","CC","1451138","0.1719865","93609.48","241000","0","55292.19","18.50608","5.223344","955","209654.3","55292.19","7735.5","24881.48","","","0","3.605054","137325.5","316.0006","268.6005","16.53821","14.12837","471759.3","-3.197442E-13"
"","270","329","999999","167.5","CC","1451340","0.1720105","93663.8","240500","0","54820.87","19.04258","5.232998","987","206830.8","54820.87","7994.7","24669.39","","","0","3.753363","134366.9","329.0007","279.6506","16.18264","13.82398","473970.7","-1.136868E-13"
"","270","263","999999","101.25","CC","1451371","0.1720141","96479.91","204125","0","57454.22","23.0352","5.087997","1428","206603.2","57454.22","11566.8","25854.4","","","0","3.000408","88097.5","263.0005","223.5504","10.61594","9.063676","464567.5","1.065814E-14"
"","270","158","999999","180","CC","1452050","0.1720945","96735.48","201500","0","59042.39","23.3253","5.314572","1298","216690.2","59042.39","10513.8","26569.08","","","0","1.802527","101005","158.0003","134.3003","12.16346","10.39163","457117.5","-2.557954E-13"
"670.888607392895","","1402","999999","337.604484299201","CC","1454136","0.1100136","30829.97","1055581","76.94537","0","7.845464","10.02789","","","","","","603799.8","1237181","0","15.99457","113537.7","1402.003","1191.702","5.920704","96.04173","235722.9","369955.7"
"298.166666666667","","1753","999999","310.347970612594","CC","1454751","0.1491926","50670.72","799704.4","60.42889","0","8.582876","8.883922","","","","","","268350","549846.8","0","19.99892","123398.4","1753.004","1490.053","7.421065","59.8432","298472.7","101596.4"
"","270","210","999999","240","CC","1455921","0.1725534","94636.97","232500","0","56823.1","19.60319","5.265494","1024","214360.3","56823.1","8294.4","25570.4","","","0","2.395763","125440.6","210.0004","178.5004","15.10692","12.90562","464566.7","-3.694822E-13"
"","270","158","999999","90","CC","1457577","0.1727496","99251.59","174500","0","60523.76","28.86887","4.355229","1675","213233.4","60523.76","13567.5","27235.69","","","0","1.802527","67296.04","158.0003","134.3003","8.107252","6.923573","453553.9","-8.171241E-14"
"","270","351","999999","180","CC","1458544","0.1728642","93505.49","249750","0","55384.46","17.66952","5.300216","957","209993.7","55384.46","7751.7","24923.01","","","0","4.004347","137915.7","351.0007","298.3506","16.61654","14.18908","471610.3","-3.694822E-13"
"","270","342","999999","225","CC","1459695","0.1730007","92724.31","261000","0","53132.99","16.99989","5.346501","866","202802.3","53132.99","7014.6","23909.85","","","0","3.901672","142043.4","342.0007","290.7006","17.11268","14.61375","479656.6","-3.339551E-13"
"","270","263","999999","90","CC","1460054","0.1730432","97412.66","200750","0","58266.16","22.99862","5.105833","1552","206842.2","58266.16","12571.2","26219.77","","","0","3.000408","76156.63","263.0005","223.5504","9.179766","7.835171","461847.3","2.4869E-14"
"","270","122","999999","125.8125","CC","1463975","0.173508","99611.67","176243.8","0","60783.87","28.43764","4.382373","1661","214697.1","60783.87","13454.1","27352.74","","","0","1.391824","68332.26","122.0002","103.7002","8.229774","7.030181","452284.1","-2.202682E-13"
"","270","158","999999","210","CC","1464149","0.1735286","96975.27","210500","0","59042.39","21.16328","5.385644","1298","216690.2","59042.39","10513.8","26569.08","","","0","1.802527","101005","158.0003","134.3003","12.16346","10.39163","457117.5","-2.557954E-13"
"521.791666666667","","1666","999999","350","CC","1464171","0.1187286","36593.16","991112.5","74.60632","0","7.889935","9.747577","","","","","","469612.5","962231.9","0","19.00639","115068","1666.003","1416.103","5.384871","86.91256","242240.6","301457.5"
"","270","316","999999","270","CC","1465753","0.1737187","92651.45","268000","0","52843.48","16.04135","5.380185","833","202427.5","52843.48","6747.3","23779.57","","","0","3.605054","142367.6","316.0006","268.6005","17.14492","14.64711","480036.5","-3.481659E-13"
"","270","421","999999","120","CC","1466988","0.173865","94197.38","249250","0","56095.3","17.07511","5.392002","1177","207325.5","56095.3","9533.7","25242.88","","","0","4.802935","116780.7","421.0009","357.8507","14.07757","12.01467","469914.5","8.526513E-14"
"","270","526","999999","150","CC","1467768","0.1739575","91530.95","284500","0","49989.65","15.21568","5.577564","897","188681.3","49989.65","7265.7","22495.34","","","0","6.000817","141516.3","526.001","447.1009","17.0478","14.55953","493654.4","2.415845E-13"
"","270","175","999999","82.5","CC","1468550","0.1740501","99945.69","176500","0","60733.7","27.28399","4.75861","1759","211954.1","60733.7","14247.9","27330.17","","","0","1.996469","61798.71","175.0004","148.7503","7.44678","6.357994","453695.4","-7.21645E-15"
"298.166666666667","","1598","999999","488.993752327666","CC","1478633","0.1493348","51369.87","814548.1","58.83902","0","8.19397","9.152141","","","","","","268350","549846.8","0","18.23062","122955.5","1598.003","1358.303","9.3812","61.32022","315260.7","113598.9"
"596.333333333333","270","1403","999999","120","LF","1482675","0.1643798","34904.23","1031450","88.63808","11627.2","7.600649","10.20506","517","35923.56","11627.2","4187.7","5232.24","536700","1099694","0","16.00598","285994","1403.003","1192.552","0.08053831","70.68381","43351.09","45043.72"
"596.333333333333","","1607","999999","305","CC","1483878","0.1203503","35113.28","1029950","75.85319","0","7.585711","10.06105","","","","","","536700","1099694","0","18.33329","115634.9","1607.003","1365.953","4.944064","87.7901","230300.9","301131"
"","270","421","999999","240","CC","1484623","0.175955","92776.71","285250","0","52718.06","14.31537","5.554232","867","201018.1","52718.06","7022.7","23723.13","","","0","4.802935","146004.5","421.0009","357.8507","17.59408","15.02128","482309.8","-2.700062E-13"
"894.5","270","1052","999999","300","LF","1485168","0.1199742","16949.72","1266050","96.04014","4500.742","7.205085","10.37278","187","14244.43","4500.742","1514.7","2025.334","805050","1649541","0","12.00163","264334.7","1052.002","894.2018","0.06804321","105.0552","23674.26","304896.3"
"688.167720885259","","1464","999999","356.109169002087","CC","1485590","0.1095986","30431.72","1092184","77.65297","0","7.457904","10.16816","","","","","","619350.9","1269045","0","16.70189","113272.8","1464.003","1244.402","5.879415","99.13531","234314.2","395976.3"
"596.333333333333","270","701","999999","120","CC","1486696","0.1600632","48790.93","855950","56.59716","16335.92","7.85626","10.31095","526","55645.44","16335.92","4260.6","7351.164","536700","1099694","0","7.997287","92911.21","701.0014","595.8512","5.948263","52.68142","256195.8","65802.77"
"","270","105","999999","120","CC","1487556","0.1763027","101899.4","170250","0","62362.35","27.51792","4.557198","1873","215912.3","62362.35","15171.3","28063.06","","","0","1.197882","53574.29","105.0002","89.25018","6.452922","5.511847","447985.1","-1.847411E-13"
"634.64500396118","","1570","999999","360","CC","1489636","0.1123611","32330.69","1071681","77.13837","0","7.453387","10.12272","","","","","","571180.5","1170344","0","17.91118","114648.7","1570.003","1334.503","5.622288","96.22395","234453.2","372912.9"
"","270","631","999999","120","CC","1492697","0.176912","92124.95","301750","0","49853.39","13.1316","5.793803","1040","184411.5","49853.39","8424","22434.03","","","0","7.198699","129746.4","631.0013","536.3511","15.64605","13.34861","495606.2","3.126388E-13"
"","270","631","999999","240","CC","1493376","0.1769925","89392.72","337750","0","43123.49","12.19353","5.922083","691","164903.4","43123.49","5597.1","19405.57","","","0","7.198699","157287.3","631.0013","536.3511","18.95481","16.18209","520803.2","-2.984279E-13"
"596.333333333333","270","1403","999999","360","CC","1497286","0.1141487","30464.94","1103450","75.1859","708.2558","7.273758","10.35426","12","2691.545","708.2558","97.2","318.7151","536700","1099694","0","16.00598","106665.7","1403.003","1192.552","6.329346","93.74899","249086.2","361977.3"
"","270","88","999999","101.25","CC","1504049","0.1782575","103939.1","160375","0","63374.79","28.63223","4.349101","2048","215684.1","63374.79","16588.8","28518.65","","","0","1.003939","42573.11","88.00018","74.80015","5.128125","4.38002","446274.1","-1.207923E-13"
"","270","210","999999","360","CC","1504320","0.1782896","95596.1","268500","0","56823.1","14.35276","5.737031","1024","214360.3","56823.1","8294.4","25570.4","","","0","2.395763","125440.6","210.0004","178.5004","15.10692","12.90562","464566.7","-3.694822E-13"
"","270","701","999999","240","CC","1505455","0.1784241","88973.41","355250","0","41196.21","11.01494","6.362179","661","157510.7","41196.21","5354.1","18538.29","","","0","7.997287","162367.5","701.0014","595.8512","19.57437","16.70474","529330.4","-3.552714E-13"
"","270","701","999999","240","CC","1505455","0.1784241","88973.41","355250","0","41196.21","11.01494","6.362179","661","157510.7","41196.21","5354.1","18538.29","","","0","7.997287","162367.5","701.0014","595.8512","19.57437","16.70474","529330.4","-3.552714E-13"
"","270","701","999999","120","CC","1507017","0.1786092","91878.98","319250","0","47455.66","11.91623","5.925007","992","175489.9","47455.66","8035.2","21355.05","","","0","7.997287","133293.6","701.0014","595.8512","16.07567","13.71356","505292.3","2.415845E-13"
"","270","701","999999","120","CC","1507017","0.1786092","91878.98","319250","0","47455.66","11.91623","5.925007","992","175489.9","47455.66","8035.2","21355.05","","","0","7.997287","133293.6","701.0014","595.8512","16.07567","13.71356","505292.3","2.415845E-13"
"","270","88","999999","116.625","CC","1510250","0.1789924","104062","164987.5","0","63374.79","26.24192","4.732112","2048","215684.1","63374.79","16588.8","28518.65","","","0","1.003939","42573.11","88.00018","74.80015","5.128125","4.38002","446274.1","-1.207923E-13"
"182.144277265019","270","805","999999","221.054319228619","LF","1510608","0.1788008","75119.73","539496.1","47.14559","40826.24","8.951368","7.659331","1738","128134","40826.24","14077.8","18371.81","163929.8","335890.8","0","9.18376","91573.95","805.0016","684.2513","1.684286","36.94551","217286.8","854.0753"
"775.698775303002","","1394","999999","360","CC","1511667","0.1082133","27618.44","1154629","79.51774","0","7.111028","10.36462","","","","","","698128.9","1430460","0","15.90331","120076","1394.003","1184.902","5.645772","104.0319","221328.9","428074.6"
"","270","105","999999","180","CC","1511756","0.1791708","102379","188250","0","62362.35","21.0551","5.125265","1873","215912.3","62362.35","15171.3","28063.06","","","0","1.197882","53574.29","105.0002","89.25018","6.452922","5.511847","447985.1","-1.847411E-13"
"573.350210486817","","1545","999999","596.475086190646","CC","1515737","0.1109633","33612.75","1081208","76.05273","0","7.174663","10.14911","","","","","","516015.2","1057311","0","17.62597","113167.1","1545.003","1313.253","6.983454","99.08709","253037.9","404153.7"
"","270","105","999999","60","CC","1516505","0.179718","105531.1","152250","0","64705.45","28.4303","4.316282","2199","217424.1","64705.45","17811.9","29117.45","","","0","1.197882","33023.64","105.0002","89.25018","3.980058","3.397548","445142","56.95218"
"","270","88","999999","135","CC","1517662","0.1798708","104208.8","170500","0","63374.79","23.78009","5.019047","2048","215684.1","63374.79","16588.8","28518.65","","","0","1.003939","42573.11","88.00018","74.80015","5.128125","4.38002","446274.1","-1.207923E-13"
"763.240136657826","","1352","999999","692.459147085805","CC","1517947","0.09211817","22068.64","1232654","80.97874","0","6.977918","10.3442","","","","","","686916.1","1407485","0","15.42415","111993","1352.003","1149.202","7.09951","125.3051","242457.4","622186.2"
"","270","210","999999","60","CC","1518292","0.1799455","103638.8","178500","0","62889.85","21.40742","5.131042","2076","212906.1","62889.85","16815.6","28300.43","","","0","2.395763","40007.91","210.0004","178.5004","4.826794","4.116106","450698.5","9.592327E-14"
"687.372303850021","","1458","999999","633.164122853652","CC","1519790","0.09890591","26819.22","1173084","79.22999","0","7.022502","10.27947","","","","","","618635.1","1267578","0","16.63344","110402.6","1458.003","1239.302","6.976357","114.8493","246878.4","536084.9"
"596.333333333333","270","1403","999999","240","CC","1519859","0.1329908","34995.82","1067450","72.751","917.6752","7.089285","10.46666","15","3501.545","917.6752","121.5","412.9539","536700","1099694","0","16.00598","106528.3","1403.003","1192.552","5.075602","78.76054","237387.5","231350.6"
"832.645644935816","","1320","999999","718.215072724666","CC","1522933","0.08769873","17643.52","1294846","83.0814","0","6.877271","10.42384","","","","","","749381.1","1535475","0","15.05908","118920.5","1320.003","1122.002","6.543109","134.2882","227267.2","690843.8"
"743.058754035722","","1325","999999","743.562176619705","CC","1524492","0.09402579","23316.18","1223072","80.40128","0","6.927906","10.34895","","","","","","668752.9","1370269","0","15.11613","109098.2","1325.003","1126.252","7.085619","122.5709","245804.9","601766.7"
"532.812937299575","","1823","999999","288","CC","1525334","0.1301916","38959.68","1021682","74.88852","0","7.148538","10.15434","","","","","","479531.7","982556.2","0","20.79751","117727.9","1823.004","1549.553","4.175343","81.87301","227582.7","253718.9"
"","270","421","999999","360","CC","1526156","0.1808776","93204.79","321250","0","50569.23","11.33585","5.81502","832","192815.7","50569.23","6739.2","22756.15","","","0","4.802935","147481.2","421.0009","357.8507","17.77177","15.17321","490819.9","-3.552714E-13"
"745.416666666667","270","351","999999","180","LF","1531916","0.1476987","47286.06","920625","74.61211","27336.75","7.212215","10.72402","1199","84886.6","27336.75","9711.9","12301.54","670875","1374617","0","4.004347","117258.3","351.0007","298.3506","1.604111","70.02438","118803.5","149633.6"
"","270","526","999999","82.5","CC","1532982","0.1816865","98141.97","264250","0","56711.04","12.35527","5.670606","1523","201000.9","56711.04","12336.3","25519.97","","","0","6.000817","84104.01","526.001","447.1009","10.1519","8.652816","469490.1","4.369838E-13"
"764.492469983651","","1495","999999","559.306773519673","CC","1534271","0.09521935","23568.79","1229585","80.97578","0","6.831048","10.41187","","","","","","688043.3","1409795","0","17.05555","112135.4","1495.003","1270.753","6.539308","122.0995","237120.3","593823.8"
"725.441448801743","","1546","999999","336.960784313726","CC","1536799","0.1151024","30656.59","1140486","78.99812","0","6.883065","10.41012","","","","","","652897.3","1337781","0","17.63738","121309.4","1546.003","1314.103","4.992921","98.39446","216908.3","380184.2"
"","270","631","999999","360","CC","1538865","0.1823837","90126.73","373750","0","42193.9","9.603884","7.114739","672","161454.7","42193.9","5443.2","18987.26","","","0","7.198699","158526.4","631.0013","536.3511","19.11348","16.30957","524598.4","-3.268497E-13"
"629.269477019805","","1753","999999","385.297833995599","CC","1542692","0.1156721","32682.99","1120182","78.85093","0","6.849463","10.31868","","","","","","566342.5","1160431","0","19.99892","123908.4","1753.004","1490.053","4.716228","97.8265","218186","378979.1"
"","270","701","999999","360","CC","1546839","0.1833288","89389.84","391250","0","39094.75","9.07749","7.864321","625","149534.9","39094.75","5062.5","17592.64","","","0","7.997287","164413.3","701.0014","595.8512","19.82055","16.91523","537732.4","-2.771117E-13"
"","270","701","999999","360","CC","1546839","0.1833288","89389.84","391250","0","39094.75","9.07749","7.864321","625","149534.9","39094.75","5062.5","17592.64","","","0","7.997287","164413.3","701.0014","595.8512","19.82055","16.91523","537732.4","-2.771117E-13"
"694.425486669383","","1380","999999","772.84531701109","CC","1548183","0.09999537","26791.45","1201837","79.26241","0","6.726593","10.3918","","","","","","624982.9","1280585","0","15.74359","110125.4","1380.003","1173.002","7.163247","115.9056","248362.4","545157.3"
"656.257467875369","","1447","999999","730.738031753439","CC","1549591","0.1038241","29238.99","1171603","78.29175","0","6.737402","10.36156","","","","","","590631.8","1210199","0","16.50795","111029.4","1447.003","1229.953","7.217317","110.782","250627.4","501997.1"
"835.916905438159","","1423","999999","674.819711977224","CC","1550041","0.08951201","18527.88","1310521","83.18033","0","6.632576","10.52724","","","","","","752325.2","1541508","0","16.23415","119042.2","1423.003","1209.552","6.345173","133.8721","225301.5","686963.3"
"133.803549818468","270","614","999999","191.925253177557","LF","1550144","0.1837055","85913.09","439500.8","34.79436","48490.18","8.727832","6.943774","2040","152813.8","48490.18","16524","21820.58","120423.2","246746.1","0","7.004756","56394.12","614.0012","521.9011","2.031887","28.06507","272804","53.22583"
"771.279598137257","","1420","999999","725.688634752897","CC","1550155","0.09405235","21914.21","1266858","81.98857","0","6.660924","10.46787","","","","","","694151.6","1422311","0","16.19992","120236.1","1420.003","1207.002","6.571598","126.2447","229635.1","622408.6"
"894.5","270","351","999999","300","LF","1551610","0.1188187","35645.63","1090800","81.30894","24456.98","6.798221","10.95623","1071","75987.97","24456.98","8675.1","11005.64","805050","1649541","0","4.004347","117181.4","351.0007","298.3506","1.568218","95.41058","112818.4","357464"
"298.166666666667","","1958","999999","355","CC","1553782","0.1594442","53330.58","864350","60.55154","0","7.034873","10.004","","","","","","268350","549846.8","0","22.33764","123476.5","1958.004","1664.303","7.416096","59.91236","297369.4","101139"
"596.333333333333","","1403","999999","816","CC","1556689","0.1108377","32832.2","1132250","76.35538","0","6.699687","10.32976","","","","","","536700","1099694","0","16.00598","112288.4","1403.003","1192.552","7.557662","102.6521","256880.7","434022.7"
"","270","316","999999","60","CC","1567458","0.1857725","105392.1","205000","0","64727.19","13.55204","5.393619","2099","220098.3","64727.19","17001.9","29127.23","","","0","3.605054","43023.68","316.0006","268.6005","5.19606","4.426376","444059.2","1.065814E-13"
"596.333333333333","","1578","999999","684","CC","1568339","0.1120323","33412.38","1136400","76.82465","0","6.57839","10.37645","","","","","","536700","1099694","0","18.00245","112647.1","1578.003","1341.303","6.929155","102.262","250962","430293.1"
"894.5","270","1052","999999","180","LF","1570591","0.1534704","26342.33","1230050","94.2526","6438.627","6.488012","10.722","275","20184.43","6438.627","2227.5","2897.382","805050","1649541","0","12.00163","264468.1","1052.002","894.2018","0.06804321","85.24671","25313.79","138953.6"
"785.172222222222","","1347","999999","818.2","CC","1571119","0.09343073","21833.59","1288865","81.43391","0","6.461991","10.55867","","","","","","706655","1447930","0","15.36711","111006.9","1347.003","1144.952","7.038124","128.3306","241504.1","648301.4"
"595.276385327276","","1721","999999","574.532416774275","CC","1574096","0.1130198","33706.19","1138359","77.41931","0","6.51872","10.39827","","","","","","535748.8","1097745","0","19.63385","112895.3","1721.003","1462.853","6.100961","101.6374","243275.7","424683.4"
"679.713684909018","","1341","999999","880.343706407065","CC","1574828","0.1029836","28136.32","1211095","78.70473","0","6.469037","10.47766","","","","","","611742.3","1253455","0","15.29866","110338","1341.003","1139.852","7.458735","114.1301","251903","530487.4"
"596.333333333333","270","2104","999999","240","LF","1574870","0.1522714","25694.83","1242700","98.11897","1921.238","6.436368","10.60168","78","6127.663","1921.238","631.8","864.5572","536700","1099694","0","24.00327","304026.5","2104.004","1788.404","0.02457464","89.63663","8921.279","147360.7"
"621.894791686562","","1483","999999","777.056663509257","CC","1575552","0.1093289","31868.43","1163572","77.34346","0","6.488877","10.42788","","","","","","559705.3","1146831","0","16.91865","111860.8","1483.003","1260.552","7.247656","106.0534","252566.8","462214.4"
"596.333333333333","270","2104","999999","360","LF","1578140","0.1403402","23163.02","1278700","98.26995","1921.238","6.392458","10.59668","78","6127.663","1921.238","631.8","864.5572","536700","1099694","0","24.00327","304026.5","2104.004","1788.404","0.02457464","97.60681","8921.279","217179.6"
"","270","1052","999999","180","CC","1581122","0.1873919","89431.06","425000","0","31536.15","7.627437","9.904229","561","119156.1","31536.15","4544.1","14191.27","","","0","12.00163","179085.7","1052.002","894.2018","21.58969","18.42475","571201.1","2.842171E-14"
"298.166666666666","","2104","999999","298.737949572018","CC","1581361","0.1638678","53946.16","883971.4","61.49132","0","6.634549","10.12301","","","","","","268350","549846.8","0","24.00327","123239.3","2104.004","1788.404","6.271401","59.00156","287462.3","94068.48"
"966.472559393337","","1361","999999","694.925682592934","CC","1583567","0.08380741","12764.54","1418553","84.85891","0","6.303725","10.76308","","","","","","869825.3","1782265","0","15.52683","117032.1","1361.003","1156.852","6.248341","148.1671","221307.4","809107.8"
"894.5","","1403","999999","750","CC","1583757","0.08676049","15699.61","1380800","84.15385","0","6.315619","10.69679","","","","","","805050","1649541","0","16.00598","118092.6","1403.003","1192.552","6.349896","142.3346","223756.2","759508.5"
"798.277910331416","","1445","999999","775.611978985055","CC","1585814","0.09393963","21151.01","1312384","82.55276","0","6.323228","10.62218","","","","","","718450.1","1472098","0","16.48513","119939.7","1445.003","1228.252","6.49929","129.901","227832.1","653277.1"
"758.652525178123","","1594","999999","674.405801376803","CC","1591720","0.09806886","23833.72","1283609","82.14896","0","6.281572","10.61118","","","","","","682787.3","1399025","0","18.18499","120863.5","1594.003","1354.903","5.944766","123.9961","224121.7","602847.2"
"718.133442265795","","1537","999999","758.843137254902","CC","1597652","0.1020413","26256.33","1258223","80.99844","0","6.23647","10.59713","","","","","","646320.1","1324304","0","17.53471","121682","1537.003","1306.453","6.443032","118.7681","230133.8","558519.9"
"279.53125","270","","999999","167.5","CC","1601584","0.16722","92187.52","409828.1","41.14399","65779.83","7.281575","10.88158","2880","204393.2","65779.83","23328","29600.92","251578.1","515481.4","","","","","","0","38.92788","231657.6","88198.78"
"589.090269619863","","1466","999999","873.427930819027","CC","1602337","0.1150222","34316.5","1158710","76.23653","0","6.223978","10.49959","","","","","","530181.3","1086337","0","16.72471","112597.6","1466.003","1246.103","7.430293","101.6026","256074.7","425148.7"
"","270","1052","999999","300","CC","1607927","0.1905689","88719.84","461000","0","26069.07","6.686869","10.16347","440","99112.45","26069.07","3564","11731.08","","","0","12.00163","186187.1","1052.002","894.2018","22.46722","19.15536","592936.5","-1.278977E-13"
"788.556657424945","","1669","999999","608.712598392982","CC","1609100","0.09773266","23170.38","1309565","82.72333","0","6.120163","10.70568","","","","","","709701","1454171","0","19.04062","120266","1669.003","1418.653","5.603409","126.1669","220033.3","620907.6"
"724.994216603791","","1485","999999","813.702492848547","CC","1609574","0.1012695","26433.38","1267856","80.30984","0","6.124848","10.64975","","","","","","652494.8","1336956","0","16.94147","112271.3","1485.003","1262.253","6.871634","119.9482","242084","576894.1"
"894.5","","1403","999999","330","CC","1615327","0.1165346","27888.33","1254800","80.47842","0","6.071952","10.90413","","","","","","805050","1649541","0","16.00598","121634.7","1403.003","1192.552","5.094934","103.8698","209317.4","419717.2"
"135.90600508391","270","686","999999","300","LF","1617602","0.1917155","87084.52","491815.4","35.35223","48223.68","6.523798","10.43459","2030","151942.6","48223.68","16443","21700.65","122315.4","250623.2","0","7.82616","57737.4","686.0013","583.1012","2.018079","28.46406","269999.4","5.309087E-14"
"943.309316424477","","1495","999999","654.203091046448","CC","1620098","0.08812824","15556.61","1418989","84.57668","0","6.010976","10.87928","","","","","","848978.4","1739549","0","17.05555","117600.3","1495.003","1270.753","5.988363","143.5994","219325.3","769410.6"
"298.166666666667","","1753","999999","684","CC","1621401","0.163488","54890.76","911800","58.64565","0","6.078402","10.29629","","","","","","268350","549846.8","0","19.99892","123398.4","1753.004","1490.053","9.672611","61.54123","317256.5","114493.3"
"1091.38777919368","","1280","999999","677.212967034749","CC","1621556","0.08157482","8984.14","1505413","85.69695","0","5.99156","11.02354","","","","","","982249","2012620","0","14.60275","115431.6","1280.003","1088.002","6.326221","157.0848","219932.5","885227.6"
"745.416666666667","","1753","999999","360","CC","1626902","0.1177927","31698","1217125","79.67896","0","5.969508","10.77895","","","","","","670875","1374617","0","19.99892","112600.1","1753.004","1490.053","4.267486","101.6699","217107","415706.5"
"592.717905810404","","1608","999999","818.28948291898","CC","1633748","0.1171508","35027.25","1180933","76.71701","0","5.904891","10.62629","","","","","","533446.1","1093027","0","18.3447","112797.5","1608.003","1366.803","6.932723","101.7716","251167.5","426146.8"
"869.652777777778","","1403","999999","893","CC","1640140","0.09077727","18472.43","1401338","83.16248","0","5.848203","10.87915","","","","","","782687.5","1603720","0","16.00598","109785.7","1403.003","1192.552","6.694855","139.7292","235324.3","745078.2"
"841.820830972086","","1725","999999","519.966982856107","CC","1640625","0.101054","22877.25","1344879","83.79793","0","5.842513","10.88193","","","","","","757638.8","1552395","0","19.67949","128011.9","1725.003","1466.253","4.871483","125.263","203475.2","603180.4"
"298.166666666667","","2104","999999","431.173985306297","CC","1643132","0.1687829","55651.02","923702.2","60.54029","0","5.787488","10.392","","","","","","268350","549846.8","0","24.00327","123364.9","2104.004","1788.404","7.428739","59.86353","297154.7","100526.7"
"","270","","999999","","CC","1644650","0.1949212","118866.6","108000","0","76232","","","2920","247653.8","76232","23652","34304.4","","","","","","","","","","442611.8","0"
"","270","","999999","","CC","1644650","0.1949212","118866.6","108000","0","76232","","","2920","247653.8","76232","23652","34304.4","","","","","","","","","","442611.8","0"
"","270","","999999","","LF","1644650","0.1949212","118866.6","108000","0","76232","","","2920","247653.8","76232","23652","34304.4","","","","","","","","","","442611.8","0"
"","270","","999999","","CC","1644650","0.1949212","118866.6","108000","0","76232","","","2920","247653.8","76232","23652","34304.4","","","","","","","","","","442611.8","0"
"","270","","999999","","CC","1644650","0.1949212","118866.6","108000","0","76232","","","2920","247653.8","76232","23652","34304.4","","","","","","","","","","442611.8","0"
"","270","","999999","","LF","1644650","0.1949212","118866.6","108000","0","76232","","","2920","247653.8","76232","23652","34304.4","","","","","","","","","","442611.8","0"
"","270","","999999","","LF","1644650","0.1949212","118866.6","108000","0","76232","","","2920","247653.8","76232","23652","34304.4","","","","","","","","","","442611.8","0"
"","270","","999999","","LF","1644650","0.1949212","118866.6","108000","0","76232","","","2920","247653.8","76232","23652","34304.4","","","","","","","","","","442611.8","0"
"","270","","999999","","CC","1644650","0.1949212","118866.6","108000","0","76232","","","2920","247653.8","76232","23652","34304.4","","","","","","","","","","442611.8","0"
"2.32942708333333","270","","999999","0.46875","LF","1645208","0.1949873","118736.7","110237.1","0","76142.19","3.089972","17.78931","2920","247273.1","76142.19","23652","34263.98","2096.484","4295.678","","","","","","0","0.176471","441446.5","0"
"2.32942708333333","270","","999999","0.46875","CC","1645208","0.1949873","118736.7","110237.1","0","76142.19","3.089972","17.78931","2920","247273.1","76142.19","23652","34263.98","2096.484","4295.678","","","","","","0","0.176471","441446.5","0"
"4.65885416666667","270","","999999","0.9375","LF","1645766","0.1950535","118606.9","112474.2","0","76052.52","3.087132","17.79476","2920","246893.2","76052.52","23652","34223.63","4192.969","8591.356","","","","","","0","0.3528692","440281.2","0"
"4.65885416666667","270","","999999","0.9375","CC","1645766","0.1950535","118606.9","112474.2","0","76052.52","3.087132","17.79476","2920","246893.2","76052.52","23652","34223.63","4192.969","8591.356","","","","","","0","0.3528692","440281.2","0"
"9.31770833333333","270","","999999","1.875","LF","1646886","0.1951862","118347.3","116948.4","0","75873.5","3.08314","17.80242","2920","246134.5","75873.5","23652","34143.08","8385.938","17182.71","","","","","","0","0.7055143","437950.7","0"
"9.31770833333333","270","","999999","1.875","CC","1646886","0.1951862","118347.3","116948.4","0","75873.5","3.08314","17.80242","2920","246134.5","75873.5","23652","34143.08","8385.938","17182.71","","","","","","0","0.7055143","437950.7","0"
"","270","11","999999","1.875","LF","1647481","0.1952568","118829.4","111312.5","0","76150.17","","","2920","247307","76150.17","23652","34267.58","","","0","0.1254924","1978.567","11.00002","9.350019","0.2376181","0.2035596","441175.3","-6.661338E-16"
"18.6354166666667","270","","999999","3.75","LF","1649129","0.1954521","117828.7","125896.9","0","75516.44","3.077656","17.81292","2920","244621.4","75516.44","23652","33982.4","16771.88","34365.43","","","","","","0","1.410334","433289.6","0"
"18.6354166666667","270","","999999","3.75","CC","1649129","0.1954521","117828.7","125896.9","0","75516.44","3.077656","17.81292","2920","244621.4","75516.44","23652","33982.4","16771.88","34365.43","","","","","","0","1.410334","433289.6","0"
"713.667438271605","","1541","999999","867.944444444444","CC","1649829","0.1050722","27994.12","1287934","80.19865","0","5.756619","10.79071","","","","","","642300.7","1316069","0","17.58034","112609.6","1541.003","1309.853","6.671049","118.2206","240508.5","561993.6"
"596.333333333333","","2104","999999","360","CC","1650204","0.1298689","37091.73","1170700","79.41941","0","5.738693","10.70798","","","","","","536700","1099694","0","24.00327","128861.4","2104.004","1788.404","3.205479","92.48693","202290.3","330239.5"
"","270","22","999999","3.75","LF","1650351","0.1955969","118795.1","114625","0","76071.99","","","2920","246975.7","76071.99","23652","34232.4","","","0","0.2509847","3925.608","22.00004","18.70004","0.4714426","0.4038756","439751.9","-1.110223E-15"
"167.71875","270","1052","999999","236.25","LF","1650808","0.195651","81839.82","592821.9","43.59576","42923.96","5.652359","10.72771","1823","134828.8","42923.96","14766.3","19315.78","150946.9","309288.8","0","12.00163","80492.56","1052.002","894.2018","1.771405","34.34638","233309.6","1.028733E-13"
"37.2708333333333","270","","999999","7.5","LF","1653645","0.1959873","116793.6","143793.8","0","74807.13","3.065393","17.83646","2920","241615.5","74807.13","23652","33663.21","33543.75","68730.85","","","","","","0","2.817644","423967.4","0"
"37.2708333333333","270","","999999","7.5","CC","1653645","0.1959873","116793.6","143793.8","0","74807.13","3.065393","17.83646","2920","241615.5","74807.13","23652","33663.21","33543.75","68730.85","","","","","","0","2.817644","423967.4","0"
"","270","44","999999","7.5","LF","1656261","0.1962973","118739.8","121250","0","75925.85","","","2920","246356.4","75925.85","23652","34166.63","","","0","0.5019695","7675.806","44.00009","37.40007","0.9217782","0.7897047","436991.3","-2.88658E-15"
"74.5416666666667","270","","999999","15","LF","1662965","0.1970918","114745.7","179587.5","1.768413","73437.95","3.010764","17.94186","2920","235813.3","73437.95","23652","33047.08","67087.5","137461.7","","","","","","0","5.608347","405323.1","0"
"74.5416666666667","270","","999999","15","CC","1662965","0.1970918","114745.7","179587.5","1.768413","73437.95","3.010764","17.94186","2920","235813.3","73437.95","23652","33047.08","67087.5","137461.7","","","","","","0","5.608347","405323.1","0"
"596.333333333333","","1403","999999","1080","CC","1663251","0.1184238","34948.81","1211450","76.34911","0","5.615675","10.73995","","","","","","536700","1099694","0","16.00598","112288.4","1403.003","1192.552","7.573362","102.6618","256951.4","434033.8"
"","270","88","999999","15","LF","1669239","0.1978355","118718.8","134500","0","75716.68","","","2920","245470","75716.68","23652","34072.5","","","0","1.003939","14206.04","88.00018","74.80015","1.705709","1.46155","431992.4","-9.992007E-15"
"","270","351","999999","45","CC","1675528","0.1985809","113423","209250","0","69058.84","2.315896","5.677289","2485","228487.9","69058.84","20128.5","31076.47","","","0","4.004347","22160.96","351.0007","298.3506","2.687751","2.279971","443075.9","1.136868E-13"
"596.333333333333","","1607","999999","937","CC","1681741","0.1201371","35752.51","1219550","76.84566","0","5.436488","10.81477","","","","","","536700","1099694","0","18.33329","112706.6","1607.003","1365.953","6.915184","102.2701","250726.1","430225.1"
"","270","351","999999","60","LF","1682208","0.1993725","113591.6","213750","0","67991.17","1.468132","10.44593","2565","221897.7","67991.17","20776.5","30596.03","","","0","4.004347","24600.69","351.0007","298.3506","2.945423","2.530976","435769.3","-5.795364E-14"
"149.083333333333","270","","999999","30","LF","1684182","0.1995994","110849.3","251175","8.973125","71140.26","2.763982","18.42973","2920","226076.3","71140.26","23652","32013.12","134175","274923.4","","","","","","0","10.97657","368057.4","22.996"
"149.083333333333","270","","999999","30","CC","1684182","0.1995994","110849.3","251175","8.973125","71140.26","2.763982","18.42973","2920","226076.3","71140.26","23652","32013.12","134175","274923.4","","","","","","0","10.97657","368057.4","22.996"
"596.333333333333","270","","999999","360","LF","1693695","0.1257781","72790.05","752700","63.51257","60984.44","5.032162","13.62162","2693","188900.1","60984.44","21813.3","27443","536700","1099694","","","","","","0","79.19257","191165.2","388954.8"
"596.333333333333","270","","999999","360","CC","1693695","0.1257781","72790.05","752700","63.51257","60984.44","5.032162","13.62162","2693","188900.1","60984.44","21813.3","27443","536700","1099694","","","","","","0","79.19257","191165.2","388954.8"
"596.333333333333","270","","999999","360","LF","1693695","0.1257781","72790.05","752700","63.51257","60984.44","5.032162","13.62162","2693","188900.1","60984.44","21813.3","27443","536700","1099694","","","","","","0","79.19257","191165.2","388954.8"
"596.333333333333","270","","999999","360","CC","1693695","0.1257781","72790.05","752700","63.51257","60984.44","5.032162","13.62162","2693","188900.1","60984.44","21813.3","27443","536700","1099694","","","","","","0","79.19257","191165.2","388954.8"
"894.5","","1753","999999","684","CC","1695244","0.0943939","19086.74","1448500","84.83973","0","5.406543","11.21428","","","","","","805050","1649541","0","19.99892","118419.3","1753.004","1490.053","4.945329","139.7509","210610.5","736548.5"
"","270","175","999999","30","LF","1697622","0.2011994","118883.8","160750","0","75489.66","","","2917","244585.4","75489.66","23627.7","33970.34","","","0","1.996469","24167.23","175.0004","148.7503","2.900677","2.486381","423772.5","-4.907186E-14"
"1192.66666666667","270","701","999999","360","LF","1700100","0.1177438","18213.04","1464650","92.48854","10222.1","5.447767","13.6135","438","32008.96","10222.1","3547.8","4599.944","1073400","2199387","0","7.997287","209906.6","701.0014","595.8512","0.2888523","118.2288","51887.9","464239.6"
"596.333333333333","","2104","999999","552","CC","1703892","0.1237526","36789.11","1228300","78.87556","0","5.223083","10.90566","","","","","","536700","1099694","0","24.00327","116904.1","2104.004","1788.404","4.524933","100.6614","224987","412377.6"
"770.263888888889","","1724","999999","816","CC","1705967","0.1033583","26062.99","1369038","82.03302","0","5.281703","11.09858","","","","","","693237.5","1420438","0","19.66808","111799","1724.003","1465.403","5.712184","125.5753","229395.7","624084.2"
"","270","1403","999999","240","CC","1708275","0.2024619","91086.68","530750","0","19960.24","4.088854","10.76527","350","75548.75","19960.24","2835","8982.106","","","0","16.00598","194911.8","1403.003","1192.552","23.51011","20.05298","618253.5","-7.105427E-14"
"","270","1403","999999","240","CC","1708275","0.2024619","91086.68","530750","0","19960.24","4.088854","10.76527","350","75548.75","19960.24","2835","8982.106","","","0","16.00598","194911.8","1403.003","1192.552","23.51011","20.05298","618253.5","-7.105427E-14"
"","270","1403","999999","120","CC","1711449","0.2028382","94117.02","494750","0","32727.62","3.743163","10.71205","655","121778.1","32727.62","5305.5","14727.43","","","0","16.00598","153081.1","1403.003","1192.552","18.47175","15.74934","563265.1","4.263256E-14"
"","270","1403","999999","120","CC","1711449","0.2028382","94117.02","494750","0","32727.62","3.743163","10.71205","655","121778.1","32727.62","5305.5","14727.43","","","0","16.00598","153081.1","1403.003","1192.552","18.47175","15.74934","563265.1","4.263256E-14"
"1192.66666666667","270","701","999999","360","CC","1714659","0.1104222","19339.29","1464650","79.56038","4893.545","5.285568","12.86153","79","18697.66","4893.545","639.9","2202.095","1073400","2199387","0","7.997287","92387.72","701.0014","595.8512","6.867143","116.3221","226818","548496.8"
"298.166666666667","270","","999999","60","LF","1727390","0.2021881","103116.5","394350","22.41688","67319.75","2.559921","19.13301","2874","211073.8","67319.75","23279.4","30293.89","268350","549846.8","","","","","","0","21.02076","301654","8197.031"
"298.166666666667","270","","999999","60","CC","1727390","0.2021881","103116.5","394350","22.41688","67319.75","2.559921","19.13301","2874","211073.8","67319.75","23279.4","30293.89","268350","549846.8","","","","","","0","21.02076","301654","8197.031"
"596.333333333333","270","1403","999999","120","CC","1727941","0.1867643","53876.59","1031450","59.44175","13534.18","4.825819","12.16428","454","45631.53","13534.18","3677.4","6090.381","536700","1099694","0","16.00598","95719.87","1403.003","1192.552","3.929475","52.69948","244636.3","63002.92"
"298.166666666667","","1753","999999","948","CC","1729198","0.1739352","57102.81","991000","58.49213","0","4.713835","10.76186","","","","","","268350","549846.8","0","19.99892","123398.4","1753.004","1490.053","9.869175","61.73801","319207.1","116355.2"
"596.333333333333","270","","999999","240","CC","1731484","0.1474614","78498.02","716700","58.15601","60984.44","4.29811","15.47604","2693","188900.1","60984.44","21813.3","27443","536700","1099694","","","","","","0","63.97087","191165.2","255612.8"
"596.333333333333","270","","999999","240","LF","1731484","0.1474614","78498.02","716700","58.15601","60984.44","4.29811","15.47604","2693","188900.1","60984.44","21813.3","27443","536700","1099694","","","","","","0","63.97087","191165.2","255612.8"
"596.333333333333","270","","999999","240","LF","1731484","0.1474614","78498.02","716700","58.15601","60984.44","4.29811","15.47604","2693","188900.1","60984.44","21813.3","27443","536700","1099694","","","","","","0","63.97087","191165.2","255612.8"
"596.333333333333","270","","999999","240","CC","1731484","0.1474614","78498.02","716700","58.15601","60984.44","4.29811","15.47604","2693","188900.1","60984.44","21813.3","27443","536700","1099694","","","","","","0","63.97087","191165.2","255612.8"
"596.333333333333","270","2104","999999","360","CC","1733224","0.1363629","35159.38","1278700","79.38907","209.4194","5.010973","11.64862","3","810","209.4194","24.3","94.23875","536700","1099694","0","24.00327","128845.7","2104.004","1788.404","3.220056","92.49407","201837.3","330524.6"
"596.333333333333","270","2104","999999","120","LF","1736492","0.1928087","40981.76","1206700","90.16753","10455.49","4.898683","11.6484","471","32145.92","10455.49","3815.1","4704.969","536700","1099694","0","24.00327","296805.1","2104.004","1788.404","0.02289771","71.73367","36354.61","43997.93"
"","270","1403","999999","360","CC","1745112","0.2068278","91151.44","566750","0","16878.09","3.370834","10.98484","288","64088.35","16878.09","2332.8","7595.141","","","0","16.00598","197185.3","1403.003","1192.552","23.79256","20.28689","630269.4","-1.421085E-13"
"","270","1403","999999","360","CC","1745112","0.2068278","91151.44","566750","0","16878.09","3.370834","10.98484","288","64088.35","16878.09","2332.8","7595.141","","","0","16.00598","197185.3","1403.003","1192.552","23.79256","20.28689","630269.4","-1.421085E-13"
"596.333333333333","270","2104","999999","240","CC","1754161","0.1567656","39563.75","1242700","77.22254","328.5221","4.789074","11.99326","5","1263.083","328.5221","40.5","147.8349","536700","1099694","0","24.00327","128566.3","2104.004","1788.404","2.57686","79.01581","195892.3","212894.1"
"1192.66666666667","270","1403","999999","360","LF","1758228","0.1242634","9133.826","1640150","99.00015","1463.018","5.05028","12.70757","62","4598.984","1463.018","502.2","658.3582","1073400","2199387","0","16.00598","281423","1403.003","1192.552","0.0193454","123.7144","6344.379","441824.4"
"1192.66666666667","270","701","999999","240","LF","1777164","0.1489698","26959.1","1428650","90.90858","10222.1","4.806424","15.24394","438","32008.96","10222.1","3547.8","4599.944","1073400","2199387","0","7.997287","209906.6","701.0014","595.8512","0.2888523","96.0709","51887.9","270136"
"894.5","","1753","999999","948","CC","1796865","0.09789669","20821.1","1527700","84.35373","0","4.641093","11.9593","","","","","","805050","1649541","0","19.99892","109897.9","1753.004","1490.053","5.374716","142.3778","222148.3","767138.6"
"1192.66666666667","270","701","999999","240","CC","1808327","0.1438084","29369.65","1428650","75.2672","5029.416","4.522893","16.00678","83","19170.16","5029.416","672.3","2263.237","1073400","2199387","0","7.997287","92195.87","701.0014","595.8512","6.316737","90.22475","221405","320018.7"
"596.333333333333","","2104","999999","816","CC","1812899","0.1314458","39094.86","1307500","78.64305","0","4.245114","11.75609","","","","","","536700","1099694","0","24.00327","115893.4","2104.004","1788.404","4.753514","100.7822","227851.1","414192.3"
"1192.66666666667","270","1403","999999","240","LF","1828610","0.1553148","17362.96","1604150","98.79841","1463.018","4.527975","13.56323","62","4598.984","1463.018","502.2","658.3582","1073400","2199387","0","16.00598","281423","1403.003","1192.552","0.0193454","102.7366","6344.379","258059.1"
"596.333333333333","270","","999999","120","LF","1834086","0.1959865","89219.44","680700","44.09995","61040.33","2.067656","20.21221","2693","189136.9","61040.33","21813.3","27468.15","536700","1099694","","","","","","0","40.11394","215523.3","71221.06"
"596.333333333333","270","","999999","120","LF","1834086","0.1959865","89219.44","680700","44.09995","61040.33","2.067656","20.21221","2693","189136.9","61040.33","21813.3","27468.15","536700","1099694","","","","","","0","40.11394","215523.3","71221.06"
"596.333333333333","270","","999999","120","CC","1834086","0.1959865","89219.44","680700","44.09995","61040.33","2.067656","20.21221","2693","189136.9","61040.33","21813.3","27468.15","536700","1099694","","","","","","0","40.11394","215523.3","71221.06"
"596.333333333333","270","","999999","120","CC","1834086","0.1959865","89219.44","680700","44.09995","61040.33","2.067656","20.21221","2693","189136.9","61040.33","21813.3","27468.15","536700","1099694","","","","","","0","40.11394","215523.3","71221.06"
"","270","701","999999","120","LF","1845536","0.2187299","118064.9","319250","0","67893.73","","","2561","221588.1","67893.73","20744.1","30552.18","","","0","7.997287","24681.42","701.0014","595.8512","2.940397","2.539282","435959.8","-5.795364E-14"
"","270","701","999999","120","LF","1845536","0.2187299","118064.9","319250","0","67893.73","","","2561","221588.1","67893.73","20744.1","30552.18","","","0","7.997287","24681.42","701.0014","595.8512","2.940397","2.539282","435959.8","-5.795364E-14"
"894.5","270","","999999","300","LF","1881328","0.1371567","67938.65","1003050","66.59661","56304.31","2.913513","17.48042","2490","174308.6","56304.31","20169","25336.94","805050","1649541","","","","","","0","84.19562","180115.4","408363.4"
"894.5","270","","999999","300","CC","1881328","0.1371567","67938.65","1003050","66.59661","56304.31","2.913513","17.48042","2490","174308.6","56304.31","20169","25336.94","805050","1649541","","","","","","0","84.19562","180115.4","408363.4"
"","270","701","999999","240","LF","1893935","0.2244661","119024","355250","0","67893.73","","","2561","221588.1","67893.73","20744.1","30552.18","","","0","7.997287","24681.42","701.0014","595.8512","2.940397","2.539282","435959.8","-5.795364E-14"
"","270","701","999999","240","LF","1893935","0.2244661","119024","355250","0","67893.73","","","2561","221588.1","67893.73","20744.1","30552.18","","","0","7.997287","24681.42","701.0014","595.8512","2.940397","2.539282","435959.8","-5.795364E-14"
"596.333333333333","","2104","999999","1080","CC","1920158","0.13914","41265.32","1386700","78.56947","0","3.370799","12.71197","","","","","","536700","1099694","0","24.00327","115893.4","2104.004","1788.404","4.861637","100.8633","228772","414826.5"
"1192.66666666667","270","1403","999999","360","CC","1936458","0.127012","22920.73","1640150","83.12242","742.1077","3.786978","18.61257","12","2835","742.1077","97.2","333.9485","1073400","2199387","0","16.00598","123133.1","1403.003","1192.552","4.948117","117.1169","196213.3","526687.1"
"","270","701","999999","360","LF","1942334","0.2302023","119983.2","391250","0","67893.73","","","2561","221588.1","67893.73","20744.1","30552.18","","","0","7.997287","24681.42","701.0014","595.8512","2.940397","2.539282","435959.8","-5.795364E-14"
"","270","701","999999","360","LF","1942334","0.2302023","119983.2","391250","0","67893.73","","","2561","221588.1","67893.73","20744.1","30552.18","","","0","7.997287","24681.42","701.0014","595.8512","2.940397","2.539282","435959.8","-5.795364E-14"
"","270","2104","999999","240","CC","1967000","0.2331257","97543.9","706000","0","13750.19","","","222","52537.33","13750.19","1798.2","6187.585","","","0","24.00327","204666.5","2104.004","1788.404","24.72406","21.05657","643667.4","-5.684342E-14"
"","270","2104","999999","240","CC","1967000","0.2331257","97543.9","706000","0","13750.19","","","222","52537.33","13750.19","1798.2","6187.585","","","0","24.00327","204666.5","2104.004","1788.404","24.72406","21.05657","643667.4","-5.684342E-14"
"","270","2104","999999","120","CC","1975003","0.2340741","100947.7","670000","0","30331.78","","","572","113768.3","30331.78","4633.2","13649.3","","","0","24.00327","158593.5","2104.004","1788.404","19.16017","16.31647","572654.8","4.263256E-14"
"","270","2104","999999","120","CC","1975003","0.2340741","100947.7","670000","0","30331.78","","","572","113768.3","30331.78","4633.2","13649.3","","","0","24.00327","158593.5","2104.004","1788.404","19.16017","16.31647","572654.8","4.263256E-14"
"596.333333333333","270","2104","999999","120","CC","1978417","0.2145459","59695.7","1206700","62.42541","13125.33","2.378178","21.57458","437","44337.87","13125.33","3539.7","5906.396","536700","1099694","0","24.00327","100301.4","2104.004","1788.404","2.08557","53.02764","223688","60638.38"
"713.12115583467","","3145","999999","233.47240815942","LF","1978874","0.1854702","37189.88","1498101","99.79916","0","3.084007","13.36614","","","","","","641809.1","1315061","0","35.87941","308160","3145.006","2673.255","0","94.02676","1657.644","172916.8"
"695.667755116939","","3202","999999","234.543258328667","LF","1986205","0.1868654","37844.95","1496964","99.79738","0","3.016682","13.39388","","","","","","626101","1282876","0","36.52969","309274.8","3202.006","2721.705","0","93.66884","1665.952","169805.7"
"704.240447125876","","3195","999999","244.757094216768","LF","1988517","0.1843629","37325.27","1505994","99.80146","0","3.01654","13.41204","","","","","","633816.4","1298684","0","36.44983","308759.2","3195.006","2715.755","0","95.05464","1656.524","181895.1"
"747.736115713822","","3108","999999","219.988488734622","LF","1998488","0.1887896","37325.74","1515959","99.79153","0","2.956814","13.64557","","","","","","672962.5","1378894","0","35.4573","306055.3","3108.006","2641.805","0","93.28206","1707.038","166437"
"1192.66666666667","270","701","999999","120","LF","1999168","0.2145718","46916.8","1392650","81.49683","17910.02","2.761913","17.23459","785","55628.48","17910.02","6358.5","8059.51","1073400","2199387","0","7.997287","209892.5","701.0014","595.8512","0.2888523","67.35395","77725.98","68033.13"
"787.238657347278","","3029","999999","225.029088010861","LF","2000147","0.1856944","36114.7","1533274","99.80173","0","2.983056","13.72981","","","","","","708514.8","1451741","0","34.55603","303783.9","3029.006","2574.655","0","94.92529","1651.992","180830.1"
"757.573883326455","","3101","999999","231.594370386599","LF","2000581","0.1855444","36668.79","1526545","99.8037","0","2.962289","13.65683","","","","","","681816.5","1397036","0","35.37744","305505.8","3101.006","2635.855","0","95.02451","1637.293","181626.9"
"717.319420639805","","3190","999999","223.672405535432","LF","2003286","0.189893","38143.19","1510189","99.79799","0","2.900192","13.61722","","","","","","645587.5","1322803","0","36.39279","307980.5","3190.006","2711.505","0","92.96865","1648.539","163600.1"
"","270","2104","999999","360","CC","2009312","0.2381404","98032.14","742000","0","11859.28","","","190","45350.44","11859.28","1539","5336.676","","","0","24.00327","205764.2","2104.004","1788.404","24.86092","21.1695","651127.1","0"
"","270","2104","999999","360","CC","2009312","0.2381404","98032.14","742000","0","11859.28","","","190","45350.44","11859.28","1539","5336.676","","","0","24.00327","205764.2","2104.004","1788.404","24.86092","21.1695","651127.1","0"
"696.298093214201","","3252","999999","218.910990432605","LF","2010781","0.1928215","39097.93","1505342","99.784","0","2.822748","13.65244","","","","","","626668.3","1284038","0","37.10011","309310.4","3252.007","2764.206","0","91.88631","1742.412","154186.8"
"1192.66666666667","270","2104","999999","360","LF","2021541","0.1431759","15945.94","1815400","99.67912","382.5972","3.430633","19.93183","16","1208.21","382.5972","129.6","172.1687","1073400","2199387","0","24.00327","288133.2","2104.004","1788.404","0.00455306","124.2838","2296.444","439510.4"
"760.470125112993","","3163","999999","251.520589303488","LF","2021897","0.1826085","36454.64","1550629","99.8157","0","2.83434","13.80704","","","","","","684423.1","1402377","0","36.08476","305452.3","3163.006","2688.555","0","97.59281","1578.502","204016.1"
"1192.66666666667","270","1403","999999","240","CC","2022489","0.1635128","32360.36","1604150","80.10681","1322.581","3.088154","20.0594","21","5062.5","1322.581","170.1","595.1614","1073400","2199387","0","16.00598","122881.8","1403.003","1192.552","3.948558","91.65164","185274.7","304117.3"
"1192.66666666667","270","2104","999999","360","CC","2024117","0.1432653","16145.2","1815400","99.47988","1021.334","3.413456","19.97114","16","3915","1021.334","129.6","459.6001","1073400","2199387","0","24.00327","290218.9","2104.004","1788.404","0.4256445","124.5592","1769.408","440219.7"
"757.538068291646","","3159","999999","229.086290993064","LF","2024579","0.1884086","37464.15","1540260","99.80796","0","2.788918","13.88023","","","","","","681784.3","1396970","0","36.03913","305606.3","3159.006","2685.155","0","94.70651","1596.284","178755.8"
"818.619312043939","","3067","999999","255.647776047803","LF","2032274","0.1794378","34969.77","1580202","99.81831","0","2.817624","20.99768","","","","","","736757.4","1509610","0","34.98956","302266.3","3067.006","2606.955","0","99.8296","1591.789","223641.1"
"1192.66666666667","","2104","999999","1080","CC","2034813","0.09010351","8618.302","1923400","89.55795","0","3.416049","13.75883","","","","","","1073400","2199387","0","24.00327","124431.8","2104.004","1788.404","3.40569","182.1793","182412.1","1094314"
"766.011860557923","","3177","999999","238.708685106291","LF","2036193","0.1866504","37201.25","1555273","99.81483","0","2.725442","13.97823","","","","","","689410.7","1412597","0","36.24448","305173.8","3177.006","2700.455","0","96.15369","1562.544","191377.3"
"735.714844906078","","3241","999999","234.74815558188","LF","2036635","0.189321","38198.91","1542818","99.81358","0","2.690469","13.93221","","","","","","662143.4","1356726","0","36.97462","306977.4","3241.007","2754.855","0","94.8167","1551.279","179634.5"
"","270","1125","999999","176.25","LF","2037474","0.2414781","123407.3","442125","0","67849.69","","","2559","221453.1","67849.69","20727.9","30532.36","","","0","12.83445","24815.69","1125.002","956.2519","2.938696","2.553095","435958.1","-5.795364E-14"
"878.984997555835","","2996","999999","297.886317422567","LF","2041657","0.1680053","31885.83","1629452","99.83099","0","2.850274","20.90927","","","","","","791086.5","1620929","0","34.17956","299422","2996.006","2546.605","0","107.1287","1588.81","287581.1"
"1192.66666666667","270","1403","999999","120","LF","2050765","0.2207532","37332.38","1568150","90.76191","10292.14","2.716573","20.155","462","31686.06","10292.14","3742.2","4631.461","1073400","2199387","0","16.00598","276282.8","1403.003","1192.552","0.0193454","74.47526","34699.9","65932.38"
"1192.66666666667","270","","999999","360","CC","2051136","0.1307898","58923.61","1289400","72.20921","52450.17","1.881503","20.72573","2321","162339.5","52450.17","18800.1","23602.57","1073400","2199387","","","","","","0","103.469","174797.5","560446.6"
"1192.66666666667","270","","999999","360","LF","2051136","0.1307898","58923.61","1289400","72.20921","52450.17","1.881503","20.72573","2321","162339.5","52450.17","18800.1","23602.57","1073400","2199387","","","","","","0","103.469","174797.5","560446.6"
"1192.66666666667","270","","999999","360","LF","2051136","0.1307898","58923.61","1289400","72.20921","52450.17","1.881503","20.72573","2321","162339.5","52450.17","18800.1","23602.57","1073400","2199387","","","","","","0","103.469","174797.5","560446.6"
"1192.66666666667","270","","999999","360","CC","2051136","0.1307898","58923.61","1289400","72.20921","52450.17","1.881503","20.72573","2321","162339.5","52450.17","18800.1","23602.57","1073400","2199387","","","","","","0","103.469","174797.5","560446.6"
"1192.66666666667","270","701","999999","120","CC","2053780","0.2166664","51141.28","1392650","60.82538","14397.51","2.235632","20.27061","500","48102.35","14397.51","4050","6478.881","1073400","2199387","0","7.997287","87903.54","701.0014","595.8512","5.247586","56.43669","239142.4","80563.45"
"809.428757340304","","3123","999999","235.695135804803","LF","2053806","0.1868203","36655.28","1579944","99.81644","0","2.638811","21.43299","","","","","","728485.9","1492661","0","35.62843","302817.7","3123.006","2654.555","0","96.89876","1560.985","197901.7"
"713.362593575979","","3340","999999","236.881907429482","LF","2056202","0.1918769","39304.59","1548091","99.81863","0","2.534695","21.98844","","","","","","642026.3","1315506","0","38.10405","308477.7","3340.007","2839.006","0","94.45724","1503.543","176384.1"
"778.499811842535","","3196","999999","222.176339522567","LF","2060371","0.1925122","38218.32","1566303","99.80833","0","2.549568","21.73103","","","","","","700649.8","1435626","0","36.46124","304527","3196.006","2716.605","0","94.32668","1586.893","175370.2"
"772.883260778661","","3252","999999","265.331984442282","LF","2064257","0.1826081","36825.5","1588195","99.82887","0","2.567568","21.76433","","","","","","695594.9","1425268","0","37.10011","304929.2","3252.007","2764.206","0","99.65073","1496.473","221881.1"
"894.5","","3156","999999","652.5","LF","2080050","0.1312736","22452.08","1789800","99.88116","0","2.870693","13.82808","","","","","","805050","1649541","0","36.0049","299060.8","3156.006","2682.605","0","139.7528","1456.503","573095.1"
"797.407055097866","","3271","999999","305.222108659343","LF","2081546","0.17438","35162.44","1626983","99.84239","0","2.518028","21.86968","","","","","","717666.4","1470492","0","37.31687","303674.3","3271.007","2780.355","0","105.241","1455.263","270772.3"
"894.5","","3156","999999","395.480769230769","LF","2090957","0.1542714","29260.25","1712694","99.86108","0","2.640215","21.41605","","","","","","805050","1649541","0","36.0049","299060.8","3156.006","2682.605","0","119.5189","1456.503","395846"
"1192.66666666667","270","2104","999999","240","LF","2091064","0.1777987","24108.58","1779400","99.61477","382.5972","2.900826","20.51743","16","1208.21","382.5972","129.6","172.1687","1073400","2199387","0","24.00327","288133.2","2104.004","1788.404","0.00455306","103.4578","2296.444","257074.9"
"1192.66666666667","270","2104","999999","240","CC","2093247","0.1779073","24277.4","1779400","99.42624","1021.334","2.88564","20.53476","16","3915","1021.334","129.6","459.6001","1073400","2199387","0","24.00327","290154","2104.004","1788.404","0.37085","103.6923","1307.085","257468.5"
"816.744073531588","","3239","999999","239.773087076017","LF","2105305","0.1900885","37791.7","1616752","99.82939","0","2.303022","22.27617","","","","","","735069.7","1506151","0","36.9518","302650.1","3239.007","2753.156","0","97.63339","1461.686","204142.2"
"1789","","1403","999999","816","CC","2121222","0.08251939","-6530.869","2205650","90.18993","0","3.302779","19.0121","","","","","","1610100","3299081","0","16.00598","120445.1","1403.003","1192.552","5.392175","210.4001","195068.5","1336193"
"865.17712938538","","3148","999999","219.868664457466","LF","2121583","0.1953721","37900.79","1631620","99.81407","0","2.211977","22.34077","","","","","","778659.4","1595466","0","35.91364","300258.9","3148.006","2675.805","0","95.71282","1561.817","187443.2"
"","270","1403","999999","120","LF","2125837","0.2519507","126171.7","494750","0","67827.66","","","2558","221385.6","67827.66","20719.8","30522.45","","","0","16.00598","24912.99","1403.003","1192.552","2.938696","2.563106","435937.9","-5.795364E-14"
"","270","1403","999999","120","LF","2125837","0.2519507","126171.7","494750","0","67827.66","","","2558","221385.6","67827.66","20719.8","30522.45","","","0","16.00598","24912.99","1403.003","1192.552","2.938696","2.563106","435937.9","-5.795364E-14"
"1192.66666666667","270","","999999","240","LF","2152465","0.1696438","69546.57","1253400","65.65025","52450.17","0.5540719","23.68047","2321","162339.5","52450.17","18800.1","23602.57","1073400","2199387","","","","","","0","77.02592","174797.5","328804.9"
"1192.66666666667","270","","999999","240","LF","2152465","0.1696438","69546.57","1253400","65.65025","52450.17","0.5540719","23.68047","2321","162339.5","52450.17","18800.1","23602.57","1073400","2199387","","","","","","0","77.02592","174797.5","328804.9"
"1192.66666666667","270","","999999","240","CC","2152465","0.1696438","69546.57","1253400","65.65025","52450.17","0.5540719","23.68047","2321","162339.5","52450.17","18800.1","23602.57","1073400","2199387","","","","","","0","77.02592","174797.5","328804.9"
"1192.66666666667","270","","999999","240","CC","2152465","0.1696438","69546.57","1253400","65.65025","52450.17","0.5540719","23.68047","2321","162339.5","52450.17","18800.1","23602.57","1073400","2199387","","","","","","0","77.02592","174797.5","328804.9"
"1369.6277714108","","2622","999999","667.72952821","LF","2171115","0.1105048","6391.853","2088484","99.90523","0","2.814855","20.61672","","","","","","1232665","2525720","0","29.91282","286403.7","2622.005","2228.704","0","173.3288","1440.321","867192.1"
"981.926898737205","","3268","999999","565.9640424962","LF","2172134","0.1357795","23330.89","1870523","99.9022","0","2.383077","22.03246","","","","","","883734.2","1810764","0","37.28264","296115.9","3268.007","2777.806","0","141.1263","1210.243","584798.6"
"","270","1403","999999","240","LF","2174236","0.2576869","127130.8","530750","0","67827.66","","","2558","221385.6","67827.66","20719.8","30522.45","","","0","16.00598","24912.99","1403.003","1192.552","2.938696","2.563106","435937.9","-5.795364E-14"
"","270","1403","999999","240","LF","2174236","0.2576869","127130.8","530750","0","67827.66","","","2558","221385.6","67827.66","20719.8","30522.45","","","0","16.00598","24912.99","1403.003","1192.552","2.938696","2.563106","435937.9","-5.795364E-14"
"1035.03173053024","","3193","999999","790.305882352941","LF","2182689","0.1206662","16694.5","1966870","99.91211","0","2.504941","21.76885","","","","","","931528.6","1908694","0","36.42701","294398.6","3193.006","2714.055","0","159.5897","1229.79","746557.5"
"1331.94476576846","","2642","999999","534.887979858683","LF","2192878","0.1251289","13394.79","2019717","99.89293","0","2.559715","20.89063","","","","","","1198750","2456229","0","30.14099","287072.3","2642.005","2245.705","0","154.5867","1451.439","703047.8"
"973.920444412253","","3110","999999","244.914467168287","LF","2195569","0.1907067","36206.93","1727503","99.84029","0","1.87892","22.98618","","","","","","876528.4","1795999","0","35.48012","296109.7","3110.006","2643.505","0","101.5004","1422.321","237931.6"
"1000.02351184125","","2999","999999","206.54972067463","LF","2197758","0.2032293","37595.94","1711736","99.79417","0","1.822548","22.99713","","","","","","900021.2","1844136","0","34.21378","295048.8","2999.006","2549.155","0","95.29706","1721.807","183951.7"
"938.162701939998","","3243","999999","273.769594907203","LF","2201909","0.1843102","35945.14","1737227","99.85639","0","1.851918","23.20769","","","","","","844346.4","1730059","0","36.99743","297567.8","3243.007","2756.555","0","105.3432","1327.136","271455.5"
"","270","1403","999999","360","LF","2222635","0.2634231","128090","566750","0","67827.66","","","2558","221385.6","67827.66","20719.8","30522.45","","","0","16.00598","24912.99","1403.003","1192.552","2.938696","2.563106","435937.9","-5.795364E-14"
"","270","1403","999999","360","LF","2222635","0.2634231","128090","566750","0","67827.66","","","2558","221385.6","67827.66","20719.8","30522.45","","","0","16.00598","24912.99","1403.003","1192.552","2.938696","2.563106","435937.9","-5.795364E-14"
"","","2696","999999","585","CC","2223925","0.2637888","106317.8","849500","0","0","","","","","","","","","","0","30.75704","232874.4","2696.005","2291.604","28.17203","23.95866","702049.6","0"
"1050.61850984553","","3102","999999","321.476147681427","LF","2225537","0.1706145","31563.48","1817500","99.86707","0","1.886402","22.89446","","","","","","945556.7","1937437","0","35.38885","293810","3102.006","2636.705","0","115.0329","1341.226","356351.1"
"1059.69807512667","","3039","999999","271.414734016756","LF","2233769","0.1837124","33948.25","1794903","99.85097","0","1.768966","23.11502","","","","","","953728.3","1954181","0","34.67012","293457.6","3039.006","2583.155","0","107.2094","1401.734","287897.6"
"","","2729","999999","585","CC","2237235","0.2653573","106709.2","857750","0","0","","","","","","","","","","0","31.13352","232914","2729.005","2319.655","28.18037","23.96274","702116.1","0"
"1789","270","701","999999","360","LF","2239175","0.1450974","18396.76","2001350","93.92875","8832.243","2.299913","20.49154","377","27694.21","8832.243","3053.7","3974.51","1610100","3299081","0","7.997287","211060.3","701.0014","595.8512","0.2473481","128.2596","44781.3","541070.7"
"","","2761","999999","585","CC","2250056","0.2668754","107082.1","865750","0","0","","","","","","","","","","0","31.49858","232932","2761.006","2346.855","28.18122","23.96459","702113.9","0"
"873.282167394333","","3530","999999","266.570617188533","LF","2261674","0.1941403","39702.05","1748425","99.88857","0","1.412932","24.13964","","","","","","785953.9","1610413","0","40.27164","300570.6","3530.007","3000.506","0","102.7569","1004.119","248476.1"
"1253.83324746188","","3088","999999","710.14984656769","LF","2266907","0.1167643","11867.08","2113495","99.93331","0","2.259683","21.94391","","","","","","1128450","2312184","0","35.22913","289257.6","3088.006","2624.805","0","171.3226","1001.512","849109.1"
"1789","270","701","999999","360","CC","2270822","0.1387677","20844.85","2001350","81.39011","4140.158","2.16072","20.56358","64","15892.33","4140.158","518.4","1863.071","1610100","3299081","0","7.997287","89974.17","701.0014","595.8512","6.584316","124.5417","219679.7","613164.3"
"1274.52140701774","","2709","999999","321.531681127023","LF","2272105","0.1673757","27176.6","1920779","99.86031","0","1.81989","22.52365","","","","","","1147069","2350335","0","30.90535","288223.5","2709.005","2302.655","0","119.7043","1466.758","397476.8"
"1192.66666666667","270","1403","999999","120","CC","2275286","0.2411162","54700.09","1568150","66.2924","12830.28","0.7724189","24.19596","455","42622.75","12830.28","3685.5","5773.625","1073400","2199387","0","16.00598","110923.8","1403.003","1192.552","2.992041","58.38959","203426.7","77274.09"
"999.104856199097","","3295","999999","233.978316409755","LF","2299211","0.2026399","39146.96","1793138","99.86969","0","1.262245","24.16677","","","","","","899194.4","1842442","0","37.59067","295619.3","3295.007","2800.756","0","100.0618","1143.708","225006.7"
"","","2893","999999","585","CC","2302904","0.2731436","108617.4","898750","0","0","","","","","","","","","","0","33.00449","232978.2","2893.006","2459.055","28.18151","23.96934","702074.9","0"
"1789","270","1403","999999","360","LF","2307331","0.1516167","10093.23","2176850","99.47102","901.5289","2.271806","20.73212","39","2813.423","901.5289","315.9","405.688","1610100","3299081","0","16.00598","276130.9","1403.003","1192.552","0.01194256","133.6844","3413.648","524514.3"
"1020.56418679095","","3563","999999","716.038324053949","LF","2312996","0.1318916","22349.77","2024069","99.94922","0","1.762488","23.68794","","","","","","918507.8","1882015","0","40.64812","295440.8","3563.007","3028.556","0","154.7811","688.8831","703893.3"
"912.821347740017","","3745","999999","602.196198735755","LF","2320075","0.1476271","29520.49","1938448","99.95036","0","1.501042","24.12263","","","","","","821539.2","1683327","0","42.72445","299352.9","3745.008","3183.256","0","138.7079","603.5151","563006.1"
"1789","270","1403","999999","360","CC","2320639","0.1523829","11122.71","2176850","98.63443","2552.03","2.193243","20.83303","42","9730.334","2552.03","340.2","1148.414","1610100","3299081","0","16.00598","278857.3","1403.003","1192.552","0.8830932","133.5714","6356.462","525351"
"","","2893","999999","630","CC","2320983","0.2752579","108971.7","912250","0","0","","","","","","","","","","0","33.00449","233057.4","2893.006","2459.055","28.1756","23.97748","702020.4","0"
"1192.66666666667","270","2104","999999","120","LF","2323656","0.2501664","44885.3","1743400","91.28519","9859.229","0.9830993","24.15582","445","30290.48","9859.229","3604.5","4436.653","1073400","2199387","0","24.00327","279923.9","2104.004","1788.404","0.00455306","74.87755","32325.58","65823.01"
"1192.66666666667","270","","999999","120","LF","2331668","0.2447137","86193.51","1217400","49.66606","54906.39","","","2430","169933.8","54906.39","19683","24707.88","1073400","2199387","","","","","","0","45.25814","201049.4","84365.34"
"1192.66666666667","270","","999999","120","LF","2331668","0.2447137","86193.51","1217400","49.66606","54906.39","","","2430","169933.8","54906.39","19683","24707.88","1073400","2199387","","","","","","0","45.25814","201049.4","84365.34"
"1192.66666666667","270","","999999","120","CC","2331668","0.2447137","86193.51","1217400","49.66606","54906.39","","","2430","169933.8","54906.39","19683","24707.88","1073400","2199387","","","","","","0","45.25814","201049.4","84365.34"
"1192.66666666667","270","","999999","120","CC","2331668","0.2447137","86193.51","1217400","49.66606","54906.39","","","2430","169933.8","54906.39","19683","24707.88","1073400","2199387","","","","","","0","45.25814","201049.4","84365.34"
"730.447344423052","","4052","999999","409.517323897857","LF","2332148","0.1847502","41685.47","1793258","99.95061","0","0.9920402","24.46164","","","","","","657402.6","1347012","0","46.22683","308664.2","4052.008","3444.207","0","111.4134","482.3296","323784.9"
"1789","270","701","999999","240","LF","2341778","0.1886682","29118.37","1965350","92.45152","8832.243","1.529548","21.81924","377","27694.21","8832.243","3053.7","3974.51","1610100","3299081","0","7.997287","211060.3","701.0014","595.8512","0.2473481","101.5913","44781.3","307455.8"
"","","3024","999999","562.5","CC","2346365","0.2782115","109968.1","924750","0","0","","","","","","","","","","0","34.49899","233250.2","3024.006","2570.405","28.18921","23.99732","702104.6","0"
"894.5","","3682","999999","900","LF","2370535","0.1460582","29006.75","1995550","99.94162","0","1.298884","24.26215","","","","","","805050","1649541","0","42.00572","299955","3682.007","3129.706","0","143.2345","732.9397","602788.6"
"1789","270","701","999999","240","CC","2385882","0.1838861","32530","1965350","77.00558","4126.47","1.312536","22.4539","65","15808.5","4126.47","526.5","1856.912","1610100","3299081","0","7.997287","89992.14","701.0014","595.8512","6.077033","94.62419","214976.4","350977.8"
"","","3156","999999","540","CC","2389920","0.2834812","111306.7","951000","0","0","","","","","","","","","","0","36.0049","233027.6","3156.006","2682.605","28.17123","23.97442","701897.2","0"
"1374.47865803236","","3132","999999","603.168042796721","LF","2398442","0.1279192","15274.41","2200981","99.95032","0","1.636389","23.30679","","","","","","1237031","2534666","0","35.7311","287192.4","3132.006","2662.205","0","165.4849","720.6574","797689.6"
"1789","270","1403","999999","240","LF","2404291","0.1952963","20378.3","2140850","99.34611","901.5289","1.618288","22.18103","39","2813.423","901.5289","315.9","405.688","1610100","3299081","0","16.00598","276130.9","1403.003","1192.552","0.01194256","108.0128","3413.648","299630.4"
"","270","2104","999999","120","LF","2405984","0.2851533","134286","670000","0","67783.63","","","2556","221250.6","67783.63","20703.6","30502.63","","","0","24.00327","25158.34","2104.004","1788.404","2.938696","2.588348","435851.8","-5.795364E-14"
"","270","2104","999999","120","LF","2405984","0.2851533","134286","670000","0","67783.63","","","2556","221250.6","67783.63","20703.6","30502.63","","","0","24.00327","25158.34","2104.004","1788.404","2.938696","2.588348","435851.8","-5.795364E-14"
"","","3156","999999","585","CC","2408192","0.2856317","111675.9","964500","0","0","","","","","","","","","","0","36.0049","233070.3","3156.006","2682.605","28.18151","23.97881","701991.9","0"
"1789","270","1403","999999","240","CC","2417074","0.1962783","21367.16","2140850","98.38344","2552.03","1.538659","22.42159","42","9730.334","2552.03","340.2","1148.414","1610100","3299081","0","16.00598","278639.3","1403.003","1192.552","0.7872028","107.813","5668.726","299904.1"
"","","3156","999999","630","CC","2427321","0.2877478","112111.3","978000","0","0","","","","","","","","","","0","36.0049","233454.5","3156.006","2682.605","28.2637","24.01834","702749.8","0"
"","270","2104","999999","240","LF","2454384","0.2908895","135245.1","706000","0","67783.63","","","2556","221250.6","67783.63","20703.6","30502.63","","","0","24.00327","25158.34","2104.004","1788.404","2.938696","2.588348","435851.8","-5.795364E-14"
"","270","2104","999999","240","LF","2454384","0.2908895","135245.1","706000","0","67783.63","","","2556","221250.6","67783.63","20703.6","30502.63","","","0","24.00327","25158.34","2104.004","1788.404","2.938696","2.588348","435851.8","-5.795364E-14"
"1243.22287575096","","3122","999999","238.833277993604","LF","2460349","0.2085591","37849.38","1971051","99.8938","0","0.6186593","24.54239","","","","","","1118901","2292618","0","35.61702","289516.9","3122.006","2653.705","0","104.0608","969.0877","259863"
"","","3156","999999","720","CC","2463924","0.2920572","112854.1","1005000","0","0","","","","","","","","","","0","36.0049","233528.2","3156.006","2682.605","28.28914","24.02592","702984.4","0"
"1192.66666666667","270","2104","999999","120","CC","2468601","0.2636541","56097.44","1743400","75.77445","12764.43","","","455","42343.7","12764.43","3685.5","5743.992","1073400","2199387","0","24.00327","176942.6","2104.004","1788.404","1.525279","64.25539","133115","71592.81"
"894.5","","4104","999999","733.618421052631","LF","2477156","0.1536319","32954.51","2051136","99.98417","0","0.7278313","24.59222","","","","","","805050","1649541","0","46.82006","300549.2","4104.008","3488.407","0","142.3587","197.4229","594581.1"
"894.5","","4067","999999","255.647776047803","LF","2499810","0.217007","46514.43","1898494","99.97466","0","0.07447696","24.95626","","","","","","805050","1649541","0","46.39795","300517.8","4067.008","3456.957","0","101.696","225.7672","238404.6"
"","270","2104","999999","360","LF","2502783","0.2966257","136204.3","742000","0","67783.63","","","2556","221250.6","67783.63","20703.6","30502.63","","","0","24.00327","25158.34","2104.004","1788.404","2.938696","2.588348","435851.8","-5.795364E-14"
"","270","2104","999999","360","LF","2502783","0.2966257","136204.3","742000","0","67783.63","","","2556","221250.6","67783.63","20703.6","30502.63","","","0","24.00327","25158.34","2104.004","1788.404","2.938696","2.588348","435851.8","-5.795364E-14"
"1093.39334119247","","3542","999999","198.985075961029","LF","2510093","0.2332141","44930.74","1929250","99.87976","0","0.1088373","24.92705","","","","","","984054","2016318","0","40.40854","293394.4","3542.007","3010.706","0","94.92776","1001.075","179913.2"
"","","3419","999999","585","CC","2514276","0.298085","114795.9","1030250","0","0","","","","","","","","","","0","39.00531","233475.8","3419.007","2906.156","28.24829","24.02054","702524.8","0"
"1789","270","","999999","360","LF","2536758","0.1540678","54972.5","1826100","75.36381","46875.73","","","2073","145120.1","46875.73","16791.3","21094.08","1610100","3299081","","","","","","0","112.967","168660.1","620976.9"
"1789","270","","999999","360","LF","2536758","0.1540678","54972.5","1826100","75.36381","46875.73","","","2073","145120.1","46875.73","16791.3","21094.08","1610100","3299081","","","","","","0","112.967","168660.1","620976.9"
"1789","270","","999999","360","CC","2536758","0.1540678","54972.5","1826100","75.36381","46875.73","","","2073","145120.1","46875.73","16791.3","21094.08","1610100","3299081","","","","","","0","112.967","168660.1","620976.9"
"1789","270","","999999","360","CC","2536758","0.1540678","54972.5","1826100","75.36381","46875.73","","","2073","145120.1","46875.73","16791.3","21094.08","1610100","3299081","","","","","","0","112.967","168660.1","620976.9"
"1212.28471229436","","3530","999999","309.930982845026","LF","2549910","0.1932098","37391.1","2066536","99.96101","0","0.2862182","24.80293","","","","","","1091056","2235565","0","40.27164","290813.8","3530.007","3000.506","0","116.4949","398.0994","368215.1"
"","","3682","999999","450","CC","2565789","0.3041384","116827.4","1055500","0","0","","","","","","","","","","0","42.00572","233696","3682.007","3129.706","28.30479","24.04318","702962.9","0"
"1306.00225360577","","3640","999999","523.990384615384","LF","2575360","0.1495685","25740.51","2242599","99.99214","0","0.6391851","24.56462","","","","","","1175402","2408389","0","41.52657","289182.9","3640.007","3094.006","0","152.0353","104.737","679255.4"
"1789","270","2104","999999","360","LF","2577479","0.1695425","17434.01","2352100","99.84481","176.1714","1.069049","24.13218","8","540","176.1714","64.8","79.27711","1610100","3299081","0","24.00327","279774.9","2104.004","1788.404","0","134.0364","1285","523305.2"
"1789","270","2104","999999","360","CC","2581241","0.169702","17725.04","2352100","99.65775","833.9355","1.0461","24.14881","14","3172.5","833.9355","113.4","375.271","1610100","3299081","0","24.00327","280872.4","2104.004","1788.404","0.2687729","134.1376","854.327","523915.3"
"1789","270","701","999999","120","LF","2586530","0.275261","50835.7","1929350","82.89363","16754.45","","","735","52022.51","16754.45","5953.5","7539.501","1610100","3299081","0","7.997287","211060.3","701.0014","595.8512","0.2473481","69.04235","72318.77","74193.03"
"","","3682","999999","540","CC","2601966","0.3083807","117537.3","1082500","0","0","","","","","","","","","","0","42.00572","233803.9","3682.007","3129.706","28.29452","24.05429","702868.1","0"
"1688.36875","","3156","999999","740.25","LF","2608101","0.1169496","5994.474","2530607","99.99215","0","1.155842","24.1028","","","","","","1519532","3113508","0","36.0049","282785.1","3156.006","2682.605","0","196.912","135.3698","1072406"
"1396.8481092854","","3680","999999","657.757593794917","LF","2617948","0.1333383","18832.48","2374491","100","0","0.7275103","24.50114","","","","","","1257163","2575917","0","41.9829","287592.3","3680.007","3128.006","0","173.3751","0","866087.6"
"894.5","","4529","999999","540","LF","2622345","0.1741314","40459.78","2099300","100","0","","","","","","","","805050","1649541","0","51.66863","300768.3","4529.009","3849.658","0","132.9822","0","512245.3"
"","","3682","999999","630","CC","2638755","0.3127506","118294.5","1109500","0","0","","","","","","","","","","0","42.00572","233781.3","3682.007","3129.706","28.33562","24.05197","703247.1","0"
"1789","270","701","999999","120","CC","2653382","0.2780268","56007.02","1929350","62.10944","13961.62","","","494","46410.06","13961.62","4001.4","6282.728","1610100","3299081","0","7.997287","86408.56","701.0014","595.8512","5.037566","57.64484","233313.5","85562.34"
"1789","270","1403","999999","120","LF","2653576","0.2829573","42446.31","2104850","91.26579","9923.988","","","448","30487.45","9923.988","3628.8","4465.794","1610100","3299081","0","16.00598","271941.1","1403.003","1192.552","0.01194256","75.59126","32873.14","72751.5"
"1789","270","","999999","240","LF","2658706","0.2036035","67190.48","1790100","68.93614","46875.73","","","2073","145120.1","46875.73","16791.3","21094.08","1610100","3299081","","","","","","0","82.88232","168660.1","357434.7"
"1789","270","","999999","240","LF","2658706","0.2036035","67190.48","1790100","68.93614","46875.73","","","2073","145120.1","46875.73","16791.3","21094.08","1610100","3299081","","","","","","0","82.88232","168660.1","357434.7"
"1789","270","","999999","240","CC","2658706","0.2036035","67190.48","1790100","68.93614","46875.73","","","2073","145120.1","46875.73","16791.3","21094.08","1610100","3299081","","","","","","0","82.88232","168660.1","357434.7"
"1789","270","","999999","240","CC","2658706","0.2036035","67190.48","1790100","68.93614","46875.73","","","2073","145120.1","46875.73","16791.3","21094.08","1610100","3299081","","","","","","0","82.88232","168660.1","357434.7"
"1789","270","2104","999999","240","LF","2674051","0.2173475","27689.08","2316100","99.80824","176.1714","0.4100413","24.65908","8","540","176.1714","64.8","79.27711","1610100","3299081","0","24.00327","279774.9","2104.004","1788.404","0","108.4332","1285","299021.2"
"1789","270","2104","999999","240","CC","2677674","0.2175689","27969.35","2316100","99.60356","833.9355","0.386441","24.6779","14","3172.5","833.9355","113.4","375.271","1610100","3299081","0","24.00327","280872.4","2104.004","1788.404","0.2413756","108.5013","601.6954","299341.2"
"1656.07457091117","","3022","999999","409.517323897857","LF","2697421","0.1673883","25418.55","2368822","99.96819","0","0.2427333","24.79866","","","","","","1490467","3053954","0","34.47618","282949.3","3022.006","2568.705","0","142.2546","396.6296","593868.4"
"","","4208","999999","360","CC","2740188","0.3248876","122234.5","1160000","0","0","","","","","","","","","","0","48.00653","233709.3","4208.008","3576.807","28.31507","24.04456","702891.7","0"
"1789","270","1403","999999","120","CC","2798418","0.2962728","53650.53","2104850","76.00527","12712.12","","","462","41941.31","12712.12","3742.2","5720.455","1610100","3299081","0","16.00598","178447.9","1403.003","1192.552","2.305847","65.82079","133374.6","77965.29"
"","","4208","999999","540","CC","2813277","0.3334249","123711","1214000","0","0","","","","","","","","","","0","48.00653","233988","4208.008","3576.807","28.35616","24.07323","703270.6","0"
"1669.40370264659","","3156","999999","255.647776047803","LF","2878498","0.228552","39477.06","2368158","99.98273","0","","","","","","","","1502463","3078535","0","36.0049","283013.2","3156.006","2682.605","0","111.1954","168.2298","321561.1"
"","","4208","999999","720","CC","2885875","0.3420292","125149.7","1268000","0","0","","","","","","","","","","0","48.00653","233988","4208.008","3576.807","28.35616","24.07323","703270.6","0"
"1789","270","","999999","120","CC","2896999","0.3025023","88408.21","1754100","51.70905","52107.46","","","2308","161222.8","52107.46","18694.8","23448.36","1610100","3299081","","","","","","0","47.12098","196519.5","88127.62"
"1789","270","","999999","120","LF","2896999","0.3025023","88408.21","1754100","51.70905","52107.46","","","2308","161222.8","52107.46","18694.8","23448.36","1610100","3299081","","","","","","0","47.12098","196519.5","88127.62"
"1789","270","","999999","120","LF","2896999","0.3025023","88408.21","1754100","51.70905","52107.46","","","2308","161222.8","52107.46","18694.8","23448.36","1610100","3299081","","","","","","0","47.12098","196519.5","88127.62"
"1789","270","","999999","120","CC","2896999","0.3025023","88408.21","1754100","51.70905","52107.46","","","2308","161222.8","52107.46","18694.8","23448.36","1610100","3299081","","","","","","0","47.12098","196519.5","88127.62"
"2124.4375","","3156","999999","900","LF","2899294","0.1084294","-5546.272","2970994","100","0","0.6190923","24.4773","","","","","","1911994","3917659","0","36.0049","278399.4","3156.006","2682.605","0","236.1163","0","1415701"
"1789","270","2104","999999","120","LF","2929746","0.3124559","50252.94","2280100","91.59785","9724.093","","","439","29872.73","9724.093","3555.9","4375.842","1610100","3299081","0","24.00327","274427.7","2104.004","1788.404","0","75.84156","31069.25","72635.63"
"894.5","","5260","999999","900","LF","3002565","0.1851381","47380.71","2390050","100","0","","","","","","","","805050","1649541","0","60.00817","300768.3","5260.011","4471.009","0","143.2113","0","601852.7"
"1789","","4208","999999","1080","LF","3021462","0.1107814","2735.434","2986100","100","0","0.06387645","24.95568","","","","","","1610100","3299081","0","48.00653","281635.6","4208.008","3576.807","0","240.8414","0","1457093"
"","","4208","999999","1080","CC","3030509","0.359171","127983.5","1376000","0","0","","","","","","","","","","0","48.00653","233988","4208.008","3576.807","28.30888","24.07323","702834.6","0"
"2061.54296875","","3156","999999","540","LF","3041321","0.1543832","18173.01","2806389","100","0","","","","","","","","1855389","3801675","0","36.0049","278923.6","3156.006","2682.605","0","173.9574","0","871188.6"
"1789","270","2104","999999","120","CC","3064037","0.3245684","60640.96","2280100","77.42963","12195.5","","","452","40010.22","12195.5","3661.2","5487.977","1610100","3299081","0","24.00327","180648.9","2104.004","1788.404","1.34944","65.96741","124810.4","77573.43"
"1789","","4208","999999","720","LF","3121178","0.1394887","18803.13","2878100","100","0","","","","","","","","1610100","3299081","0","48.00653","281635.6","4208.008","3576.807","0","197.5878","0","1078191"
"1789","","4208","999999","360","LF","3335174","0.2195354","43710.96","2770100","100","0","","","","","","","","1610100","3299081","0","48.00653","281635.6","4208.008","3576.807","0","134.1513","0","522486.6"
"3578","","2104","999999","1080","LF","3646075","0.1049349","-32807.96","4070200","100","0","","","","","","","","3220200","6598162","0","24.00327","271197","2104.004","1788.404","0","306.8219","0","2035082"
"1789","","6312","999999","1080","LF","3865306","0.1417916","27322.06","3512100","100","0","","","","","","","","1610100","3299081","0","72.0098","281635.6","6312.013","5365.211","0","240.7212","0","1456039"
"3578","","2104","999999","720","LF","3923441","0.1492098","-2998.196","3962200","100","0","","","","","","","","3220200","6598162","0","24.00327","271197","2104.004","1788.404","0","232.1937","0","1381339"
"1789","","6312","999999","720","LF","3965022","0.1773089","43389.75","3404100","100","0","","","","","","","","1610100","3299081","0","72.0098","281635.6","6312.013","5365.211","0","197.4676","0","1077138"
"1789","","6312","999999","360","LF","4178718","0.2751989","68274.34","3296100","100","0","","","","","","","","1610100","3299081","0","72.0098","281635.6","6312.013","5365.211","0","134.0841","0","521897.9"
"3578","","2104","999999","360","LF","4265594","0.2577745","31823.13","3854200","100","0","","","","","","","","3220200","6598162","0","24.00327","271197","2104.004","1788.404","0","146.1236","0","627364.3"
"3578","","4208","999999","1080","LF","4489680","0.129247","-8239.778","4596200","100","0","","","","","","","","3220200","6598162","0","48.00653","271197","4208.008","3576.807","0","306.7437","0","2034397"
"3578","","4208","999999","720","LF","4767007","0.1813465","21566.9","4488200","100","0","","","","","","","","3220200","6598162","0","48.00653","271197","4208.008","3576.807","0","232.1226","0","1380716"
"3578","","4208","999999","360","LF","5108927","0.3088015","56370.22","4380200","100","0","","","","","","","","3220200","6598162","0","48.00653","271197","4208.008","3576.807","0","146.0936","0","627101.3"
"3578","","6312","999999","1080","LF","5333274","0.1535701","16327.5","5122200","100","0","","","","","","","","3220200","6598162","0","72.0098","271197","6312.013","5365.211","0","306.6677","0","2033730"
"5367","","2104","999999","1080","LF","5337380","0.1413972","-26526.35","5680300","100","0","","","","","","","","4830300","9897243","0","24.00327","266815.3","2104.004","1788.404","0","333.3251","0","2267249"
"3578","","6312","999999","720","LF","5610571","0.2135026","46131.91","5014200","100","0","","","","","","","","3220200","6598162","0","72.0098","271197","6312.013","5365.211","0","232.0517","0","1380094"
"5367","","2104","999999","720","LF","5683232","0.2035072","8581.029","5572300","100","0","","","","","","","","4830300","9897243","0","24.00327","266815.3","2104.004","1788.404","0","246.6019","0","1507554"
"3578","","6312","999999","360","LF","5952259","0.3598489","80917.23","4906200","100","0","","","","","","","","3220200","6598162","0","72.0098","271197","6312.013","5365.211","0","146.0638","0","626840"
"5367","","2104","999999","360","LF","6085406","0.3584079","48045.28","5464300","100","0","","","","","","","","4830300","9897243","0","24.00327","266815.3","2104.004","1788.404","0","149.9315","0","660721.2"
"5367","","4208","999999","1080","LF","6180543","0.1637342","-1992.401","6206300","100","0","","","","","","","","4830300","9897243","0","48.00653","266815.3","4208.008","3576.807","0","333.3251","0","2267249"
"5367","","4208","999999","720","LF","6526395","0.2336995","33114.98","6098300","100","0","","","","","","","","4830300","9897243","0","48.00653","266815.3","4208.008","3576.807","0","246.6019","0","1507554"
"5367","","4208","999999","360","LF","6928569","0.4080671","72579.23","5990300","100","0","","","","","","","","4830300","9897243","0","48.00653","266815.3","4208.008","3576.807","0","149.9315","0","660721.2"
"5367","","6312","999999","1080","LF","7024143","0.1861258","22575.3","6732300","100","0","","","","","","","","4830300","9897243","0","72.0098","266815.3","6312.013","5365.211","0","333.248","0","2266574"
"5367","","6312","999999","720","LF","7369761","0.2639375","57664.68","6624300","100","0","","","","","","","","4830300","9897243","0","72.0098","266815.3","6312.013","5365.211","0","246.5659","0","1507239"
"5367","","6312","999999","360","LF","7771732","0.4577263","97113.18","6516300","100","0","","","","","","","","4830300","9897243","0","72.0098","266815.3","6312.013","5365.211","0","149.9315","0","660721.2"